check,rule,test 2011-2018 trades_per_year,test 2011-2018 trend_share,test 2011-2018 mean_R,train 2019-2025 trades_per_year,train 2019-2025 trend_share,train 2019-2025 mean_R,test 2026 trades_per_year,test 2026 trend_share,test 2026 mean_R
09:45,all signals (>= 1%),123.5521,0.1159,-0.0679,115.2217,0.2014,0.1181,140.0583,0.2923,0.1317
09:45,move + gap (I1 top tercile & I2),19.9107,0.1772,0.1156,19.2989,0.2917,0.3570,24.7162,0.2273,-0.2097
09:45,cascade rule (2-3% with the gap),15.6912,0.1371,0.0429,14.5814,0.2406,0.4187,20.5968,0.3333,0.5145
09:45,B1 selected: I2+I6b+I8 >= 3 (best of 6361),9.3620,0.2603,0.1382,10.0068,0.3953,0.7853,16.4774,0.3158,-0.6456
09:45,"B2 logistic, top third",29.9320,0.2533,-0.1133,39.7415,0.3333,0.0729,78.2679,0.3562,0.2565
10:00,all signals (>= 1%),137.2654,0.1250,-0.0027,127.0870,0.2265,0.1301,156.5357,0.3289,-0.1750
10:00,move + gap (I1 top tercile & I2),23.3391,0.1711,0.0296,21.4432,0.2926,0.2446,15.1043,0.5000,-0.5110
10:00,cascade rule (3-4% with the gap),8.3071,0.2222,0.2712,9.8639,0.3086,0.2792,12.3581,0.3846,0.3850
10:00,B1 selected: I2+I4+I5b+I8+I9 >= 4 & stage1>=2 (best of 6780),8.9664,0.2609,0.2387,10.7216,0.3780,0.7279,30.2086,0.4783,-0.6018
10:00,"B2 logistic, top third",38.2392,0.2509,0.0500,45.1738,0.3892,0.1421,89.2528,0.4048,-0.0728
