variant,period,side,case,n_trades,n_days_traded,period_days,trades_per_day,mean_gross_bps,t_gross,mean_net_bps,t_net,median_net_bps,win_rate,profit_factor,quarters_positive,n_quarters,total_pct,max_dd_pct,mean_cost_bps,skipped_bearish
S5-01,pre,all,A,213,213,757,0.2814,-8.2228,-0.2816,-17.3982,-0.5964,-49.9751,0.4742,0.8998,0.5455,11,-37.0581,101.0790,9.1754,55
S5-01,pre,all,B,213,213,757,0.2814,-8.2228,-0.2816,-19.1773,-0.6575,-50.4325,0.4742,0.8902,0.5455,11,-40.8477,102.3597,10.9546,55
S5-01,pre,bull,A,134,134,757,0.1770,9.6753,0.2993,-1.7373,-0.0538,-41.8971,0.4851,0.9884,0.4545,11,-2.3279,39.9479,11.4125,0
S5-01,pre,bull,B,134,134,757,0.1770,9.6753,0.2993,-2.4593,-0.0761,-42.9873,0.4851,0.9836,0.4545,11,-3.2954,40.1246,12.1345,0
S5-01,pre,bear,A,79,79,757,0.1044,-38.5814,-0.6813,-43.9623,-0.7770,-133.2723,0.4557,0.7955,0.6250,8,-34.7302,82.3293,5.3808,55
S5-01,pre,bear,B,79,79,757,0.1044,-38.5814,-0.6813,-47.5345,-0.8406,-135.8790,0.4557,0.7808,0.6250,8,-37.5523,83.4957,8.9531,55
S5-01,dev,all,A,226,226,689,0.3280,16.1573,0.5910,11.1551,0.4082,-74.2059,0.4602,1.0729,0.6364,11,25.2106,52.0338,5.0022,53
S5-01,dev,all,B,226,226,689,0.3280,16.1573,0.5910,8.0686,0.2953,-76.2045,0.4602,1.0522,0.6364,11,18.2351,53.2026,8.0887,53
S5-01,dev,bull,A,126,126,689,0.1829,47.0967,1.2784,42.3243,1.1497,12.9413,0.5159,1.2984,0.8182,11,53.3287,42.3513,4.7723,0
S5-01,dev,bull,B,126,126,689,0.1829,47.0967,1.2784,39.1242,1.0633,8.5444,0.5159,1.2728,0.8182,11,49.2965,42.7162,7.9725,0
S5-01,dev,bear,A,100,100,689,0.1451,-22.8263,-0.5615,-28.1181,-0.6918,-136.1246,0.3900,0.8316,0.3333,9,-28.1181,61.8577,5.2918,53
S5-01,dev,bear,B,100,100,689,0.1451,-22.8263,-0.5615,-31.0614,-0.7643,-140.0181,0.3900,0.8158,0.3333,9,-31.0614,64.4468,8.2352,53
S5-01,val,all,A,93,93,314,0.2962,66.9690,1.1024,62.5162,1.0301,-31.7999,0.4409,1.4706,0.6000,5,58.1401,29.7509,4.4528,22
S5-01,val,all,B,93,93,314,0.2962,66.9690,1.1024,59.5775,0.9824,-33.4490,0.4409,1.4431,0.6000,5,55.4070,30.1546,7.3915,22
S5-01,val,bull,A,65,65,314,0.2070,64.0174,0.7931,59.6675,0.7402,-31.7999,0.4308,1.4425,0.6000,5,38.7839,21.6337,4.3499,0
S5-01,val,bull,B,65,65,314,0.2070,64.0174,0.7931,56.7750,0.7049,-33.4490,0.4308,1.4161,0.6000,5,36.9038,22.3733,7.2424,0
S5-01,val,bear,A,28,28,314,0.0892,73.8210,0.9601,69.1293,0.8985,-48.2047,0.4643,1.5392,1.0000,3,19.3562,14.6721,4.6917,22
S5-01,val,bear,B,28,28,314,0.0892,73.8210,0.9601,66.0832,0.8586,-51.2326,0.4643,1.5087,1.0000,3,18.5033,14.8560,7.7378,22
S5-02,pre,all,A,89,89,757,0.1176,-48.2752,-1.1082,-57.6580,-1.3214,-14.9798,0.4944,0.6821,0.5833,12,-51.3156,81.1122,9.3827,20
S5-02,pre,all,B,89,89,757,0.1176,-48.2752,-1.1082,-58.9968,-1.3517,-16.4706,0.4944,0.6760,0.5833,12,-52.5072,81.5936,10.7216,20
S5-02,pre,bull,A,63,63,757,0.0832,0.9888,0.0246,-10.3676,-0.2557,22.7058,0.5238,0.9230,0.4167,12,-6.5316,31.4446,11.3563,0
S5-02,pre,bull,B,63,63,757,0.0832,0.9888,0.0246,-11.0747,-0.2732,22.4519,0.5238,0.9180,0.4167,12,-6.9771,31.5728,12.0635,0
S5-02,pre,bear,A,26,26,757,0.0343,-167.6457,-1.5097,-172.2462,-1.5517,-142.2363,0.4231,0.4152,0.4286,7,-44.7840,58.0476,4.6005,20
S5-02,pre,bear,B,26,26,757,0.0343,-167.6457,-1.5097,-175.1159,-1.5776,-143.9375,0.4231,0.4088,0.4286,7,-45.5301,58.3543,7.4702,20
S5-02,dev,all,A,51,51,689,0.0740,117.9500,1.6624,112.8442,1.5924,51.5115,0.5490,1.9680,0.6364,11,57.5506,12.2913,5.1058,11
S5-02,dev,all,B,51,51,689,0.0740,117.9500,1.6624,109.8639,1.5518,49.1892,0.5490,1.9325,0.6364,11,56.0306,12.4090,8.0861,11
S5-02,dev,bull,A,23,23,689,0.0334,191.1673,1.4377,186.3531,1.4044,156.7277,0.6087,2.6983,0.6364,11,42.8612,10.2054,4.8143,0
S5-02,dev,bull,B,23,23,689,0.0334,191.1673,1.4377,183.1295,1.3821,155.2657,0.6087,2.6535,0.6364,11,42.1198,10.3597,8.0378,0
S5-02,dev,bear,A,28,28,689,0.0406,57.8072,0.8300,52.4620,0.7530,-35.5113,0.5000,1.4293,0.4000,10,14.6894,9.3118,5.3452,11
S5-02,dev,bear,B,28,28,689,0.0406,57.8072,0.8300,49.6814,0.7128,-37.0759,0.5000,1.4019,0.4000,10,13.9108,9.4137,8.1257,11
S5-02,val,all,A,32,32,314,0.1019,271.9000,1.6926,266.8217,1.6629,35.0853,0.5312,3.2411,0.8000,5,85.3829,14.2460,5.0783,3
S5-02,val,all,B,32,32,314,0.1019,271.9000,1.6926,263.4734,1.6433,32.5440,0.5312,3.1847,0.8000,5,84.3115,14.3582,8.4266,3
S5-02,val,bull,A,19,19,314,0.0605,266.7350,1.0459,261.1362,1.0253,-46.9662,0.4737,2.8882,0.6000,5,49.6159,11.3951,5.5989,0
S5-02,val,bull,B,19,19,314,0.0605,266.7350,1.0459,257.4004,1.0116,-49.5980,0.4737,2.8372,0.6000,5,48.9061,11.5537,9.3346,0
S5-02,val,bear,A,13,13,314,0.0414,279.4488,1.9058,275.1313,1.8761,320.8625,0.6154,4.0254,1.0000,3,35.7671,9.8956,4.3175,3
S5-02,val,bear,B,13,13,314,0.0414,279.4488,1.9058,272.3493,1.8571,317.7895,0.6154,3.9576,1.0000,3,35.4054,9.9722,7.0995,3
S5-03,pre,all,A,162,162,757,0.2140,17.1461,0.6179,8.4086,0.3025,28.4410,0.5123,1.0623,0.7500,12,13.6219,61.5664,8.7375,44
S5-03,pre,all,B,162,162,757,0.2140,17.1461,0.6179,6.7944,0.2446,27.5220,0.5123,1.0501,0.7500,12,11.0070,62.1529,10.3516,44
S5-03,pre,bull,A,113,113,757,0.1493,6.6641,0.2267,-3.5609,-0.1207,10.2670,0.5044,0.9725,0.5833,12,-4.0238,43.9389,10.2250,0
S5-03,pre,bull,B,113,113,757,0.1493,6.6641,0.2267,-4.3584,-0.1477,9.7738,0.5044,0.9664,0.5833,12,-4.9249,44.0856,11.0225,0
S5-03,pre,bear,A,49,49,757,0.0647,41.3187,0.6641,36.0116,0.5795,65.2489,0.5306,1.2439,0.6250,8,17.6457,43.5201,5.3071,44
S5-03,pre,bear,B,49,49,757,0.0647,41.3187,0.6641,32.5141,0.5237,63.8248,0.5306,1.2180,0.6250,8,15.9319,44.1526,8.8046,44
S5-03,dev,all,A,185,185,689,0.2685,18.1978,0.5805,12.9940,0.4149,-134.7530,0.4216,1.0804,0.5455,11,24.0390,33.5677,5.2038,42
S5-03,dev,all,B,185,185,689,0.2685,18.1978,0.5805,9.7244,0.3108,-138.4652,0.4216,1.0595,0.4545,11,17.9901,33.7192,8.4734,42
S5-03,dev,bull,A,114,114,689,0.1655,59.7411,1.4150,54.8568,1.3011,-77.6241,0.4474,1.3688,0.5455,11,62.5367,19.8031,4.8843,0
S5-03,dev,bull,B,114,114,689,0.1655,59.7411,1.4150,51.5892,1.2248,-79.7336,0.4474,1.3429,0.5455,11,58.8117,19.9563,8.1519,0
S5-03,dev,bear,A,71,71,689,0.1030,-48.5055,-1.0829,-54.2222,-1.2110,-179.5082,0.3803,0.7024,0.5000,10,-38.4977,47.3793,5.7166,42
S5-03,dev,bear,B,71,71,689,0.1030,-48.5055,-1.0829,-57.4951,-1.2844,-182.5935,0.3803,0.6877,0.4000,10,-40.8215,49.0878,8.9895,42
S5-03,val,all,A,68,68,314,0.2166,90.2593,1.9076,85.6945,1.8135,42.5311,0.5147,1.7921,0.8000,5,58.2723,18.9867,4.5648,18
S5-03,val,all,B,68,68,314,0.2166,90.2593,1.9076,82.6861,1.7515,39.1459,0.5147,1.7543,0.8000,5,56.2266,19.2659,7.5732,18
S5-03,val,bull,A,49,49,314,0.1561,51.9296,1.0002,47.5292,0.9173,-40.1734,0.4490,1.4279,0.6000,5,23.2893,17.4735,4.4004,0
S5-03,val,bull,B,49,49,314,0.1561,51.9296,1.0002,44.6161,0.8623,-42.5013,0.4490,1.3960,0.6000,5,21.8619,17.8579,7.3134,0
S5-03,val,bear,A,19,19,314,0.0605,189.1097,1.8426,184.1209,1.7939,267.7597,0.6842,2.8275,1.0000,3,34.9830,5.6375,4.9888,18
S5-03,val,bear,B,19,19,314,0.0605,189.1097,1.8426,180.8667,1.7622,261.9807,0.6842,2.7771,1.0000,3,34.3647,5.6667,8.2430,18
S5-04,pre,all,A,335,335,757,0.4425,15.2862,0.7418,6.2393,0.3030,11.8304,0.5075,1.0438,0.6667,12,20.9018,100.0929,9.0468,90
S5-04,pre,all,B,335,335,757,0.4425,15.2862,0.7418,4.6539,0.2260,9.7738,0.5075,1.0325,0.5833,12,15.5904,100.5038,10.6323,90
S5-04,pre,bull,A,230,230,757,0.3038,29.4580,1.3321,18.6515,0.8433,26.6872,0.5217,1.1509,0.6667,12,42.8984,50.2135,10.8065,0
S5-04,pre,bull,B,230,230,757,0.3038,29.4580,1.3321,17.8985,0.8093,25.0279,0.5217,1.1444,0.5833,12,41.1666,50.4787,11.5594,0
S5-04,pre,bear,A,105,105,757,0.1387,-15.7569,-0.3542,-20.9492,-0.4713,-36.1436,0.4762,0.8859,0.6250,8,-21.9966,88.6141,5.1923,90
S5-04,pre,bear,B,105,105,757,0.1387,-15.7569,-0.3542,-24.3583,-0.5482,-39.5106,0.4762,0.8686,0.5000,8,-25.5762,90.2081,8.6014,90
S5-04,dev,all,A,343,343,689,0.4978,27.7013,1.2246,22.5397,0.9972,-87.4377,0.4519,1.1489,0.6364,11,77.3113,60.5651,5.1616,75
S5-04,dev,all,B,343,343,689,0.4978,27.7013,1.2246,19.3581,0.8569,-90.5273,0.4519,1.1265,0.6364,11,66.3982,61.0602,8.3432,75
S5-04,dev,bull,A,198,198,689,0.2874,62.8434,2.0260,57.9136,1.8695,-41.9415,0.4899,1.4108,0.7273,11,114.6689,48.9736,4.9298,0
S5-04,dev,bull,B,198,198,689,0.2874,62.8434,2.0260,54.6103,1.7644,-45.0663,0.4899,1.3830,0.7273,11,108.1285,49.3896,8.2331,0
S5-04,dev,bear,A,145,145,689,0.2104,-20.2858,-0.6261,-25.7638,-0.7952,-138.9552,0.4000,0.8445,0.4000,10,-37.3575,73.5015,5.4780,75
S5-04,dev,bear,B,145,145,689,0.2104,-20.2858,-0.6261,-28.7795,-0.8883,-142.2104,0.4000,0.8281,0.4000,10,-41.7303,77.0248,8.4937,75
S5-04,val,all,A,143,143,314,0.4554,67.5897,1.5679,63.0258,1.4633,-17.1149,0.4615,1.5110,1.0000,5,90.1270,30.2174,4.5639,32
S5-04,val,all,B,143,143,314,0.4554,67.5897,1.5679,60.0089,1.3941,-20.6854,0.4615,1.4803,1.0000,5,85.8127,30.7192,7.5809,32
S5-04,val,bull,A,99,99,314,0.3153,56.0804,1.0081,51.6685,0.9299,-20.1245,0.4444,1.4189,0.6000,5,51.1518,19.4004,4.4119,0
S5-04,val,bull,B,99,99,314,0.3153,56.0804,1.0081,48.7308,0.8777,-22.4351,0.4444,1.3900,0.6000,5,48.2435,20.2597,7.3496,0
S5-04,val,bear,A,44,44,314,0.1401,93.4858,1.4683,88.5799,1.3909,15.9958,0.5000,1.7182,1.0000,3,38.9752,18.8522,4.9058,32
S5-04,val,bear,B,44,44,314,0.1401,93.4858,1.4683,85.3844,1.3406,12.6109,0.5000,1.6834,1.0000,3,37.5691,19.0631,8.1013,32
S5-05,pre,all,A,213,213,757,0.2814,-20.2904,-0.7583,-29.5067,-1.1030,-1.4767,0.4977,0.8174,0.4545,11,-62.8493,101.2646,9.2163,55
S5-05,pre,all,B,213,213,757,0.2814,-20.2904,-0.7583,-31.2876,-1.1696,-1.6429,0.4930,0.8075,0.4545,11,-66.6426,102.5452,10.9972,55
S5-05,pre,bull,A,134,134,757,0.1770,-1.6918,-0.0579,-13.1661,-0.4499,22.9330,0.5149,0.9061,0.4545,11,-17.6426,40.4438,11.4744,0
S5-05,pre,bull,B,134,134,757,0.1770,-1.6918,-0.0579,-13.8888,-0.4746,21.8165,0.5149,0.9012,0.4545,11,-18.6110,40.6418,12.1970,0
S5-05,pre,bear,A,79,79,757,0.1044,-51.8374,-0.9873,-57.2236,-1.0907,-21.5626,0.4684,0.7109,0.7500,8,-45.2067,72.9035,5.3862,55
S5-05,pre,bear,B,79,79,757,0.1044,-51.8374,-0.9873,-60.7995,-1.1594,-25.8723,0.4557,0.6957,0.7500,8,-48.0316,74.0688,8.9621,55
S5-05,dev,all,A,226,226,689,0.3280,2.2773,0.0936,-2.7137,-0.1116,-6.6974,0.4956,0.9803,0.7273,11,-6.1329,62.5795,4.9910,53
S5-05,dev,all,B,226,226,689,0.3280,2.2773,0.0936,-5.8043,-0.2386,-12.0712,0.4912,0.9583,0.6364,11,-13.1178,63.7112,8.0816,53
S5-05,dev,bull,A,126,126,689,0.1829,34.9961,1.0402,30.2163,0.8982,40.7680,0.5635,1.2453,0.6364,11,38.0726,45.0455,4.7798,0
S5-05,dev,bull,B,126,126,689,0.1829,34.9961,1.0402,27.0111,0.8030,37.9581,0.5556,1.2168,0.6364,11,34.0340,45.3709,7.9851,0
S5-05,dev,bear,A,100,100,689,0.1451,-38.9485,-1.1209,-44.2055,-1.2723,-82.4639,0.4100,0.7165,0.3333,9,-44.2055,60.2322,5.2570,53
S5-05,dev,bear,B,100,100,689,0.1451,-38.9485,-1.1209,-47.1518,-1.3571,-85.1614,0.4100,0.7008,0.3333,9,-47.1518,62.8227,8.2033,53
S5-05,val,all,A,93,93,314,0.2962,64.9842,1.1115,60.5290,1.0363,-4.0043,0.4839,1.5024,0.6000,5,56.2920,24.7836,4.4552,22
S5-05,val,all,B,93,93,314,0.2962,64.9842,1.1115,57.5887,0.9866,-6.5451,0.4839,1.4721,0.6000,5,53.5575,25.1864,7.3956,22
S5-05,val,bull,A,65,65,314,0.2070,70.7629,0.9100,66.4120,0.8551,-0.3520,0.4923,1.5670,0.4000,5,43.1678,18.3516,4.3509,0
S5-05,val,bull,B,65,65,314,0.2070,70.7629,0.9100,63.5188,0.8185,-3.5173,0.4923,1.5357,0.4000,5,41.2872,19.0905,7.2441,0
S5-05,val,bear,A,28,28,314,0.0892,51.5695,0.7017,46.8721,0.6373,-48.2047,0.4643,1.3656,1.0000,3,13.1242,14.6721,4.6973,22
S5-05,val,bear,B,28,28,314,0.0892,51.5695,0.7017,43.8222,0.5955,-51.2326,0.4643,1.3374,1.0000,3,12.2702,14.8560,7.7472,22
S5-06,pre,all,A,89,89,757,0.1176,-45.1659,-1.0494,-54.5872,-1.2660,11.8304,0.5056,0.6839,0.5833,12,-48.5826,72.3887,9.4213,20
S5-06,pre,all,B,89,89,757,0.1176,-45.1659,-1.0494,-55.9256,-1.2966,11.2597,0.5056,0.6774,0.5833,12,-49.7738,72.7609,10.7597,20
S5-06,pre,bull,A,63,63,757,0.0832,1.5566,0.0393,-9.8553,-0.2469,22.7058,0.5397,0.9234,0.4167,12,-6.2088,28.4448,11.4119,0
S5-06,pre,bull,B,63,63,757,0.0832,1.5566,0.0393,-10.5624,-0.2646,22.4519,0.5397,0.9180,0.4167,12,-6.6543,28.5116,12.1190,0
S5-06,pre,bear,A,26,26,757,0.0343,-158.3780,-1.4357,-162.9761,-1.4779,-29.9593,0.4231,0.4169,0.4286,7,-42.3738,55.2733,4.5981,20
S5-06,pre,bear,B,26,26,757,0.0343,-158.3780,-1.4357,-165.8440,-1.5039,-33.0248,0.4231,0.4102,0.4286,7,-43.1194,55.6418,7.4660,20
S5-06,dev,all,A,51,51,689,0.0740,123.3406,1.8109,118.2236,1.7379,61.6136,0.6471,2.2519,0.5455,11,60.2940,9.6794,5.1170,11
S5-06,dev,all,B,51,51,689,0.0740,123.3406,1.8109,115.2413,1.6953,56.8354,0.6471,2.2079,0.5455,11,58.7730,10.1919,8.0993,11
S5-06,dev,bull,A,23,23,689,0.0334,190.5724,1.4491,185.7570,1.4154,80.2561,0.6522,2.9081,0.6364,11,42.7241,10.2054,4.8154,0
S5-06,dev,bull,B,23,23,689,0.0334,190.5724,1.4491,182.5327,1.3928,75.1614,0.6522,2.8593,0.6364,11,41.9825,10.3597,8.0397,0
S5-06,dev,bear,A,28,28,689,0.0406,68.1144,1.1020,62.7497,1.0141,53.1477,0.6429,1.6817,0.6000,10,17.5699,12.9574,5.3647,11
S5-06,dev,bear,B,28,28,689,0.0406,68.1144,1.1020,59.9661,0.9677,50.8591,0.6429,1.6439,0.6000,10,16.7905,13.3098,8.1483,11
S5-06,val,all,A,32,32,314,0.1019,266.2227,1.7089,261.1390,1.6781,35.0853,0.5312,3.4758,0.8000,5,83.5645,9.2787,5.0836,3
S5-06,val,all,B,32,32,314,0.1019,266.2227,1.7089,257.7871,1.6578,32.5440,0.5312,3.4092,0.8000,5,82.4919,9.3900,8.4356,3
S5-06,val,bull,A,19,19,314,0.0605,260.8598,1.0588,255.2526,1.0374,-0.3520,0.4737,3.2115,0.6000,5,48.4980,8.7638,5.6071,0
S5-06,val,bull,B,19,19,314,0.0605,260.8598,1.0588,251.5113,1.0231,-3.5173,0.4737,3.1458,0.6000,5,47.7871,8.8871,9.3485,0
S5-06,val,bear,A,13,13,314,0.0414,274.0607,1.8799,269.7422,1.8501,320.8625,0.6154,3.9661,1.0000,3,35.0665,9.8956,4.3185,3
S5-06,val,bear,B,13,13,314,0.0414,274.0607,1.8799,266.9594,1.8309,317.7895,0.6154,3.8990,1.0000,3,34.7047,9.9722,7.1013,3
S5-07,pre,all,A,162,162,757,0.2140,12.0132,0.4607,3.2570,0.1246,28.4835,0.5370,1.0265,0.6667,12,5.2763,54.5509,8.7562,44
S5-07,pre,all,B,162,162,757,0.2140,12.0132,0.4607,1.6424,0.0629,28.1321,0.5309,1.0133,0.6667,12,2.6606,55.4534,10.3708,44
S5-07,pre,bull,A,113,113,757,0.1493,-1.2642,-0.0453,-11.5156,-0.4112,28.4029,0.5221,0.9063,0.5833,12,-13.0126,42.2899,10.2514,0
S5-07,pre,bull,B,113,113,757,0.1493,-1.2642,-0.0453,-12.3135,-0.4397,26.9275,0.5221,0.9001,0.5833,12,-13.9142,42.4366,11.0493,0
S5-07,pre,bear,A,49,49,757,0.0647,42.6324,0.7388,37.3244,0.6476,65.2489,0.5714,1.3046,0.6250,8,18.2890,34.9569,5.3080,44
S5-07,pre,bear,B,49,49,757,0.0647,42.6324,0.7388,33.8263,0.5874,63.8248,0.5510,1.2730,0.6250,8,16.5749,35.5883,8.8062,44
S5-07,dev,all,A,185,185,689,0.2685,37.9770,1.2773,32.7915,1.1038,17.1320,0.5189,1.2406,0.6364,11,60.6643,28.7788,5.1855,42
S5-07,dev,all,B,185,185,689,0.2685,37.9770,1.2773,29.5235,0.9943,14.1206,0.5189,1.2143,0.6364,11,54.6185,28.9301,8.4535,42
S5-07,dev,bull,A,114,114,689,0.1655,75.3734,1.8808,70.4915,1.7614,31.9972,0.5439,1.5623,0.6364,11,80.3603,19.9206,4.8819,0
S5-07,dev,bull,B,114,114,689,0.1655,75.3734,1.8808,67.2255,1.6814,27.8683,0.5439,1.5303,0.6364,11,76.6371,20.0738,8.1479,0
S5-07,dev,bear,A,71,71,689,0.1030,-22.0680,-0.5189,-27.7408,-0.6523,-14.2599,0.4789,0.8196,0.5000,10,-19.6960,32.3699,5.6728,42
S5-07,dev,bear,B,71,71,689,0.1030,-22.0680,-0.5189,-31.0120,-0.7290,-16.6934,0.4789,0.8005,0.4000,10,-22.0186,34.0779,8.9441,42
S5-07,val,all,A,68,68,314,0.2166,82.6777,1.9171,78.1091,1.8133,39.2448,0.5441,1.7860,0.8000,5,53.1142,20.7011,4.5686,18
S5-07,val,all,B,68,68,314,0.2166,82.6777,1.9171,75.0982,1.7447,36.5380,0.5441,1.7454,0.8000,5,51.0668,20.9805,7.5795,18
S5-07,val,bull,A,49,49,314,0.1561,45.7160,1.0221,41.3112,0.9254,-0.3520,0.4898,1.4179,0.8000,5,20.2425,15.0467,4.4048,0
S5-07,val,bull,B,49,49,314,0.1561,45.7160,1.0221,38.3952,0.8612,-3.5173,0.4898,1.3826,0.8000,5,18.8137,15.4058,7.3207,0
S5-07,val,bear,A,19,19,314,0.0605,178.0000,1.7523,173.0090,1.7031,134.9973,0.6842,2.7172,1.0000,3,32.8717,6.3424,4.9911,18
S5-07,val,bear,B,19,19,314,0.0605,178.0000,1.7523,169.7532,1.6710,131.8616,0.6842,2.6679,1.0000,3,32.2531,6.4384,8.2468,18
S5-08,pre,all,A,335,335,757,0.4425,1.2401,0.0653,-7.8420,-0.4131,21.9376,0.5224,0.9416,0.4167,12,-26.2706,104.8499,9.0821,90
S5-08,pre,all,B,335,335,757,0.4425,1.2401,0.0653,-9.4290,-0.4968,20.5047,0.5194,0.9302,0.4167,12,-31.5870,106.4861,10.6691,90
S5-08,pre,bull,A,230,230,757,0.3038,16.7181,0.8269,5.8625,0.2895,31.1335,0.5435,1.0499,0.5000,12,13.4838,51.4494,10.8556,0
S5-08,pre,bull,B,230,230,757,0.3038,16.7181,0.8269,5.1089,0.2523,30.8271,0.5435,1.0433,0.5000,12,11.7505,51.7361,11.6092,0
S5-08,pre,bear,A,105,105,757,0.1387,-32.6641,-0.7915,-37.8614,-0.9181,-19.2088,0.4762,0.7788,0.6250,8,-39.7544,80.6122,5.1972,90
S5-08,pre,bear,B,105,105,757,0.1387,-32.6641,-0.7915,-41.2738,-1.0012,-24.1197,0.4667,0.7613,0.6250,8,-43.3375,82.2051,8.6097,90
S5-08,dev,all,A,343,343,689,0.4978,29.5793,1.4316,24.4296,1.1831,17.1320,0.5219,1.1865,0.6364,11,83.7935,56.2827,5.1497,75
S5-08,dev,all,B,343,343,689,0.4978,29.5793,1.4316,21.2464,1.0293,14.1206,0.5190,1.1604,0.6364,11,72.8753,56.7776,8.3328,75
S5-08,dev,bull,A,198,198,689,0.2874,60.9426,2.1034,56.0092,1.9351,42.0954,0.5606,1.4589,0.7273,11,110.8982,51.6678,4.9334,0
S5-08,dev,bull,B,198,198,689,0.2874,60.9426,2.1034,52.7035,1.8222,38.6455,0.5556,1.4269,0.7273,11,104.3530,52.0443,8.2391,0
S5-08,dev,bear,A,145,145,689,0.2104,-13.2479,-0.4660,-18.6929,-0.6575,-19.8129,0.4690,0.8695,0.6000,10,-27.1047,62.1005,5.4450,75
S5-08,dev,bear,B,145,145,689,0.2104,-13.2479,-0.4660,-21.7088,-0.7634,-21.2808,0.4690,0.8501,0.6000,10,-31.4777,65.5829,8.4609,75
S5-08,val,all,A,143,143,314,0.4554,66.7908,1.6057,62.2255,1.4972,3.2392,0.5035,1.5522,1.0000,5,88.9824,25.2501,4.5653,32
S5-08,val,all,B,143,143,314,0.4554,66.7908,1.6057,59.2075,1.4254,0.9350,0.5035,1.5185,0.8000,5,84.6667,25.7510,7.5833,32
S5-08,val,bull,A,99,99,314,0.3153,62.6443,1.1689,58.2322,1.0878,3.2392,0.5051,1.5395,0.6000,5,57.6499,15.9148,4.4121,0
S5-08,val,bull,B,99,99,314,0.3153,62.6443,1.1689,55.2945,1.0337,0.9350,0.5051,1.5053,0.6000,5,54.7415,16.4139,7.3498,0
S5-08,val,bear,A,44,44,314,0.1401,76.1203,1.2286,71.2102,1.1491,13.6515,0.5000,1.5774,1.0000,3,31.3325,18.8522,4.9101,32
S5-08,val,bear,B,44,44,314,0.1401,76.1203,1.2286,68.0118,1.0972,10.2662,0.5000,1.5443,1.0000,3,29.9252,19.0631,8.1085,32
S5-09,pre,all,A,230,139,757,0.3038,22.8581,1.4630,15.3821,0.9792,-20.9989,0.4304,1.2228,0.6364,11,35.3788,37.1695,7.4761,60
S5-09,pre,all,B,230,139,757,0.3038,22.8581,1.4630,13.6942,0.8728,-22.2187,0.4304,1.1956,0.6364,11,31.4966,38.7450,9.1640,60
S5-09,pre,bull,A,142,86,757,0.1876,25.2176,1.6229,16.1740,1.0318,-13.3567,0.4577,1.2950,0.7273,11,22.9670,25.1305,9.0436,0
S5-09,pre,bull,B,142,86,757,0.1876,25.2176,1.6229,15.5365,0.9915,-14.5894,0.4577,1.2817,0.7273,11,22.0619,25.3162,9.6810,0
S5-09,pre,bear,A,88,57,757,0.1162,19.0508,0.5928,14.1043,0.4397,-35.6616,0.3864,1.1533,0.5000,8,12.4117,16.5157,4.9466,60
S5-09,pre,bear,B,88,57,757,0.1162,19.0508,0.5928,10.7213,0.3346,-39.3475,0.3864,1.1140,0.5000,8,9.4347,17.5271,8.3296,60
S5-09,dev,all,A,206,139,689,0.2990,20.7757,1.0950,16.0491,0.8460,-38.8296,0.3641,1.1963,0.6364,11,33.0612,15.0563,4.7266,57
S5-09,dev,all,B,206,139,689,0.2990,20.7757,1.0950,13.0671,0.6888,-41.7142,0.3592,1.1563,0.6364,11,26.9182,16.0097,7.7086,57
S5-09,dev,bull,A,124,82,689,0.1800,23.2863,0.9768,18.6403,0.7829,-25.4328,0.3952,1.2312,0.6364,11,23.1139,14.4104,4.6460,0
S5-09,dev,bull,B,124,82,689,0.1800,23.2863,0.9768,15.5261,0.6526,-28.4417,0.3952,1.1883,0.6364,11,19.2524,15.1001,7.7602,0
S5-09,dev,bear,A,82,58,689,0.1190,16.9791,0.5401,12.1308,0.3854,-49.2799,0.3171,1.1453,0.4444,9,9.9473,35.7902,4.8483,57
S5-09,dev,bear,B,82,58,689,0.1190,16.9791,0.5401,9.3486,0.2967,-51.4202,0.3049,1.1095,0.4444,9,7.6658,37.6435,7.6306,57
S5-09,val,all,A,87,58,314,0.2771,1.9744,0.0515,-2.2080,-0.0576,-64.7595,0.3448,0.9791,0.4000,5,-1.9210,37.0506,4.1825,22
S5-09,val,all,B,87,58,314,0.2771,1.9744,0.0515,-4.9427,-0.1288,-68.0450,0.3448,0.9541,0.4000,5,-4.3002,38.8317,6.9172,22
S5-09,val,bull,A,49,37,314,0.1561,7.2832,0.1233,3.2071,0.0543,-82.4562,0.3061,1.0301,0.4000,5,1.5715,30.6169,4.0762,0
S5-09,val,bull,B,49,37,314,0.1561,7.2832,0.1233,0.5097,0.0086,-84.8605,0.3061,1.0047,0.4000,5,0.2498,31.4106,6.7735,0
S5-09,val,bear,A,38,22,314,0.1210,-4.8711,-0.1180,-9.1906,-0.2224,-63.9327,0.3947,0.9125,0.3333,3,-3.4924,17.7610,4.3195,22
S5-09,val,bear,B,38,22,314,0.1210,-4.8711,-0.1180,-11.9735,-0.2896,-66.8992,0.3947,0.8879,0.3333,3,-4.5499,18.6481,7.1024,22
S5-10,pre,all,A,106,58,757,0.1400,-1.8762,-0.0849,-9.3108,-0.4204,-31.3897,0.3774,0.8811,0.5833,12,-9.8695,30.2777,7.4346,18
S5-10,pre,all,B,106,58,757,0.1400,-1.8762,-0.0849,-10.6477,-0.4805,-32.0734,0.3679,0.8656,0.5833,12,-11.2866,30.8799,8.7715,18
S5-10,pre,bull,A,77,43,757,0.1017,11.5546,0.7584,2.9292,0.1951,-28.9772,0.3766,1.0561,0.5833,12,2.2555,9.7316,8.6253,0
S5-10,pre,bull,B,77,43,757,0.1017,11.5546,0.7584,2.1876,0.1455,-30.1030,0.3636,1.0415,0.5833,12,1.6844,9.8660,9.3670,0
S5-10,pre,bear,A,29,17,757,0.0383,-37.5373,-0.5310,-41.8103,-0.5915,-71.4541,0.3793,0.7167,0.5000,6,-12.1250,25.8596,4.2730,18
S5-10,pre,bear,B,29,17,757,0.0383,-37.5373,-0.5310,-44.7277,-0.6329,-75.0319,0.3793,0.7008,0.5000,6,-12.9710,26.2545,7.1904,18
S5-10,dev,all,A,60,38,689,0.0871,0.2246,0.0083,-4.6628,-0.1718,-26.0629,0.4000,0.9406,0.3636,11,-2.7977,15.9584,4.8874,13
S5-10,dev,all,B,60,38,689,0.0871,0.2246,0.0083,-7.6601,-0.2820,-28.5059,0.4000,0.9046,0.3636,11,-4.5961,16.8833,7.8847,13
S5-10,dev,bull,A,28,18,689,0.0406,-11.0390,-0.3085,-16.3248,-0.4576,-39.5319,0.3929,0.8055,0.4000,10,-4.5709,6.9129,5.2858,0
S5-10,dev,bull,B,28,18,689,0.0406,-11.0390,-0.3085,-19.8792,-0.5582,-43.3201,0.3929,0.7690,0.4000,10,-5.5662,7.5941,8.8401,0
S5-10,dev,bear,A,32,20,689,0.0464,10.0802,0.2473,5.5414,0.1356,-18.8448,0.4062,1.0752,0.3750,8,1.7732,11.8636,4.5388,13
S5-10,dev,bear,B,32,20,689,0.0464,10.0802,0.2473,3.0315,0.0740,-20.1972,0.4062,1.0403,0.3750,8,0.9701,12.3137,7.0487,13
S5-10,val,all,A,32,20,314,0.1019,44.9018,0.4383,40.2716,0.3928,-65.9809,0.4375,1.2762,0.2500,4,12.8869,14.3066,4.6302,4
S5-10,val,all,B,32,20,314,0.1019,44.9018,0.4383,37.2389,0.3630,-69.3600,0.4375,1.2523,0.2500,4,11.9164,14.7269,7.6630,4
S5-10,val,bull,A,13,9,314,0.0414,-30.5940,-0.1448,-36.0619,-0.1705,-171.7756,0.2308,0.8334,0.2500,4,-4.6880,24.3734,5.4679,0
S5-10,val,bull,B,13,9,314,0.0414,-30.5940,-0.1448,-39.7237,-0.1877,-173.4594,0.2308,0.8189,0.2500,4,-5.1641,24.6349,9.1297,0
S5-10,val,bear,A,19,12,314,0.0605,96.5569,1.0566,92.4998,1.0119,22.9063,0.5789,1.9494,0.6667,3,17.5750,6.2817,4.0571,4
S5-10,val,bear,B,19,12,314,0.0605,96.5569,1.0566,89.8975,0.9832,21.4307,0.5789,1.9118,0.6667,3,17.0805,6.3579,6.6594,4
S5-11,pre,all,A,150,95,757,0.1982,21.0617,1.3728,14.1701,0.9215,-29.7198,0.4067,1.2401,0.5000,12,21.2551,18.1046,6.8917,38
S5-11,pre,all,B,150,95,757,0.1982,21.0617,1.3728,12.3684,0.8072,-30.6645,0.4067,1.2059,0.4167,12,18.5527,19.6852,8.6933,38
S5-11,pre,bull,A,92,60,757,0.1215,7.8296,0.5004,-0.1755,-0.0112,-25.0994,0.4130,0.9969,0.5833,12,-0.1614,13.1281,8.0051,0
S5-11,pre,bull,B,92,60,757,0.1215,7.8296,0.5004,-0.9021,-0.0574,-25.4912,0.4130,0.9844,0.5833,12,-0.8300,13.3299,8.7317,0
S5-11,pre,bear,A,58,35,757,0.0766,42.0506,1.3784,36.9251,1.2144,-29.8510,0.3966,1.5989,0.3750,8,21.4165,12.0333,5.1256,38
S5-11,pre,bear,B,58,35,757,0.0766,42.0506,1.3784,33.4183,1.1015,-32.3812,0.3966,1.5242,0.3750,8,19.3826,13.3822,8.6323,38
S5-11,dev,all,A,190,121,689,0.2758,27.0699,1.4088,22.3258,1.1625,-24.0308,0.4105,1.2748,0.6364,11,42.4190,13.7488,4.7441,39
S5-11,dev,all,B,190,121,689,0.2758,27.0699,1.4088,19.2917,1.0047,-25.8510,0.4000,1.2326,0.4545,11,36.6543,16.1455,7.7782,39
S5-11,dev,bull,A,129,80,689,0.1872,39.4175,1.6003,34.8985,1.4188,-17.8127,0.4264,1.4477,0.7273,11,45.0191,12.9449,4.5190,0
S5-11,dev,bull,B,129,80,689,0.1872,39.4175,1.6003,31.8777,1.2971,-19.5631,0.4264,1.4006,0.7273,11,41.1223,13.3371,7.5398,0
S5-11,dev,bear,A,61,44,689,0.0885,0.9577,0.0311,-4.2625,-0.1380,-50.9157,0.3770,0.9517,0.4000,10,-2.6001,19.9946,5.2202,39
S5-11,dev,bear,B,61,44,689,0.0885,0.9577,0.0311,-7.3246,-0.2368,-54.0313,0.3443,0.9187,0.4000,10,-4.4680,21.6332,8.2823,39
S5-11,val,all,A,50,36,314,0.1592,12.1420,0.2985,7.5813,0.1856,-46.1679,0.4800,1.0818,0.6000,5,3.7907,13.6957,4.5607,13
S5-11,val,all,B,50,36,314,0.1592,12.1420,0.2985,4.6019,0.1123,-48.8454,0.4800,1.0488,0.6000,5,2.3009,13.8805,7.5402,13
S5-11,val,bull,A,30,24,314,0.0955,-53.1485,-1.0867,-57.7874,-1.1731,-83.9977,0.3667,0.5206,0.4000,5,-17.3362,22.3884,4.6389,0
S5-11,val,bull,B,30,24,314,0.0955,-53.1485,-1.0867,-60.8409,-1.2291,-86.2340,0.3667,0.5037,0.4000,5,-18.2523,23.1055,7.6924,0
S5-11,val,bear,A,20,12,314,0.0637,110.0779,1.6339,105.6345,1.5685,51.8408,0.6500,3.0746,1.0000,3,21.1269,4.0176,4.4434,13
S5-11,val,bear,B,20,12,314,0.0637,110.0779,1.6339,102.7661,1.5263,48.9107,0.6500,2.9778,1.0000,3,20.5532,4.2082,7.3118,13
S5-12,pre,all,A,349,211,757,0.4610,23.3239,2.0491,16.0328,1.4012,-20.7902,0.4212,1.2584,0.6667,12,55.9545,37.2951,7.2911,86
S5-12,pre,all,B,349,211,757,0.4610,23.3239,2.0491,14.4749,1.2667,-21.3727,0.4183,1.2299,0.6667,12,50.5175,39.0685,8.8490,86
S5-12,pre,bull,A,233,142,757,0.3078,22.3914,2.0021,13.8580,1.2302,-15.0124,0.4335,1.2684,0.6667,12,32.2892,27.9350,8.5334,0
S5-12,pre,bull,B,233,142,757,0.3078,22.3914,2.0021,13.1570,1.1683,-15.6961,0.4292,1.2529,0.6667,12,30.6557,28.2832,9.2344,0
S5-12,pre,bear,A,116,73,757,0.1532,25.1970,0.9797,20.4011,0.7946,-32.2956,0.3966,1.2458,0.5000,8,23.6653,20.4645,4.7959,86
S5-12,pre,bear,B,116,73,757,0.1532,25.1970,0.9797,17.1223,0.6676,-36.4396,0.3966,1.2015,0.5000,8,19.8618,20.9877,8.0747,86
S5-12,dev,all,A,322,216,689,0.4673,31.1037,2.1024,26.2745,1.7763,-26.8845,0.4037,1.3338,0.7273,11,84.6040,20.6988,4.8292,73
S5-12,dev,all,B,322,216,689,0.4673,31.1037,2.1024,23.2206,1.5697,-29.4092,0.3975,1.2885,0.7273,11,74.7702,22.9341,7.8832,73
S5-12,dev,bull,A,199,132,689,0.2888,39.0589,2.0362,34.3155,1.7906,-20.0397,0.4322,1.4408,0.8182,11,68.2879,17.3535,4.7434,0
S5-12,dev,bull,B,199,132,689,0.2888,39.0589,2.0362,31.1383,1.6257,-22.9697,0.4322,1.3912,0.8182,11,61.9653,18.3518,7.9206,0
S5-12,dev,bear,A,123,87,689,0.1785,18.2332,0.7760,13.2651,0.5639,-47.9457,0.3577,1.1657,0.5000,10,16.3161,42.0876,4.9681,73
S5-12,dev,bear,B,123,87,689,0.1785,18.2332,0.7760,10.4105,0.4420,-50.3601,0.3415,1.1270,0.5000,10,12.8050,44.6922,7.8226,73
S5-12,val,all,A,116,80,314,0.3694,13.7789,0.4434,9.4932,0.3052,-56.3244,0.3966,1.1020,0.4000,5,11.0121,25.8660,4.2857,30
S5-12,val,all,B,116,80,314,0.3694,13.7789,0.4434,6.6825,0.2148,-59.2638,0.3966,1.0705,0.4000,5,7.7516,28.0904,7.0965,30
S5-12,val,bull,A,68,51,314,0.2166,4.4343,0.1022,0.2607,0.0060,-56.3244,0.3529,1.0028,0.4000,5,0.1773,33.7595,4.1735,0
S5-12,val,bull,B,68,51,314,0.2166,4.4343,0.1022,-2.5088,-0.0578,-59.2638,0.3529,0.9737,0.4000,5,-1.7060,34.6768,6.9431,0
S5-12,val,bear,A,48,30,314,0.1529,27.0172,0.6526,22.5725,0.5451,-46.1378,0.4583,1.2436,0.6667,3,10.8348,14.4313,4.4446,30
S5-12,val,bear,B,48,30,314,0.1529,27.0172,0.6526,19.7035,0.4757,-49.1973,0.4583,1.2091,0.6667,3,9.4577,14.6864,7.3137,30
S5-13,pre,all,A,140,92,757,0.1849,13.4596,0.7260,5.7593,0.3086,-25.1356,0.4286,1.0774,0.3636,11,8.0630,24.1149,7.7003,43
S5-13,pre,all,B,140,92,757,0.1849,13.4596,0.7260,3.9251,0.2104,-26.9574,0.4214,1.0520,0.3636,11,5.4951,24.8020,9.5345,43
S5-13,pre,bull,A,81,54,757,0.1070,10.6568,0.5512,0.9997,0.0509,-22.7569,0.4444,1.0155,0.6364,11,0.8098,18.7671,9.6571,0
S5-13,pre,bull,B,81,54,757,0.1070,10.6568,0.5512,0.3274,0.0166,-22.9661,0.4444,1.0051,0.6364,11,0.2652,18.8735,10.3294,0
S5-13,pre,bear,A,59,40,757,0.0779,17.3074,0.5035,12.2936,0.3582,-27.5144,0.4068,1.1396,0.3750,8,7.2532,21.2028,5.0138,43
S5-13,pre,bear,B,59,40,757,0.0779,17.3074,0.5035,8.8642,0.2585,-30.9487,0.3898,1.0985,0.3750,8,5.2299,21.6621,8.4432,43
S5-13,dev,all,A,120,84,689,0.1742,31.7992,1.2752,27.3186,1.0969,-33.9414,0.3500,1.3799,0.7273,11,32.7824,17.5486,4.4806,33
S5-13,dev,all,B,120,84,689,0.1742,31.7992,1.2752,24.4989,0.9844,-36.4445,0.3500,1.3326,0.7273,11,29.3986,18.1283,7.3003,33
S5-13,dev,bull,A,71,50,689,0.1030,35.3842,1.1836,30.8720,1.0350,-29.3135,0.3803,1.4791,0.5000,10,21.9192,11.9390,4.5122,0
S5-13,dev,bull,B,71,50,689,0.1030,35.3842,1.1836,27.8343,0.9346,-31.0925,0.3803,1.4209,0.5000,10,19.7624,12.3620,7.5499,0
S5-13,dev,bear,A,49,34,689,0.0711,26.6046,0.6106,22.1698,0.5089,-49.3471,0.3061,1.2679,0.4444,9,10.8632,17.4217,4.4348,33
S5-13,dev,bear,B,49,34,689,0.0711,26.6046,0.6106,19.6658,0.4513,-50.3601,0.3061,1.2326,0.4444,9,9.6363,18.2482,6.9388,33
S5-13,val,all,A,57,37,314,0.1815,30.1403,0.5775,25.9528,0.4968,-80.8547,0.3684,1.2787,0.4000,5,14.7931,17.3938,4.1875,16
S5-13,val,all,B,57,37,314,0.1815,30.1403,0.5775,23.2138,0.4442,-83.9119,0.3684,1.2444,0.4000,5,13.2319,18.4825,6.9266,16
S5-13,val,bull,A,31,21,314,0.0987,40.6638,0.4581,36.4639,0.4105,-63.7234,0.3548,1.3801,0.4000,5,11.3038,20.9525,4.1999,0
S5-13,val,bull,B,31,21,314,0.0987,40.6638,0.4581,33.6769,0.3790,-66.1287,0.3548,1.3442,0.4000,5,10.4398,21.4418,6.9870,0
S5-13,val,bear,A,26,16,314,0.0828,17.5931,0.3702,13.4203,0.2819,-101.9478,0.3846,1.1495,0.6667,3,3.4893,7.8720,4.1727,16
S5-13,val,bear,B,26,16,314,0.0828,17.5931,0.3702,10.7386,0.2253,-105.2303,0.3846,1.1173,0.6667,3,2.7920,8.2509,6.8545,16
S5-14,pre,all,A,65,41,757,0.0859,-12.7564,-0.4686,-20.9567,-0.7653,-63.6554,0.3385,0.7680,0.4167,12,-13.6218,17.8989,8.2003,10
S5-14,pre,all,B,65,41,757,0.0859,-12.7564,-0.4686,-22.2766,-0.8129,-63.8684,0.3385,0.7559,0.4167,12,-14.4798,18.6155,9.5202,10
S5-14,pre,bull,A,47,32,757,0.0621,-11.6574,-0.5769,-21.2782,-1.0395,-55.0053,0.3404,0.7015,0.5000,12,-10.0008,14.1533,9.6208,0
S5-14,pre,bull,B,47,32,757,0.0621,-11.6574,-0.5769,-21.9287,-1.0704,-56.7565,0.3404,0.6944,0.5000,12,-10.3065,14.4422,10.2713,0
S5-14,pre,bear,A,18,10,757,0.0238,-15.6261,-0.1894,-20.1171,-0.2438,-114.3008,0.3333,0.8564,0.5000,6,-3.6211,8.0647,4.4909,10
S5-14,pre,bear,B,18,10,757,0.0238,-15.6261,-0.1894,-23.1851,-0.2810,-117.4470,0.3333,0.8369,0.5000,6,-4.1733,8.1454,7.5590,10
S5-14,dev,all,A,38,27,689,0.0552,-42.7804,-1.2311,-47.6050,-1.3599,-74.2440,0.3158,0.5616,0.2000,10,-18.0899,26.2047,4.8247,9
S5-14,dev,all,B,38,27,689,0.0552,-42.7804,-1.2311,-50.5353,-1.4355,-75.7969,0.3158,0.5433,0.2000,10,-19.2034,27.0121,7.7549,9
S5-14,dev,bull,A,17,10,689,0.0247,-59.2925,-1.5525,-65.0640,-1.6651,-41.5726,0.3529,0.3502,0.1429,7,-11.0609,12.8400,5.7714,0
S5-14,dev,bull,B,17,10,689,0.0247,-59.2925,-1.5525,-68.9580,-1.7373,-45.2024,0.3529,0.3281,0.1429,7,-11.7229,13.3615,9.6655,0
S5-14,dev,bear,A,21,17,689,0.0305,-29.4134,-0.5313,-33.4716,-0.6037,-126.9750,0.2857,0.7100,0.3750,8,-7.0290,13.8303,4.0583,9
S5-14,dev,bear,B,21,17,689,0.0305,-29.4134,-0.5313,-35.6217,-0.6417,-130.0547,0.2857,0.6959,0.3750,8,-7.4806,14.1412,6.2083,9
S5-14,val,all,A,25,16,314,0.0796,122.0274,1.0221,117.2879,0.9818,-60.5286,0.4800,2.0424,0.5000,4,29.3220,11.8812,4.7396,2
S5-14,val,all,B,25,16,314,0.0796,122.0274,1.0221,114.1849,0.9554,-63.9197,0.4800,1.9989,0.5000,4,28.5462,12.0653,7.8425,2
S5-14,val,bull,A,9,6,314,0.0287,94.1278,0.3107,88.0604,0.2905,-80.8547,0.3333,1.5103,0.3333,3,7.9254,13.2072,6.0674,0
S5-14,val,bull,B,9,6,314,0.0287,94.1278,0.3107,83.9886,0.2770,-83.9119,0.3333,1.4789,0.3333,3,7.5590,13.4116,10.1392,0
S5-14,val,bear,A,16,10,314,0.0510,137.7210,1.4392,133.7283,1.3973,13.5081,0.5625,2.6982,0.6667,3,21.3965,3.6207,3.9926,2
S5-14,val,bear,B,16,10,314,0.0510,137.7210,1.4392,131.1703,1.3704,11.9964,0.5625,2.6405,0.6667,3,20.9872,3.6875,6.5507,2
S5-15,pre,all,A,97,68,757,0.1281,6.9957,0.3896,0.4832,0.0269,-30.6751,0.3608,1.0079,0.5000,12,0.4687,16.4859,6.5125,26
S5-15,pre,all,B,97,68,757,0.1281,6.9957,0.3896,-1.4654,-0.0819,-36.7820,0.3505,0.9764,0.5000,12,-1.4215,16.8696,8.4611,26
S5-15,pre,bull,A,57,42,757,0.0753,-2.9815,-0.1340,-10.3933,-0.4675,-54.0064,0.2807,0.8373,0.5833,12,-5.9242,14.9555,7.4118,0
S5-15,pre,bull,B,57,42,757,0.0753,-2.9815,-0.1340,-11.1975,-0.5037,-55.8083,0.2807,0.8261,0.5833,12,-6.3826,15.3402,8.2160,0
S5-15,pre,bear,A,40,26,757,0.0528,21.2131,0.7109,15.9823,0.5372,-0.0940,0.4750,1.2812,0.7500,8,6.3929,8.2305,5.2309,26
S5-15,pre,bear,B,40,26,757,0.0528,21.2131,0.7109,12.4028,0.4177,-1.7166,0.4500,1.2115,0.6250,8,4.9611,9.1255,8.8103,26
S5-15,dev,all,A,130,84,689,0.1887,11.4129,0.5061,6.4383,0.2848,-43.7183,0.3538,1.0810,0.5455,11,8.3697,21.1124,4.9746,23
S5-15,dev,all,B,130,84,689,0.1887,11.4129,0.5061,3.2142,0.1419,-46.7296,0.3538,1.0394,0.4545,11,4.1785,24.2126,8.1987,23
S5-15,dev,bull,A,95,58,689,0.1379,12.5941,0.4861,7.5935,0.2922,-43.3288,0.3789,1.0993,0.4545,11,7.2138,20.0761,5.0006,0
S5-15,dev,bull,B,95,58,689,0.1379,12.5941,0.4861,4.2376,0.1627,-45.5690,0.3789,1.0540,0.4545,11,4.0257,20.7985,8.3565,0
S5-15,dev,bear,A,35,27,689,0.0508,8.2066,0.1770,3.3025,0.0711,-46.5589,0.2857,1.0377,0.3000,10,1.1559,17.3826,4.9040,23
S5-15,dev,bear,B,35,27,689,0.0508,8.2066,0.1770,0.4364,0.0094,-49.0527,0.2857,1.0049,0.3000,10,0.1527,18.2343,7.7702,23
S5-15,val,all,A,35,22,314,0.1115,6.2677,0.1250,1.8390,0.0365,-40.0956,0.3714,1.0192,0.6000,5,0.6436,14.2220,4.4287,8
S5-15,val,all,B,35,22,314,0.1115,6.2677,0.1250,-1.0518,-0.0208,-43.0322,0.3714,0.9892,0.6000,5,-0.3681,14.4346,7.3195,8
S5-15,val,bull,A,19,13,314,0.0605,-61.1649,-0.9530,-65.6919,-1.0144,-100.5369,0.2632,0.4798,0.4000,5,-12.4815,18.1227,4.5269,0
S5-15,val,bull,B,19,13,314,0.0605,-61.1649,-0.9530,-68.6776,-1.0541,-102.6156,0.2632,0.4659,0.4000,5,-13.0487,18.5350,7.5127,0
S5-15,val,bear,A,16,9,314,0.0510,86.3439,1.1543,82.0318,1.0970,-7.0593,0.5000,2.3797,0.6667,3,13.1251,3.7437,4.3121,8
S5-15,val,bear,B,16,9,314,0.0510,86.3439,1.1543,79.2539,1.0600,-9.3981,0.5000,2.3025,0.6667,3,12.6806,3.8036,7.0900,8
S5-16,pre,all,A,210,144,757,0.2774,19.5068,1.3780,12.0125,0.8440,-23.7052,0.4238,1.1786,0.5000,12,25.2263,20.1204,7.4942,57
S5-16,pre,all,B,210,144,757,0.2774,19.5068,1.3780,10.3469,0.7275,-25.6273,0.4190,1.1518,0.5000,12,21.7284,20.2478,9.1599,57
S5-16,pre,bull,A,134,94,757,0.1770,15.3175,1.0289,6.3412,0.4219,-34.7359,0.4179,1.1035,0.6667,12,8.4972,18.2325,8.9764,0
S5-16,pre,bull,B,134,94,757,0.1770,15.3175,1.0289,5.6238,0.3741,-35.4953,0.4179,1.0912,0.6667,12,7.5359,18.3017,9.6937,0
S5-16,pre,bear,A,76,52,757,0.1004,26.8930,0.9472,22.0120,0.7763,-15.3880,0.4342,1.2829,0.5000,8,16.7291,14.8426,4.8810,57
S5-16,pre,bear,B,76,52,757,0.1004,26.8930,0.9472,18.6743,0.6591,-17.0043,0.4211,1.2344,0.5000,8,14.1925,15.5698,8.2187,57
S5-16,dev,all,A,211,144,689,0.3062,25.5237,1.4317,20.7226,1.1611,-36.5709,0.3649,1.2844,0.7273,11,43.7247,21.7319,4.8011,42
S5-16,dev,all,B,211,144,689,0.3062,25.5237,1.4317,17.6682,0.9889,-40.3333,0.3649,1.2362,0.7273,11,37.2799,22.3601,7.8555,42
S5-16,dev,bull,A,136,90,689,0.1974,25.9507,1.2112,21.0700,0.9818,-29.9441,0.3971,1.3053,0.5455,11,28.6552,20.4470,4.8808,0
S5-16,dev,bull,B,136,90,689,0.1974,25.9507,1.2112,17.7910,0.8279,-33.1452,0.3971,1.2508,0.5455,11,24.1957,21.3227,8.1598,0
S5-16,dev,bear,A,75,55,689,0.1089,24.7494,0.7744,20.0927,0.6285,-49.3471,0.3067,1.2517,0.5000,10,15.0695,23.5971,4.6568,42
S5-16,dev,bear,B,75,55,689,0.1089,24.7494,0.7744,17.4456,0.5454,-50.3601,0.3067,1.2134,0.5000,10,13.0842,25.0077,7.3038,42
S5-16,val,all,A,76,50,314,0.2420,34.1620,0.8106,29.9376,0.7099,-50.3121,0.3947,1.3538,0.8000,5,22.7526,21.2947,4.2245,21
S5-16,val,all,B,76,50,314,0.2420,34.1620,0.8106,27.1697,0.6440,-53.4759,0.3947,1.3146,0.8000,5,20.6490,22.2487,6.9923,21
S5-16,val,bull,A,41,28,314,0.1306,37.2735,0.5486,33.1688,0.4880,-60.5286,0.3902,1.3808,0.6000,5,13.5992,23.3181,4.1047,0
S5-16,val,bull,B,41,28,314,0.1306,37.2735,0.5486,30.4404,0.4477,-63.9197,0.3902,1.3427,0.6000,5,12.4806,23.8827,6.8331,0
S5-16,val,bear,A,35,22,314,0.1115,30.5172,0.6498,26.1524,0.5563,-40.0956,0.4000,1.3201,0.6667,3,9.1533,10.8925,4.3648,21
S5-16,val,bear,B,35,22,314,0.1115,30.5172,0.6498,23.3383,0.4960,-43.0322,0.4000,1.2796,0.6667,3,8.1684,11.4688,7.1789,21
