era,switch,trades,net_bps,total_pct
2011-2018,always on,1798,-11.5141,-207.0241
2011-2018,last 40 signals avg > 0,651,-25.4080,-165.4058
2011-2018,last 60 signals avg > 0,528,-19.6187,-103.5865
2011-2018,last 100 signals avg > 0,374,-41.8176,-156.3977
2011-2018,last 150 signals avg > 0,314,-24.5396,-77.0543
2019-2025,always on,1401,21.0976,295.5777
2019-2025,last 40 signals avg > 0,827,17.2024,142.2637
2019-2025,last 60 signals avg > 0,875,36.1500,316.3126
2019-2025,last 100 signals avg > 0,951,31.2312,297.0088
2019-2025,last 150 signals avg > 0,959,32.5277,311.9410
