date,d,sig,e,xb,s,inst,side,ep,xp,ep_u,xp_u,x_kind,reason,entry_min,exit_min,gross_bps,e_kind,cost_A,net_A,cost_B,net_B,period
2011-06-13,8,22,23,385,-1,SOXS,1,13466880000.0000,13729920000.0000,70.1400,71.5100,open,time,593,955,195.3236,open,15.6428,179.6808,16.6313,178.6924,
2011-06-16,11,19,20,385,-1,SOXS,1,14025139200.0000,14196480000.0000,73.0476,73.9400,open,time,590,955,122.1669,open,15.0612,107.1057,16.0137,106.1533,
2011-06-24,17,42,43,385,-1,SOXS,1,13862400000.0000,14217600000.0000,72.2000,74.0500,open,time,613,955,256.2327,open,13.7806,242.4521,14.7380,241.4947,
2011-06-28,19,59,60,385,1,SOXL,1,0.7030,0.7058,42.1800,42.3480,open,time,630,955,39.8293,open,13.0975,26.7318,14.7538,25.0755,
2011-07-05,23,30,31,385,-1,SOXS,1,11703552000.0000,11887622400.0000,60.9560,61.9147,open,time,601,955,157.2774,open,16.3757,140.9017,17.5151,139.7622,
2011-07-06,24,21,22,385,-1,SOXS,1,12238368000.0000,12163200000.0000,63.7415,63.3500,open,time,592,955,-61.4200,open,17.3675,-78.7875,18.4691,-79.8890,
2011-07-12,28,24,25,385,-1,SOXS,1,13741440000.0000,13601280000.0000,71.5700,70.8400,open,time,595,955,-101.9980,open,15.4965,-117.4946,16.4796,-118.4777,
2011-07-14,30,20,21,103,1,SOXL,1,0.6875,0.6710,41.2500,40.2600,level,stop,591,673,-240.0000,open,17.2318,-257.2318,18.9497,-258.9497,
2011-07-27,39,15,16,385,-1,SOXS,1,13113600000.0000,13660800000.0000,68.3000,71.1500,open,time,586,955,417.2767,open,15.9401,401.3366,16.9445,400.3323,
2011-08-04,45,21,22,385,-1,SOXS,1,15724800000.0000,17295052800.0000,81.9000,90.0784,open,time,592,955,998.5836,open,13.0530,985.5306,13.8689,984.7147,
2011-08-08,47,66,67,385,-1,SOXS,1,20524800000.0000,20983680000.0000,106.9000,109.2900,open,time,637,955,223.5734,open,7.9324,215.6410,8.5801,214.9934,
2011-08-09,48,31,32,292,1,SOXL,1,0.4183,0.3905,25.0980,23.4300,level,stop,602,862,-664.5948,open,28.8481,-693.4429,31.7365,-696.3312,
2011-08-11,50,47,48,385,1,SOXL,1,0.4498,0.4793,26.9880,28.7580,open,time,618,955,655.8470,open,23.6108,632.2362,26.1248,629.7223,
2011-08-23,58,19,20,385,1,SOXL,1,0.3817,0.4200,22.9020,25.2000,open,time,590,955,1003.4058,open,27.4889,975.9169,30.4061,972.9997,
2011-08-26,61,31,32,51,-1,SOXS,1,19244160000.0000,18511003505.9761,100.2300,96.4115,level,stop,602,621,-380.9761,open,12.2740,-393.2501,12.9863,-393.9624,
2011-08-29,62,31,32,385,1,SOXL,1,0.4492,0.4662,26.9520,27.9720,open,time,602,955,378.4506,open,23.8762,354.5744,26.4260,352.0245,
2011-08-31,64,36,37,109,1,SOXL,1,0.4803,0.4634,28.8180,27.8040,level,stop,607,679,-351.8634,open,24.7678,-376.6312,27.2411,-379.1045,
2011-09-07,68,39,40,385,1,SOXL,1,0.4412,0.4450,26.4720,26.7000,open,time,610,955,86.1287,open,24.5733,61.5554,27.2063,58.9224,
2011-09-14,73,16,17,47,1,SOXL,1,0.5126,0.5005,30.7560,30.0300,level,stop,587,617,-236.0515,open,26.4199,-262.4714,28.7234,-264.7749,
2011-09-15,74,34,35,52,1,SOXL,1,0.5583,0.5455,33.4980,32.7300,level,stop,605,622,-229.2674,open,24.2529,-253.5204,26.3671,-255.6345,
2011-09-16,75,30,31,385,1,SOXL,1,0.5645,0.5532,33.8700,33.1920,open,time,601,955,-200.1771,open,19.4320,-219.6091,21.5198,-221.6969,
2011-09-19,76,23,24,110,-1,SOXS,1,12985574400.0000,12737958823.3547,67.6332,66.3435,level,stop,594,680,-190.6851,open,17.2034,-207.8885,18.2485,-208.9336,
2011-09-20,77,105,106,338,1,SOXL,1,0.5470,0.5278,32.8200,31.6680,level,stop,676,908,-351.0055,open,18.7061,-369.7116,20.8777,-371.8832,
2011-09-22,79,19,20,51,-1,SOXS,1,15482880000.0000,14858684727.8725,80.6400,77.3890,level,stop,590,621,-403.1519,open,16.5014,-419.6533,17.3877,-420.5396,
2011-09-27,82,53,54,385,1,SOXL,1,0.4908,0.4792,29.4480,28.7520,open,time,624,955,-236.3488,open,22.3745,-258.7233,24.7804,-261.1292,
2011-09-29,84,19,20,25,1,SOXL,1,0.4642,0.4542,27.8520,27.2520,level,stop,590,595,-215.4244,open,29.1382,-244.5625,31.6791,-247.1035,
2011-10-07,90,53,54,172,1,SOXL,1,0.4467,0.4268,26.8020,25.6080,level,stop,624,742,-445.4891,open,24.7886,-470.2777,27.4612,-472.9504,
2011-10-10,91,16,17,385,1,SOXL,1,0.4670,0.4748,28.0200,28.4880,open,time,587,955,167.0236,open,23.1478,143.8758,25.6255,141.3981,
2011-10-12,93,15,16,385,1,SOXL,1,0.4940,0.4867,29.6400,29.2020,open,time,586,955,-147.7733,open,22.1519,-169.9251,24.5312,-172.3045,
2011-10-21,100,17,18,256,1,SOXL,1,0.4980,0.4833,29.8800,28.9980,gap,stop,588,826,-295.1807,open,20.3797,-315.5605,22.7581,-317.9388,
2011-10-24,101,17,18,385,1,SOXL,1,0.5235,0.5405,31.4100,32.4300,open,time,588,955,324.7373,open,20.5348,304.2025,22.7283,302.0090,
2011-10-31,106,16,17,385,-1,SOXS,1,10360320000.0000,10389120000.0000,53.9600,54.1100,open,time,587,955,27.7984,open,20.4399,7.3584,21.7354,6.0630,
2011-11-01,107,144,145,385,-1,SOXS,1,11646720000.0000,11527891200.0000,60.6600,60.0411,open,time,715,955,-102.0277,open,14.1532,-116.1808,15.3131,-117.3408,
2011-11-03,109,20,21,109,-1,SOXS,1,11408640000.0000,10944000000.0000,59.4200,57.0000,level,stop,591,679,-407.2703,open,19.7491,-427.0194,20.9522,-428.2224,
2011-11-17,119,15,16,385,-1,SOXS,1,10310400000.0000,11020800000.0000,53.7000,57.4000,open,time,586,955,689.0130,open,20.0777,668.9354,21.3392,667.6738,
2011-11-21,121,15,16,361,-1,SOXS,1,12077049600.0000,11677440000.0000,62.9013,60.8200,level,stop,586,931,-330.8835,open,17.7777,-348.6612,18.9096,-349.7931,
2011-11-22,122,16,17,37,1,SOXL,1,0.4580,0.4417,27.4800,26.5020,level,stop,587,607,-355.8952,open,29.7493,-385.6445,32.3436,-388.2388,
2011-11-23,123,19,20,385,-1,SOXS,1,12942720000.0000,13296000000.0000,67.4100,69.2500,open,time,590,955,272.9565,open,16.2302,256.7264,17.2548,255.7017,
2011-11-28,125,41,42,183,1,SOXL,1,0.4215,0.4133,25.2900,24.7980,gap,stop,612,753,-194.5433,open,26.0014,-220.5447,28.7968,-223.3401,
2011-11-29,126,30,31,194,1,SOXL,1,0.4232,0.4094,25.3920,24.5640,level,stop,601,764,-326.0870,open,26.0344,-352.1214,28.8376,-354.9246,
2011-11-30,127,25,26,385,1,SOXL,1,0.4527,0.4755,27.1620,28.5300,open,time,596,955,503.6448,open,23.5857,480.0591,26.1011,477.5437,
2011-12-01,128,22,23,385,1,SOXL,1,0.4810,0.4822,28.8600,28.9320,open,time,593,955,24.9480,open,22.5969,2.3511,25.0194,-0.0714,
2011-12-06,131,15,16,31,-1,SOXS,1,10137600000.0000,10114560000.0000,52.8000,52.6800,gap,stop,586,601,-22.7273,open,24.7228,-47.4500,26.0500,-48.7773,
2011-12-12,135,27,28,385,-1,SOXS,1,11356800000.0000,11205120000.0000,59.1500,58.3600,open,time,598,955,-133.5587,open,18.7616,-152.3204,19.9530,-153.5118,
2011-12-14,137,17,18,385,-1,SOXS,1,12138240000.0000,12514368000.0000,63.2200,65.1790,open,time,588,955,309.8703,open,17.2803,292.5900,18.3709,291.4994,
2011-12-16,139,32,33,151,1,SOXL,1,0.4098,0.3982,24.5880,23.8920,gap,stop,603,721,-283.0649,open,26.8373,-309.9022,29.7256,-312.7906,
2011-12-20,141,55,56,385,1,SOXL,1,0.4063,0.4152,24.3780,24.9120,open,time,626,955,219.0500,open,26.5467,192.5032,29.3874,189.6626,
2011-12-22,143,25,26,385,1,SOXL,1,0.4263,0.4418,25.5780,26.5080,open,time,596,955,363.5937,open,25.1696,338.4241,27.8583,335.7354,
2012-01-03,149,38,39,112,1,SOXL,1,0.4692,0.4592,28.1520,27.5520,gap,stop,609,682,-213.1287,open,16.2375,-229.3663,18.7511,-231.8799,
2012-01-05,151,16,17,45,-1,SOXS,1,10527360000.0000,10348800000.0000,54.8300,53.9000,level,stop,587,615,-169.6152,open,19.3826,-188.9977,20.6702,-190.2854,
2012-01-09,153,17,18,385,1,SOXL,1,0.4845,0.4987,29.0700,29.9220,open,time,588,955,293.0857,open,18.8184,274.2673,21.1921,271.8936,
2012-01-13,157,40,41,385,-1,SOXS,1,9158400000.0000,9279360000.0000,47.7000,48.3300,open,time,611,955,132.0755,open,18.8365,113.2390,20.2945,111.7810,
2012-01-18,159,20,21,385,1,SOXL,1,0.5555,0.5832,33.3300,34.9920,open,time,591,955,498.6499,open,16.3048,482.3451,18.3551,480.2947,
2012-01-19,160,21,22,35,1,SOXL,1,0.6062,0.5982,36.3720,35.8920,level,stop,592,605,-131.9696,open,16.6753,-148.6450,18.6128,-150.5824,
2012-01-23,162,26,27,138,1,SOXL,1,0.6337,0.6175,38.0220,37.0500,level,stop,597,708,-255.6415,open,14.6894,-270.3309,16.5546,-272.1961,
2012-01-26,165,21,22,80,1,SOXL,1,0.6460,0.6333,38.7600,37.9980,level,stop,592,650,-196.5944,open,15.6944,-212.2889,17.5185,-214.1130,
2012-01-30,167,20,21,385,-1,SOXS,1,7662720000.0000,7488000000.0000,39.9100,39.0000,open,time,591,955,-228.0130,open,24.1218,-252.1348,25.8962,-253.9092,
2012-02-01,169,54,55,385,1,SOXL,1,0.6412,0.6472,38.4720,38.8320,open,time,625,955,93.5745,open,11.7331,81.8414,13.5442,80.0304,
2012-02-02,170,28,29,385,1,SOXL,1,0.6557,0.6557,39.3420,39.3420,open,time,599,955,0.0000,open,14.0640,-14.0640,15.8433,-15.8433,
2012-02-03,171,29,30,385,1,SOXL,1,0.6817,0.6888,40.9020,41.3280,open,time,600,955,104.1514,open,11.0340,93.1174,12.7365,91.4148,
2012-02-10,176,27,28,385,-1,SOXS,1,6666240000.0000,6798720000.0000,34.7200,35.4100,open,time,598,955,198.7327,open,27.2250,171.5077,29.2215,169.5113,
2012-02-16,180,15,16,385,1,SOXL,1,0.6863,0.7283,41.1780,43.6980,open,time,586,955,611.9773,open,13.1573,598.8200,14.8082,597.1690,
2012-03-05,191,15,16,385,-1,SOXS,1,6902688000.0000,7191360000.0000,35.9515,37.4550,open,time,586,955,418.2023,open,26.0636,392.1387,27.9716,390.2307,
2012-03-06,192,34,35,385,-1,SOXS,1,7503360000.0000,7363200000.0000,39.0800,38.3500,open,time,605,955,-186.7963,open,23.3094,-210.1057,25.1177,-211.9140,
2012-03-07,193,31,32,385,1,SOXL,1,0.6012,0.6150,36.0720,36.9000,open,time,602,955,229.5409,open,12.4369,217.1041,14.3557,215.1853,
2012-03-13,197,62,63,385,1,SOXL,1,0.6663,0.6828,39.9780,40.9680,open,time,633,955,247.6362,open,11.2180,236.4182,12.9478,234.6884,
2012-03-14,198,15,16,93,1,SOXL,1,0.7099,0.6914,42.5940,41.4840,gap,stop,586,663,-260.6001,open,13.1206,-273.7207,14.7860,-275.3861,
2012-03-15,199,20,21,385,1,SOXL,1,0.6962,0.7167,41.7720,43.0020,open,time,591,955,294.4556,open,13.1110,281.3446,14.7628,279.6928,
2012-03-20,202,15,16,111,-1,SOXS,1,6034656000.0000,5894400000.0000,31.4305,30.7000,gap,stop,586,681,-232.4176,open,28.9929,-261.4105,31.2466,-263.6641,
2012-03-21,203,19,20,38,1,SOXL,1,0.7365,0.7272,44.1900,43.6320,level,stop,590,608,-126.2729,open,13.7309,-140.0038,15.3251,-141.5980,
2012-04-03,212,17,18,385,-1,SOXS,1,5909760000.0000,6030720000.0000,30.7800,31.4100,open,time,588,955,204.6784,open,30.6959,173.9824,32.9473,171.7310,
2012-04-04,213,23,24,385,-1,SOXS,1,6370560000.0000,6424320000.0000,33.1800,33.4600,open,time,594,955,84.3882,open,28.6207,55.7675,30.7216,53.6666,
2012-04-09,215,20,21,55,-1,SOXS,1,6762240000.0000,6696960000.0000,35.2200,34.8800,gap,stop,591,625,-96.5361,open,30.0393,-126.5753,32.0365,-128.5725,
2012-04-12,218,56,57,385,1,SOXL,1,0.6473,0.6623,38.8380,39.7380,open,time,627,955,231.7318,open,11.5537,220.1781,13.3356,218.3962,
2012-04-17,221,15,16,385,1,SOXL,1,0.6497,0.6577,38.9820,39.4620,open,time,586,955,123.1338,open,14.1306,109.0031,15.9154,107.2184,
2012-04-23,225,23,24,378,-1,SOXS,1,7549440000.0000,7400167829.9555,39.3200,38.5425,level,stop,594,948,-197.7261,open,24.4507,-222.1768,26.2489,-223.9750,
2012-04-27,229,18,19,91,-1,SOXS,1,6746880000.0000,6566400000.0000,35.1400,34.2000,level,stop,589,661,-267.5014,open,25.9746,-293.4760,27.9940,-295.4954,
2012-05-08,236,34,35,350,-1,SOXS,1,7839360000.0000,7597440000.0000,40.8300,39.5700,gap,stop,605,920,-308.5966,open,22.4384,-331.0350,24.1801,-332.7768,
2012-05-09,237,24,25,30,-1,SOXS,1,8021760000.0000,7919139286.4865,41.7800,41.2455,level,stop,595,600,-127.9279,open,25.3692,-153.2972,27.0555,-154.9835,
2012-05-16,242,63,64,238,1,SOXL,1,0.5018,0.4857,30.1080,29.1420,gap,stop,634,808,-320.8450,open,16.9777,-337.8227,19.3412,-340.1862,
2012-05-17,243,16,17,385,-1,SOXS,1,8505600000.0000,8971200000.0000,44.3000,46.7250,open,time,587,955,547.4041,open,21.0549,526.3492,22.5940,524.8100,
2012-05-29,250,15,16,153,1,SOXL,1,0.4608,0.4525,27.6480,27.1500,gap,stop,586,723,-180.1215,open,20.1245,-200.2460,22.6796,-202.8011,
2012-05-30,251,31,32,385,-1,SOXS,1,8805120000.0000,8814720000.0000,45.8600,45.9100,open,time,602,955,10.9027,open,19.6948,-8.7920,21.2203,-10.3176,
2012-05-31,252,19,20,385,-1,SOXS,1,9216000000.0000,9083520000.0000,48.0000,47.3100,open,time,590,955,-143.7500,open,19.9917,-163.7417,21.4607,-165.2107,
2012-06-01,253,57,58,385,-1,SOXS,1,9719232000.0000,10200960000.0000,50.6210,53.1300,open,time,628,955,495.6441,open,17.4815,478.1626,18.8317,476.8124,
2012-06-04,254,40,41,385,-1,SOXS,1,10275859200.0000,10226054400.0000,53.5201,53.2607,open,time,611,955,-48.4678,open,16.9279,-65.3957,18.2390,-66.7068,
2012-06-05,255,15,16,385,1,SOXL,1,0.3833,0.3982,22.9980,23.8920,open,time,586,955,388.7295,open,23.6951,365.0343,26.6819,362.0475,
2012-06-06,256,15,16,385,1,SOXL,1,0.4216,0.4363,25.2960,26.1780,open,time,586,955,348.6717,open,21.5768,327.0949,24.2975,324.3743,
2012-06-21,267,15,16,385,-1,SOXS,1,7762560000.0000,8392320000.0000,40.4300,43.7100,open,time,586,955,811.2788,open,22.8357,788.4430,24.5022,786.7766,
2012-06-22,268,25,26,107,1,SOXL,1,0.4450,0.4383,26.7000,26.2980,gap,stop,596,677,-150.5618,open,20.8142,-171.3760,23.4559,-174.0177,
2012-06-25,269,39,40,385,-1,SOXS,1,8496000000.0000,8803200000.0000,44.2500,45.8500,open,time,610,955,361.5819,open,20.1029,341.4790,21.6572,339.9247,
2012-06-26,270,22,23,290,-1,SOXS,1,8780160000.0000,8592000000.0000,45.7300,44.7500,gap,stop,593,860,-214.3013,open,22.1630,-236.4644,23.7105,-238.0119,
2012-06-27,271,15,16,36,-1,SOXS,1,8536320000.0000,8389440000.0000,44.4600,43.6950,level,stop,586,606,-172.0648,open,23.8944,-195.9592,25.4826,-197.5474,
2012-07-06,277,15,16,385,-1,SOXS,1,7718400000.0000,7872000000.0000,40.2000,41.0000,open,time,586,955,199.0050,open,23.5204,175.4846,25.2447,173.7603,
2012-07-10,279,36,37,385,-1,SOXS,1,8362656000.0000,8699520000.0000,43.5555,45.3100,open,time,607,955,402.8194,open,20.3874,382.4320,21.9634,380.8560,
2012-07-12,281,36,37,385,-1,SOXS,1,9575040000.0000,9425280000.0000,49.8700,49.0900,open,time,607,955,-156.4067,open,18.2518,-174.6585,19.6666,-176.0733,
2012-07-16,283,15,16,385,-1,SOXS,1,9473280000.0000,9432960000.0000,49.3400,49.1300,open,time,586,955,-42.5618,open,19.3663,-61.9281,20.7880,-63.3498,
2012-07-19,286,17,18,385,1,SOXL,1,0.4238,0.4195,25.4280,25.1700,open,time,588,955,-101.4630,open,21.8130,-123.2759,24.5800,-126.0429,
2012-07-20,287,18,19,385,-1,SOXS,1,8225280000.0000,8419200000.0000,42.8400,43.8500,open,time,589,955,235.7610,open,22.0411,213.7198,23.6563,212.1047,
2012-07-25,290,151,152,385,1,SOXL,1,0.4147,0.4022,24.8820,24.1320,open,time,722,955,-301.4227,open,16.4306,-317.8533,19.2876,-320.7103,
2012-07-26,291,37,38,115,1,SOXL,1,0.4400,0.4275,26.4000,25.6500,level,stop,608,685,-284.0909,open,17.3687,-301.4596,20.0589,-304.1498,
2012-08-03,297,102,103,385,1,SOXL,1,0.4827,0.4825,28.9620,28.9500,open,time,673,955,-4.1434,open,13.9100,-18.0533,16.3274,-20.4708,
2012-08-06,298,15,16,27,1,SOXL,1,0.4940,0.4885,29.6400,29.3100,gap,stop,586,597,-111.3360,open,23.8450,-135.1811,26.2200,-137.5560,
2012-08-07,299,15,16,385,1,SOXL,1,0.5138,0.5232,30.8280,31.3920,open,time,586,955,182.9506,open,17.8168,165.1338,20.0670,162.8835,
2012-08-17,307,105,106,385,-1,SOXS,1,6048000000.0000,6009600000.0000,31.5000,31.3000,open,time,676,955,-63.4921,open,23.9832,-87.4753,26.2125,-89.7046,
2012-08-21,309,30,31,198,1,SOXL,1,0.5465,0.5358,32.7900,32.1480,gap,stop,601,768,-195.7914,open,15.4922,-211.2836,17.6484,-213.4398,
2012-09-06,320,20,21,385,1,SOXL,1,0.5117,0.5357,30.7020,32.1420,open,time,591,955,469.0248,open,17.7137,451.3111,19.9427,449.0822,
2012-09-13,325,18,19,181,-1,SOXS,1,6337920000.0000,6234518234.1651,33.0100,32.4714,level,stop,589,751,-163.1478,open,29.0712,-192.2190,31.2093,-194.3571,
2012-09-14,326,16,17,385,1,SOXL,1,0.5524,0.5428,33.1440,32.5680,open,time,587,955,-173.7871,open,16.7919,-190.5790,18.9226,-192.7097,
2012-09-20,330,17,18,385,-1,SOXS,1,6351360000.0000,6353280000.0000,33.0800,33.0900,open,time,588,955,3.0230,open,28.8049,-25.7819,30.9207,-27.8977,
2012-09-26,334,52,53,241,-1,SOXS,1,7390080000.0000,7201920000.0000,38.4900,37.5100,level,stop,623,811,-254.6116,open,25.0728,-279.6844,26.9153,-281.5268,
2012-10-01,337,32,33,199,1,SOXL,1,0.4640,0.4517,27.8400,27.1020,level,stop,603,769,-265.0862,open,18.3033,-283.3895,20.8519,-285.9381,
2012-10-05,341,53,54,281,1,SOXL,1,0.4745,0.4617,28.4700,27.7020,gap,stop,624,851,-269.7576,open,17.9037,-287.6614,20.3965,-290.1542,
2012-10-15,347,216,217,385,1,SOXL,1,0.4132,0.4167,24.7920,25.0020,open,time,787,955,84.7047,open,18.1863,66.5185,20.9979,63.7069,
2012-10-19,351,15,16,385,-1,SOXS,1,7338240000.0000,7766400000.0000,38.2200,40.4500,open,time,586,955,583.4642,open,24.3623,559.1019,26.1433,557.3209,
2012-10-22,352,34,35,217,1,SOXL,1,0.3998,0.3892,23.9880,23.3520,level,stop,605,787,-265.1326,open,21.2343,-286.3668,24.1921,-289.3247,
2012-11-02,359,20,21,385,-1,SOXS,1,6994560000.0000,7242240000.0000,36.4300,37.7200,open,time,591,955,354.1038,open,25.7874,328.3164,27.6760,326.4278,
2012-11-23,373,18,19,205,1,SOXL,1,0.3943,0.3997,23.6580,23.9820,open,time,589,775,136.9516,open,25.3238,111.6277,28.2627,108.6889,
2012-11-28,376,15,16,66,-1,SOXS,1,7445760000.0000,7296000000.0000,38.7800,38.0000,level,stop,586,636,-201.1346,open,23.4783,-224.6129,25.3019,-226.4365,
2012-12-11,385,18,19,385,1,SOXL,1,0.4583,0.4672,27.4980,28.0320,open,time,589,955,194.1959,open,19.9603,174.2357,22.4817,171.7143,
2012-12-18,390,23,24,385,1,SOXL,1,0.4563,0.4680,27.3780,28.0800,open,time,594,955,256.4103,open,20.0038,236.4065,22.5286,233.8816,
2012-12-24,394,80,81,205,-1,SOXS,1,6428160000.0000,6364800000.0000,33.4800,33.1500,open,time,651,775,-98.5663,open,22.6106,-121.1769,24.7118,-123.2781,
2013-01-02,399,32,33,385,1,SOXL,1,0.4987,0.5028,29.9220,30.1680,open,time,603,955,82.2138,open,21.7355,60.4783,24.0654,58.1484,
2013-01-08,403,27,28,385,-1,SOXS,1,5798400000.0000,5928172800.0000,30.2000,30.8759,open,time,598,955,223.8079,open,24.7463,199.0616,27.0388,196.7691,
2013-01-09,404,25,26,385,1,SOXL,1,0.4878,0.4872,29.2680,29.2320,open,time,596,955,-12.3001,open,29.1501,-41.4502,31.5432,-43.8433,
2013-01-17,410,16,17,385,1,SOXL,1,0.5400,0.5477,32.4000,32.8620,open,time,587,955,142.5926,open,26.1950,116.3976,28.3403,114.2523,
2013-01-22,412,31,32,385,-1,SOXS,1,5184000000.0000,5143680000.0000,27.0000,26.7900,open,time,602,955,-77.7778,open,20.5425,-98.3203,23.1452,-100.9230,
2013-02-05,422,21,22,385,1,SOXL,1,0.5754,0.5832,34.5240,34.9920,open,time,592,955,135.5579,open,24.5925,110.9654,26.6065,108.9514,
2013-02-11,426,78,79,385,1,SOXL,1,0.6061,0.6050,36.3660,36.3000,open,time,649,955,-18.1488,open,16.6007,-34.7496,18.5274,-36.6762,
2013-02-13,428,16,17,113,1,SOXL,1,0.6183,0.6103,37.0980,36.6180,level,stop,587,683,-129.3870,open,23.1048,-152.4918,25.0041,-154.3911,
2013-02-19,431,15,16,385,1,SOXL,1,0.6350,0.6420,38.1000,38.5200,open,time,586,955,110.2362,open,22.3086,87.9276,24.1359,86.1004,
2013-02-21,433,16,17,385,-1,SOXS,1,4695667200.0000,4767360000.0000,24.4566,24.8300,open,time,587,955,152.6786,open,30.6162,122.0624,33.4569,119.2217,
2013-02-26,436,30,31,128,1,SOXL,1,0.5817,0.5692,34.9020,34.1520,level,stop,601,698,-214.8874,open,17.4374,-232.3248,19.4650,-234.3524,
2013-02-28,438,16,17,385,1,SOXL,1,0.6192,0.6108,37.1520,36.6480,open,time,587,955,-135.6589,open,23.0765,-158.7354,24.9736,-160.6325,
2013-03-05,441,65,66,385,1,SOXL,1,0.6295,0.6302,37.7700,37.8120,open,time,636,955,11.1199,open,15.9622,-4.8422,17.8145,-6.6945,
2013-03-07,443,23,24,85,1,SOXL,1,0.6524,0.6407,39.1440,38.4420,gap,stop,594,655,-179.3378,open,21.9395,-201.2773,23.7441,-203.0819,
2013-03-20,452,43,44,385,1,SOXL,1,0.6257,0.6288,37.5420,37.7280,open,time,614,955,49.5445,open,17.3600,32.1845,19.2200,30.3245,
2013-03-28,458,357,358,385,1,SOXL,1,0.6460,0.6497,38.7600,38.9820,open,time,928,955,57.2755,open,15.5201,41.7554,17.3210,39.9546,
2013-04-12,468,37,38,385,-1,SOXS,1,4126060800.0000,4083840000.0000,21.4899,21.2700,open,time,608,955,-102.3271,open,25.8258,-128.1529,29.1000,-131.4271,
2013-04-17,471,48,49,385,-1,SOXS,1,4391040000.0000,4498560000.0000,22.8700,23.4300,open,time,619,955,244.8623,open,23.8942,220.9681,26.9184,217.9439,
2013-04-23,475,15,16,385,1,SOXL,1,0.5936,0.6100,35.6160,36.6000,open,time,586,955,276.2803,open,23.7257,252.5546,25.6647,250.6156,
2013-04-25,477,19,20,385,1,SOXL,1,0.6547,0.6513,39.2820,39.0780,open,time,590,955,-51.9322,open,21.7625,-73.6947,23.5492,-75.4814,
2013-04-30,480,23,24,78,-1,SOXS,1,3853440000.0000,3766428709.9202,20.0700,19.6168,level,stop,594,648,-225.8016,open,37.7742,-263.5758,41.3023,-267.1039,
2013-05-02,482,90,91,385,1,SOXL,1,0.6722,0.6830,40.3320,40.9800,open,time,661,955,160.6665,open,14.8416,145.8248,16.5635,144.1030,
2013-05-03,483,21,22,385,1,SOXL,1,0.7165,0.7063,42.9900,42.3780,open,time,592,955,-142.3587,open,19.9545,-162.3132,21.5945,-163.9532,
2013-05-22,496,23,24,243,1,SOXL,1,0.8012,0.7899,48.0720,47.3940,level,stop,594,813,-141.0384,open,17.8495,-158.8880,19.3161,-160.3545,
2013-05-24,498,30,31,343,-1,SOXS,1,3317760000.0000,3252480000.0000,17.2800,16.9400,level,stop,601,913,-196.7593,open,35.1984,-231.9577,39.2900,-236.0493,
2013-06-04,504,61,62,274,1,SOXL,1,0.8258,0.8067,49.5480,48.4020,level,stop,632,844,-231.2909,open,12.3307,-243.6216,13.7602,-245.0510,
2013-06-05,505,45,46,385,-1,SOXS,1,3102720000.0000,3152640000.0000,16.1600,16.4200,open,time,616,955,160.8911,open,33.9199,126.9712,38.2173,122.6738,
2013-06-17,513,15,16,325,1,SOXL,1,0.8145,0.7928,48.8700,47.5680,level,stop,586,895,-266.4211,open,17.6394,-284.0606,19.0914,-285.5125,
2013-06-18,514,61,62,385,1,SOXL,1,0.8280,0.8400,49.6800,50.4000,open,time,632,955,144.9275,open,12.0678,132.8597,13.4668,131.4608,
2013-06-20,516,100,101,385,-1,SOXS,1,3131942400.0000,3187200000.0000,16.3122,16.6000,open,time,671,955,176.4324,open,33.5807,142.8517,37.8348,138.5976,
2013-06-24,518,28,29,385,-1,SOXS,1,3360000000.0000,3348480000.0000,17.5000,17.4400,open,time,599,955,-34.2857,open,43.0318,-77.3175,47.0387,-81.3244,
2013-07-05,526,15,16,46,1,SOXL,1,0.8150,0.8000,48.9000,48.0000,level,stop,586,616,-184.0491,open,18.6172,-202.6663,20.0621,-204.1112,
2013-07-23,538,15,16,58,1,SOXL,1,0.8883,0.8670,53.2980,52.0200,level,stop,586,628,-239.7839,open,17.1235,-256.9074,18.4530,-258.2369,
2013-07-25,540,15,16,385,1,SOXL,1,0.8098,0.8222,48.5880,49.3320,open,time,586,955,153.1242,open,17.4783,135.6460,18.9081,134.2161,
2013-08-09,551,37,38,69,-1,SOXS,1,2862720000.0000,2822400000.0000,14.9100,14.7000,gap,stop,608,639,-140.8451,open,37.2670,-178.1120,41.9953,-182.8404,
2013-08-14,554,16,17,153,-1,SOXS,1,2858880000.0000,2787840000.0000,14.8900,14.5200,level,stop,587,723,-248.4889,open,54.3813,-302.8702,59.1423,-307.6312,
2013-08-15,555,42,43,385,-1,SOXS,1,3014592000.0000,3043200000.0000,15.7010,15.8500,open,time,613,955,94.8984,open,35.0130,59.8855,39.4503,55.4481,
2013-08-16,556,22,23,385,1,SOXL,1,0.7612,0.7520,45.6720,45.1200,open,time,593,955,-120.8618,open,18.7711,-139.6329,20.3132,-141.1750,
2013-08-21,559,129,130,304,-1,SOXS,1,3072960000.0000,3025920000.0000,64.0200,63.0400,level,stop,700,874,-153.0772,open,8.7355,-161.8127,9.8374,-162.9146,
2013-08-27,563,17,18,385,-1,SOXS,1,3124800000.0000,3216480000.0000,65.1000,67.0100,open,time,588,955,293.3948,open,11.4817,281.9131,12.5416,280.8532,
2013-08-29,565,16,17,385,1,SOXL,1,0.7377,0.7484,44.2620,44.9040,open,time,587,955,145.0454,open,19.1869,125.8585,20.7571,124.2883,
2013-09-05,569,15,16,385,1,SOXL,1,0.8191,0.8198,49.1460,49.1880,open,time,586,955,8.5460,open,17.3676,-8.8217,18.7913,-10.2454,
2013-09-12,574,66,67,379,1,SOXL,1,0.8890,0.8642,53.3400,51.8520,gap,stop,637,949,-278.9651,open,11.4861,-290.4512,12.8172,-291.7824,
2013-09-23,581,33,34,385,-1,SOXS,1,2418240000.0000,2452320000.0000,50.3800,51.0900,open,time,604,955,140.9289,open,10.9245,130.0044,12.3043,128.6246,
2013-10-23,603,24,25,385,-1,SOXS,1,2421120000.0000,2432160000.0000,50.4400,50.6700,open,time,595,955,45.5987,open,14.9233,30.6754,16.3079,29.2908,
2013-11-27,628,32,33,126,-1,SOXS,1,2163364800.0000,2137440000.0000,45.0701,44.5300,gap,stop,603,696,-119.8355,open,12.3507,-132.1862,13.9132,-133.7488,
2013-12-16,640,15,16,385,1,SOXL,1,1.0223,1.0085,61.3380,60.5100,open,time,586,955,-134.9897,open,13.9971,-148.9868,15.1461,-150.1358,
2014-01-02,651,69,70,385,-1,SOXS,1,1879680000.0000,1879680000.0000,39.1600,39.1600,open,time,640,955,0.0000,open,10.2987,-10.2987,12.0862,-12.0862,
2014-01-13,658,29,30,60,-1,SOXS,1,1820640000.0000,1806240000.0000,37.9300,37.6300,gap,stop,600,630,-79.0931,open,11.9915,-91.0846,13.8444,-92.9375,
2014-01-23,665,21,22,385,-1,SOXS,1,1723680000.0000,1727520000.0000,35.9100,35.9900,open,time,592,955,22.2779,open,13.9984,8.2795,15.9456,6.3323,
2014-01-24,666,15,16,385,-1,SOXS,1,1776964800.0000,1838880000.0000,37.0201,38.3100,open,time,586,955,348.4323,open,13.4092,335.0231,15.2682,333.1641,
2014-02-11,678,15,16,385,1,SOXL,1,1.1815,1.2015,70.8900,72.0900,open,time,586,955,169.2763,open,23.8972,145.3791,24.8764,144.3999,
2014-02-28,690,137,138,331,1,SOXL,1,1.3479,1.3217,80.8740,79.3020,level,stop,708,901,-194.3764,open,19.4168,-213.7933,20.2910,-214.6674,
2014-03-04,692,17,18,385,1,SOXL,1,1.3700,1.3822,82.2000,82.9320,open,time,588,955,89.0511,open,20.6781,68.3730,21.5260,67.5251,
2014-03-12,698,16,17,36,-1,SOXS,1,1456800000.0000,1430400000.0000,30.3500,29.8000,gap,stop,587,606,-181.2191,open,18.3686,-199.5877,20.6963,-201.9154,
2014-03-17,701,32,33,385,1,SOXL,1,1.3797,1.3728,82.7820,82.3680,open,time,603,955,-50.0109,open,17.6221,-67.6330,18.4699,-68.4807,
2014-03-26,708,15,16,33,1,SOXL,1,1.5318,1.5011,91.9080,90.0660,gap,stop,586,603,-200.4178,open,20.3723,-220.7901,21.1417,-221.5595,
2014-03-31,711,21,22,385,1,SOXL,1,1.4833,1.4970,88.9980,89.8200,open,time,592,955,92.3616,open,19.1002,73.2614,19.8831,72.4785,
2014-04-15,722,15,16,45,1,SOXL,1,1.3615,1.3275,81.6900,79.6500,gap,stop,586,615,-249.7246,open,22.9647,-272.6893,23.8326,-273.5572,
2014-04-17,724,37,38,385,1,SOXL,1,1.4033,1.4225,84.1980,85.3500,open,time,608,955,136.8204,open,17.1833,119.6370,18.0091,118.8112,
2014-04-22,726,34,35,385,1,SOXL,1,1.4750,1.5012,88.5000,90.0720,open,time,605,955,177.6271,open,16.3214,161.3057,17.1055,160.5216,
2014-04-28,730,19,20,385,-1,SOXS,1,1361112000.0000,1380960000.0000,28.3565,28.7700,open,time,590,955,145.8219,open,17.6275,128.1945,20.0783,125.7437,
2014-05-15,743,16,17,385,-1,SOXS,1,1332504000.0000,1356960000.0000,27.7605,28.2700,open,time,587,955,183.5342,open,17.9783,165.5558,20.4772,163.0570,
2014-06-27,773,85,86,385,1,SOXL,1,1.8167,1.8263,109.0010,109.5770,open,time,656,955,52.8431,open,13.3341,39.5089,13.9747,38.8684,
2014-07-08,779,18,19,385,-1,SOXS,1,930720000.0000,931200000.0000,19.3900,19.4000,open,time,589,955,5.1573,open,25.8992,-20.7419,29.5084,-24.3511,
2014-07-16,785,15,16,113,1,SOXL,1,2.0333,2.0000,121.9980,120.0000,gap,stop,586,683,-163.7732,open,14.9185,-178.6917,15.4971,-179.2703,
2014-07-17,786,15,16,385,-1,SOXS,1,926928000.0000,954720000.0000,19.3110,19.8900,open,time,586,955,299.8291,open,25.7069,274.1223,29.2790,270.5501,
2014-07-18,787,28,29,385,1,SOXL,1,1.9270,1.9450,115.6200,116.7000,open,time,599,955,93.4094,open,14.7135,78.6960,15.3161,78.0934,
2014-07-23,790,16,17,385,-1,SOXS,1,936000000.0000,955200000.0000,19.5000,19.9000,open,time,587,955,205.1282,open,25.5512,179.5770,29.1049,176.0233,
2014-07-25,792,87,88,385,-1,SOXS,1,1034880000.0000,1037760000.0000,21.5600,21.6200,open,time,658,955,27.8293,open,18.6383,9.1911,21.8805,5.9488,
2014-08-11,803,20,21,385,1,SOXL,1,1.6680,1.6752,100.0786,100.5106,open,time,591,955,43.1655,open,17.0227,26.1428,17.7206,25.4449,
2014-08-14,806,204,205,385,1,SOXL,1,1.7302,1.7225,103.8120,103.3500,open,time,775,955,-44.5035,open,13.5775,-58.0810,14.2533,-58.7568,
2014-08-15,807,32,33,83,1,SOXL,1,1.7767,1.7595,106.6020,105.5700,level,stop,603,653,-96.8087,open,15.1458,-111.9545,15.8056,-112.6143,
2014-09-03,819,26,27,385,1,SOXL,1,1.9722,1.9493,118.3320,116.9580,open,time,597,955,-116.1140,open,14.4930,-130.6070,15.0880,-131.2020,
2014-10-03,841,34,35,385,1,SOXL,1,1.7907,1.7625,107.4420,105.7500,open,time,605,955,-157.4803,open,13.6557,-171.1361,14.3125,-171.7928,
2014-10-10,846,33,34,385,-1,SOXS,1,1245595200.0000,1267680000.0000,25.9499,26.4100,open,time,604,955,177.3032,open,17.3071,159.9961,19.9811,157.3221,
2014-10-13,847,15,16,131,-1,SOXS,1,1288732800.0000,1260941773.1465,26.8486,26.2696,level,stop,586,701,-215.6462,open,20.7910,-236.4371,23.4269,-239.0730,
2014-10-21,853,18,19,385,1,SOXL,1,1.4888,1.5533,89.3280,93.1980,open,time,589,955,433.2348,open,18.7938,414.4410,19.5611,413.6737,
2014-10-27,857,22,23,97,-1,SOXS,1,978240000.0000,961440000.0000,20.3800,20.0300,level,stop,593,667,-171.7370,open,24.8212,-196.5582,28.2860,-200.0230,
2014-10-31,861,30,31,385,1,SOXL,1,1.8443,1.8368,110.6580,110.2080,open,time,601,955,-40.6658,open,13.1902,-53.8561,13.8241,-54.4899,
2014-11-05,864,96,97,385,1,SOXL,1,1.9023,1.9107,114.1380,114.6420,open,time,667,955,44.1571,open,12.3032,31.8539,12.9151,31.2420,
2014-11-13,870,15,16,119,1,SOXL,1,1.8771,1.8469,112.6260,110.8140,gap,stop,586,689,-160.8865,open,16.1537,-177.0402,16.7803,-177.6668,
2014-11-21,876,74,75,96,1,SOXL,1,2.0583,2.0243,123.4980,121.4580,gap,stop,645,666,-165.1849,open,12.7145,-177.8994,13.2861,-178.4709,
2014-12-01,881,19,20,385,-1,SOXS,1,672960000.0000,686160000.0000,14.0200,14.2950,open,time,590,955,196.1484,open,35.5308,160.6175,40.4757,155.6727,
2014-12-02,882,293,294,385,1,SOXL,1,2.1903,2.2073,131.4180,132.4380,open,time,864,955,77.6149,open,10.2953,67.3197,10.8259,66.7890,
2014-12-05,885,19,20,385,1,SOXL,1,2.4062,2.4215,144.3720,145.2900,open,time,590,955,63.5857,open,11.8066,51.7791,12.2900,51.2958,
2014-12-11,889,15,16,381,1,SOXL,1,2.2490,2.2120,134.9400,132.7200,gap,stop,586,951,-164.5176,open,12.7396,-177.2571,13.2626,-177.7802,
2014-12-23,897,15,16,77,1,SOXL,1,2.4035,2.3607,144.2100,141.6420,gap,stop,586,647,-178.0736,open,12.9893,-191.0629,13.4791,-191.5527,
2015-01-05,904,25,26,385,-1,SOXS,1,664800000.0000,675840000.0000,13.8500,14.0800,open,time,596,955,166.0650,open,46.8388,119.2261,51.8517,114.2133,
2015-01-08,907,17,18,385,1,SOXL,1,2.1567,2.2187,129.4020,133.1220,open,time,588,955,287.4762,open,5.0515,282.4248,5.5849,281.8914,
2015-01-16,913,28,29,86,-1,SOXS,1,739200000.0000,715200000.0000,15.4000,14.9000,gap,stop,599,656,-324.6753,open,52.8490,-377.5243,57.4707,-382.1460,
2015-01-20,914,15,16,22,1,SOXL,1,2.0550,2.0292,123.3000,121.7520,gap,stop,586,592,-125.5474,open,8.2235,-133.7710,8.7949,-134.3423,
2015-01-22,916,16,17,315,-1,SOXS,1,694080000.0000,655200000.0000,14.4600,13.6500,level,stop,587,885,-560.1660,open,53.2446,-613.4106,58.2292,-618.3951,
2015-01-26,918,96,97,385,1,SOXL,1,2.1645,2.1793,129.8700,130.7580,open,time,667,955,68.3761,open,3.1331,65.2430,3.6703,64.7058,
2015-01-27,919,25,26,291,-1,SOXS,1,680160000.0000,669600000.0000,14.1700,13.9500,gap,stop,596,861,-155.2576,open,56.9910,-212.2486,61.9700,-217.2276,
2015-01-28,920,17,18,65,1,SOXL,1,2.1550,2.1250,129.3000,127.5000,gap,stop,588,635,-139.2111,open,5.8890,-145.1001,6.4342,-145.6453,
2015-01-30,922,51,52,385,-1,SOXS,1,714096000.0000,729600000.0000,14.8770,15.2000,open,time,622,955,217.1137,open,36.8207,180.2930,41.4759,175.6377,
2015-02-12,931,22,23,385,1,SOXL,1,2.2997,2.3463,137.9820,140.7780,open,time,593,955,202.6351,open,4.7494,197.8857,5.2517,197.3834,
2015-02-18,934,31,32,167,-1,SOXS,1,573120000.0000,566880000.0000,11.9400,11.8100,gap,stop,602,737,-108.8777,open,59.1102,-167.9879,65.0051,-173.8828,
2015-03-02,942,17,18,385,1,SOXL,1,2.6312,2.7122,157.8720,162.7320,open,time,588,955,307.8443,open,4.1479,303.6965,4.5846,303.2597,
2015-03-10,948,19,20,385,-1,SOXS,1,554400000.0000,567124800.0000,11.5500,11.8151,open,time,590,955,229.5238,open,56.0496,173.4743,62.0422,167.4816,
2015-03-16,952,20,21,385,1,SOXL,1,2.5083,2.5295,150.4980,151.7700,open,time,591,955,84.5194,open,4.3702,80.1492,4.8334,79.6860,
2015-03-18,954,29,30,273,-1,SOXS,1,545280000.0000,538752000.0000,11.3600,11.2240,level,stop,600,843,-119.7183,open,62.1599,-181.8782,68.3592,-188.0775,
2015-03-20,956,41,42,385,1,SOXL,1,2.6144,2.6673,156.8640,160.0380,open,time,612,955,202.3409,open,2.9089,199.4320,3.3507,198.9902,
2015-03-23,957,32,33,385,-1,SOXS,1,499684800.0000,512640000.0000,10.4101,10.6800,open,time,603,955,259.2674,open,52.5205,206.7469,59.1598,200.1077,
2015-04-17,975,15,16,385,-1,SOXS,1,564964800.0000,563568000.0000,11.7701,11.7410,open,time,586,955,-24.7237,open,55.4285,-80.1522,61.3832,-86.1068,
2015-04-20,976,17,18,385,1,SOXL,1,2.3347,2.3228,140.0820,139.3680,open,time,588,955,-50.9701,open,4.7060,-55.6761,5.2069,-56.1771,
2015-04-24,980,17,18,385,-1,SOXS,1,554400000.0000,565200000.0000,11.5500,11.7750,open,time,588,955,194.8052,open,56.1076,138.6976,62.1103,132.6949,
2015-04-30,984,29,30,103,-1,SOXS,1,576000000.0000,566400000.0000,12.0000,11.8000,gap,stop,600,673,-166.6667,open,63.2261,-229.8928,69.1089,-235.7756,
2015-05-20,998,17,18,385,1,SOXL,1,2.4607,2.4440,36.9105,36.6600,open,time,588,955,-67.8669,open,17.7244,-85.5913,19.6274,-87.4942,
2015-05-28,1003,25,26,385,-1,SOXS,1,446520000.0000,445440000.0000,37.2100,37.1200,open,time,596,955,-24.1870,open,17.5675,-41.7545,19.4510,-43.6380,
2015-06-10,1012,38,39,385,1,SOXL,1,2.4667,2.5040,37.0005,37.5600,open,time,609,955,151.2142,open,12.1872,139.0270,14.0650,137.1492,
2015-06-12,1014,67,68,385,-1,SOXS,1,498718800.0000,497520000.0000,41.5599,41.4600,open,time,638,955,-24.0376,open,13.3279,-37.3655,15.0142,-39.0518,
2015-06-16,1016,45,46,185,-1,SOXS,1,507360000.0000,499680000.0000,42.2800,41.6400,level,stop,616,755,-151.3718,open,15.5650,-166.9368,17.2333,-168.6051,
2015-06-26,1024,78,79,385,-1,SOXS,1,513240000.0000,527880000.0000,42.7700,43.9900,open,time,649,955,285.2467,open,12.8103,272.4363,14.4243,270.8224,
2015-07-10,1033,21,22,74,1,SOXL,1,1.8853,1.8480,28.2795,27.7200,level,stop,592,644,-197.8465,open,26.7973,-224.6438,29.2976,-227.1441,
2015-07-20,1039,19,20,36,1,SOXL,1,1.9900,1.9652,29.8500,29.4780,gap,stop,590,606,-124.6231,open,27.0226,-151.6457,29.3825,-154.0056,
2015-07-22,1041,18,19,385,-1,SOXS,1,663000000.0000,653640000.0000,55.2500,54.4700,open,time,589,955,-141.1765,open,11.8914,-153.0679,13.1674,-154.3439,
2015-07-23,1042,18,19,385,1,SOXL,1,1.8533,1.8513,27.7995,27.7695,open,time,589,955,-10.7916,open,23.4854,-34.2769,26.0047,-36.7963,
2015-08-10,1054,24,25,385,1,SOXL,1,1.7584,1.8180,26.3760,27.2700,open,time,595,955,338.9445,open,24.5558,314.3886,27.1663,311.7782,
2015-08-12,1056,21,22,125,-1,SOXS,1,695118000.0000,682920000.0000,57.9265,56.9100,gap,stop,592,695,-175.4810,open,13.1138,-188.5948,14.3330,-189.8140,
2015-08-20,1062,41,42,385,-1,SOXS,1,756000000.0000,798120000.0000,63.0000,66.5100,open,time,612,955,557.1429,open,8.6332,548.5097,9.7150,547.4279,
2015-08-27,1067,101,102,335,1,SOXL,1,1.4227,1.3737,21.3405,20.6055,level,stop,672,905,-344.4155,open,19.1085,-363.5241,22.4472,-366.8627,
2015-08-31,1069,18,19,70,-1,SOXS,1,722760000.0000,711480000.0000,60.2300,59.2900,gap,stop,589,640,-156.0684,open,13.4475,-169.5159,14.6189,-170.6873,
2015-09-03,1072,15,16,368,1,SOXL,1,1.4733,1.4287,22.0995,21.4305,level,stop,586,938,-302.7218,open,29.7360,-332.4578,32.9529,-335.6747,
2015-09-08,1074,106,107,385,1,SOXL,1,1.4993,1.5453,22.4895,23.1795,open,time,677,955,306.8098,open,17.6946,289.1152,20.7609,286.0490,
2015-09-10,1076,25,26,67,-1,SOXS,1,694440000.0000,674468931.3441,57.8700,56.2057,level,stop,596,637,-287.5852,open,14.0773,-301.6625,15.3048,-302.8900,
2015-09-11,1077,61,62,162,-1,SOXS,1,699120000.0000,681480000.0000,58.2600,56.7900,gap,stop,632,732,-252.3172,open,12.2445,-264.5617,13.4616,-265.7788,
2015-09-23,1085,59,60,133,1,SOXL,1,1.3413,1.3167,20.1195,19.7505,level,stop,630,703,-183.4042,open,22.6689,-206.0731,26.1806,-209.5848,
2015-09-24,1086,16,17,286,-1,SOXS,1,811938000.0000,777960000.0000,67.6615,64.8300,gap,stop,587,856,-418.4802,open,12.1205,-430.6008,13.1777,-431.6579,
2015-09-25,1087,24,25,54,1,SOXL,1,1.3707,1.3367,20.5605,20.0505,gap,stop,595,624,-248.0484,open,39.3965,-287.4450,42.8444,-290.8929,
2015-09-28,1088,21,22,385,-1,SOXS,1,766800000.0000,805920000.0000,63.9000,67.1600,open,time,592,955,510.1721,open,10.0906,500.0816,11.1594,499.0127,
2015-09-30,1090,36,37,385,1,SOXL,1,1.3347,1.3773,20.0205,20.6595,open,time,607,955,319.1728,open,22.3591,296.8137,25.8015,293.3714,
2015-10-02,1092,34,35,52,-1,SOXS,1,759720000.0000,738120000.0000,63.3100,61.5100,gap,stop,605,622,-284.3153,open,11.2906,-295.6059,12.4125,-296.7277,
2015-10-05,1093,15,16,385,1,SOXL,1,1.4713,1.4940,22.0695,22.4100,open,time,586,955,154.2853,open,29.4582,124.8272,32.6059,121.6795,
2015-10-12,1098,81,82,385,1,SOXL,1,1.5707,1.5647,23.5605,23.4705,open,time,652,955,-38.1995,open,17.1084,-55.3079,20.0851,-58.2847,
2015-10-14,1100,16,17,385,1,SOXL,1,1.5672,1.6640,23.5080,24.9600,open,time,587,955,617.6621,open,27.3821,590.2800,30.2732,587.3889,
2015-10-15,1101,26,27,132,1,SOXL,1,1.7380,1.7053,26.0700,25.5795,level,stop,597,702,-188.1473,open,27.0997,-215.2470,29.8105,-217.9578,
2015-10-21,1105,85,86,282,1,SOXL,1,1.8226,1.7727,27.3390,26.5905,gap,stop,656,852,-273.7847,open,18.6462,-292.4309,21.2427,-295.0274,
2015-10-22,1106,15,16,385,1,SOXL,1,1.8647,1.9087,27.9705,28.6305,open,time,586,955,235.9629,open,23.2116,212.7513,25.6853,210.2775,
2015-10-23,1107,75,76,385,1,SOXL,1,1.9667,1.9800,29.5005,29.7000,open,time,646,955,67.6260,open,13.6197,54.0063,15.9846,51.6414,
2015-10-26,1108,15,16,385,-1,SOXS,1,489360000.0000,496440000.0000,40.7800,41.3700,open,time,586,955,144.6788,open,15.9517,128.7271,17.6560,127.0228,
2015-10-28,1110,30,31,284,1,SOXL,1,1.8817,1.8460,28.2255,27.6900,level,stop,601,854,-189.7221,open,19.7552,-209.4772,22.2592,-211.9812,
2015-10-29,1111,29,30,385,-1,SOXS,1,518160000.0000,522360000.0000,43.1800,43.5300,open,time,600,955,81.0560,open,12.7810,68.2750,14.3956,66.6604,
2015-11-06,1117,59,60,385,1,SOXL,1,1.8713,1.9027,28.0695,28.5405,open,time,630,955,167.7978,open,14.2587,153.5391,16.7319,151.0659,
2015-11-10,1119,15,16,385,-1,SOXS,1,513960000.0000,514388400.0000,42.8300,42.8657,open,time,586,955,8.3353,open,15.2537,-6.9184,16.8874,-8.5521,
2015-11-11,1120,20,21,326,1,SOXL,1,1.7767,1.7593,26.6505,26.3895,level,stop,591,896,-97.9344,open,24.5457,-122.4801,27.1853,-125.1197,
2015-11-17,1124,15,16,385,1,SOXL,1,1.7347,1.7393,26.0205,26.0895,open,time,586,955,26.5176,open,25.0659,1.4517,27.7525,-1.2350,
2015-11-25,1130,30,31,385,1,SOXL,1,1.8167,1.8167,27.2505,27.2505,open,time,601,955,0.0000,open,16.6122,-16.6122,19.1809,-19.1809,
2015-12-02,1134,28,29,137,1,SOXL,1,2.0273,1.9977,30.4095,29.9655,level,stop,599,707,-146.0070,open,23.2110,-169.2180,25.5299,-171.5369,
2015-12-04,1136,17,18,385,1,SOXL,1,1.9560,2.0333,29.3400,30.4995,open,time,588,955,395.1943,open,22.0533,373.1410,24.3938,370.8005,
2015-12-14,1142,27,28,385,-1,SOXS,1,502884000.0000,504240000.0000,41.9070,42.0200,open,time,598,955,26.9645,open,15.5796,11.3848,17.2478,9.7167,
2015-12-21,1147,74,75,385,1,SOXL,1,1.7760,1.7987,26.6400,26.9805,open,time,645,955,127.8153,open,15.0431,112.7722,17.6542,110.1611,
2015-12-29,1152,15,16,385,1,SOXL,1,1.8927,1.9213,28.3905,28.8195,open,time,586,955,151.1069,open,22.9124,128.1944,25.3597,125.7472,
2016-01-04,1155,32,33,195,-1,SOXS,1,514080000.0000,507600000.0000,42.8400,42.3000,level,stop,603,765,-126.0504,open,14.1618,-140.2123,15.8062,-141.8567,
2016-01-13,1162,16,17,60,1,SOXL,1,1.3920,1.3633,20.8800,20.4495,level,stop,587,630,-206.1782,open,24.2122,-230.3903,27.5999,-233.7781,
2016-01-20,1166,28,29,251,-1,SOXS,1,741588000.0000,730920000.0000,61.7990,60.9100,gap,stop,599,821,-143.8535,open,10.6494,-154.5028,11.7903,-155.6438,
2016-01-25,1169,15,16,385,-1,SOXS,1,637440000.0000,662520000.0000,53.1200,55.2100,open,time,586,955,393.4488,open,11.2272,382.2216,12.5200,380.9288,
2016-02-08,1179,18,19,385,-1,SOXS,1,692280000.0000,696600000.0000,57.6900,58.0500,open,time,589,955,62.4025,open,10.4523,51.9502,11.6619,50.7406,
2016-02-16,1184,71,72,385,1,SOXL,1,1.1813,1.2127,17.7195,18.1905,open,time,642,955,265.8089,open,14.0851,251.7238,17.9844,247.8245,
2016-02-17,1185,30,31,385,1,SOXL,1,1.2760,1.3007,19.1400,19.5105,open,time,601,955,193.5737,open,15.6924,177.8813,19.3149,174.2587,
2016-02-19,1187,15,16,35,1,SOXL,1,1.2995,1.2700,19.4925,19.0500,gap,stop,586,605,-227.0104,open,28.5736,-255.5839,32.2064,-259.2168,
2016-02-22,1188,15,16,134,1,SOXL,1,1.3727,1.3399,20.5905,20.0985,level,stop,586,704,-238.9451,open,24.5771,-263.5222,28.0183,-266.9634,
2016-03-01,1194,32,33,385,1,SOXL,1,1.4641,1.5200,21.9615,22.8000,open,time,603,955,381.8045,open,13.6008,368.2037,16.7296,365.0749,
2016-03-08,1199,30,31,385,-1,SOXS,1,468000000.0000,480192000.0000,39.0000,40.0160,open,time,601,955,260.5128,open,14.0558,246.4570,15.8279,244.6849,
2016-03-24,1211,17,18,323,-1,SOXS,1,432960000.0000,421680000.0000,36.0800,35.1400,level,stop,588,893,-260.5322,open,18.2889,-278.8210,20.2550,-280.7871,
2016-04-11,1222,22,23,124,1,SOXL,1,1.8047,1.7747,27.0705,26.6205,gap,stop,593,694,-166.2326,open,18.6638,-184.8964,21.2715,-187.5041,
2016-04-27,1234,70,71,338,-1,SOXS,1,410918400.0000,387047996.0468,34.2432,32.2540,level,stop,641,908,-580.9038,open,16.6031,-597.5069,18.7104,-599.6141,
2016-04-29,1236,15,16,385,-1,SOXS,1,440346000.0000,449790000.0000,36.6955,37.4825,open,time,586,955,214.4677,open,16.3220,198.1457,18.2096,196.2581,
2016-05-09,1242,49,50,385,-1,SOXS,1,460920000.0000,466920000.0000,38.4100,38.9100,open,time,620,955,130.1744,open,14.3367,115.8377,16.1474,114.0270,
2016-05-24,1253,18,19,385,1,SOXL,1,1.7747,1.8447,26.6205,27.6705,open,time,589,955,394.4329,open,16.8597,377.5732,19.4394,374.9935,
2016-06-24,1275,194,195,385,-1,SOXS,1,361146000.0000,364078800.0000,30.0955,30.3399,open,time,765,955,81.2082,open,14.9927,66.2154,17.3093,63.8989,
2016-06-27,1276,29,30,385,-1,SOXS,1,399960000.0000,412438800.0000,33.3300,34.3699,open,time,600,955,312.0012,open,16.4089,295.5923,18.4774,293.5238,
2016-06-28,1277,18,19,99,1,SOXL,1,1.6473,1.6080,24.7095,24.1200,level,stop,589,669,-238.5722,open,20.4884,-259.0606,23.3559,-261.9281,
2016-06-29,1278,32,33,385,1,SOXL,1,1.7467,1.7640,26.2005,26.4600,open,time,603,955,99.0439,open,11.5129,87.5310,14.1715,84.8724,
2016-07-05,1281,15,16,385,-1,SOXS,1,365400000.0000,364320000.0000,30.4500,30.3600,open,time,586,955,-29.5567,open,19.8177,-49.3744,22.1200,-51.6766,
2016-07-07,1283,17,18,385,1,SOXL,1,1.7787,1.7773,26.6805,26.6595,open,time,588,955,-7.8709,open,16.9690,-24.8399,19.5936,-27.4646,
2016-07-18,1290,47,48,385,1,SOXL,1,2.2200,2.2107,33.3000,33.1605,open,time,618,955,-41.8919,open,9.1118,-51.0037,11.2184,-53.1103,
2016-07-20,1292,17,18,385,1,SOXL,1,2.2247,2.2960,33.3705,34.4400,open,time,588,955,320.4927,open,13.4807,307.0120,15.5457,304.9469,
2016-07-26,1296,18,19,385,1,SOXL,1,2.4535,2.5760,36.8025,38.6400,open,time,589,955,499.2867,open,12.1829,487.1039,14.0397,485.2471,
2016-08-05,1304,18,19,385,1,SOXL,1,2.5400,2.5687,38.1000,38.5305,open,time,589,955,112.9921,open,11.8664,101.1257,13.6934,99.2987,
2016-08-09,1306,116,117,385,1,SOXL,1,2.6473,2.6273,39.7095,39.4095,open,time,687,955,-75.5487,open,6.3989,-81.9476,8.1684,-83.7171,
2016-08-30,1321,35,36,62,1,SOXL,1,2.9403,2.8973,44.1045,43.4595,level,stop,606,632,-146.2436,open,8.0671,-154.3107,9.6660,-155.9096,
2016-09-01,1323,16,17,51,1,SOXL,1,2.9138,2.8740,43.7070,43.1100,gap,stop,587,621,-136.5914,open,12.7283,-149.3197,14.3410,-150.9324,
2016-09-08,1327,40,41,65,-1,SOXS,1,213000000.0000,210000000.0000,17.7500,17.5000,level,stop,611,635,-140.8451,open,36.9865,-177.8315,40.9583,-181.8034,
2016-09-09,1328,31,32,385,-1,SOXS,1,219140400.0000,231654000.0000,18.2617,19.3045,open,time,602,955,571.0312,open,29.6444,541.3868,33.3740,537.6571,
2016-09-15,1332,21,22,385,1,SOXL,1,2.7280,2.8433,40.9200,42.6495,open,time,592,955,422.6540,open,10.9794,411.6745,12.6554,409.9985,
2016-09-22,1337,16,17,39,1,SOXL,1,3.0220,2.9867,45.3300,44.8005,level,stop,587,609,-116.8101,open,12.2654,-129.0755,13.8188,-130.6288,
2016-09-23,1338,17,18,385,-1,SOXS,1,197280000.0000,199680000.0000,16.4400,16.6400,open,time,588,955,121.6545,open,36.4793,85.1752,40.7116,80.9429,
2016-09-28,1341,15,16,69,1,SOXL,1,2.9791,2.9413,44.6865,44.1195,level,stop,586,639,-126.8840,open,11.3127,-138.1966,12.8892,-139.7732,
2016-09-30,1343,19,20,385,1,SOXL,1,3.1833,3.2320,47.7495,48.4800,open,time,590,955,152.9859,open,9.4704,143.5155,10.9254,142.0605,
2016-10-04,1345,16,17,40,1,SOXL,1,3.2053,3.1707,48.0795,47.5605,level,stop,587,610,-107.9462,open,11.5631,-119.5093,13.0270,-120.9732,
2016-10-06,1347,15,16,140,-1,SOXS,1,180720000.0000,178680000.0000,15.0600,14.8900,gap,stop,586,710,-112.8818,open,46.8465,-159.7283,51.5211,-164.4029,
2016-10-13,1352,18,19,385,-1,SOXS,1,204600000.0000,200160000.0000,17.0500,16.6800,open,time,589,955,-217.0088,open,35.5798,-252.5886,39.7309,-256.7397,
2016-10-14,1353,15,16,172,1,SOXL,1,2.9833,2.9053,44.7495,43.5795,gap,stop,586,742,-261.4554,open,11.3441,-272.7996,12.9294,-274.3848,
2016-10-18,1355,93,94,385,1,SOXL,1,2.9900,2.9600,44.8500,44.4000,open,time,664,955,-100.3344,open,5.6770,-106.0115,7.2457,-107.5801,
2016-10-24,1359,15,16,385,1,SOXL,1,3.0633,3.1200,45.9495,46.8000,open,time,586,955,185.0945,open,9.8326,175.2619,11.3422,173.7523,
2016-10-25,1360,21,22,56,1,SOXL,1,3.1574,3.1080,47.3610,46.6200,level,stop,592,626,-156.4578,open,11.7589,-168.2168,13.2487,-169.7065,
2016-10-28,1363,15,16,219,1,SOXL,1,3.1193,3.0647,46.7895,45.9705,level,stop,586,789,-175.0393,open,10.8226,-185.8618,12.3319,-187.3712,
2016-11-07,1369,54,55,385,1,SOXL,1,3.0067,3.0789,45.1005,46.1835,open,time,625,955,240.1304,open,6.6790,233.4514,8.2129,231.9175,
2016-11-08,1370,22,23,112,-1,SOXS,1,183840000.0000,179400000.0000,15.3200,14.9500,level,stop,593,682,-241.5144,open,46.3145,-287.8289,50.9402,-292.4546,
2016-11-10,1372,15,16,37,1,SOXL,1,3.1688,3.0720,47.5320,46.0800,level,stop,586,607,-305.4784,open,11.7829,-317.2614,13.2788,-318.7573,
2016-11-11,1373,36,37,385,1,SOXL,1,3.1140,3.1867,46.7100,47.8005,open,time,607,955,233.4618,open,6.4520,227.0098,7.9335,225.5283,
2016-11-17,1377,101,102,385,1,SOXL,1,3.5227,3.5318,52.8405,52.9770,open,time,672,955,25.8325,open,4.8019,21.0306,6.1249,19.7075,
2016-11-22,1380,23,24,385,1,SOXL,1,3.8100,3.8073,57.1500,57.1095,open,time,594,955,-7.0866,open,7.9490,-15.0356,9.1743,-16.2609,
2016-11-23,1381,47,48,385,1,SOXL,1,3.8100,3.8147,57.1500,57.2205,open,time,618,955,12.3360,open,5.3209,7.0151,6.5450,5.7910,
2016-12-01,1386,16,17,385,-1,SOXS,1,149880000.0000,168094800.0000,12.4900,14.0079,open,time,587,955,1215.2922,open,46.4471,1168.8452,51.7479,1163.5443,
2016-12-05,1388,24,25,385,1,SOXL,1,3.3953,3.4107,50.9295,51.1605,open,time,595,955,45.3568,open,8.9033,36.4535,10.2746,35.0822,
2016-12-06,1389,21,22,385,1,SOXL,1,3.5100,3.5487,52.6500,53.2305,open,time,592,955,110.2564,open,8.6017,101.6547,9.9240,100.3324,
2016-12-13,1394,18,19,385,1,SOXL,1,3.8327,3.8560,57.4905,57.8400,open,time,589,955,60.7927,open,7.8903,52.9023,9.1043,51.6884,
2016-12-29,1405,16,17,376,-1,SOXS,1,126240000.0000,123720000.0000,10.5200,10.3100,level,stop,587,946,-199.6198,open,57.5985,-257.2183,64.3203,-263.9401,
2017-01-03,1407,36,37,133,1,SOXL,1,3.9293,3.7977,58.9395,56.9655,level,stop,607,703,-334.9197,open,20.7276,-355.6474,21.9359,-356.8556,
2017-01-06,1410,31,32,385,1,SOXL,1,3.7853,3.8367,56.7795,57.5505,open,time,602,955,135.7884,open,19.3524,116.4360,20.5770,115.2115,
2017-01-09,1411,23,24,385,1,SOXL,1,3.9533,3.9633,59.2995,59.4495,open,time,594,955,25.2953,open,22.8216,2.4737,24.0006,1.2947,
2017-01-10,1412,53,54,83,-1,SOXS,1,124318800.0000,122099325.9564,10.3599,10.1749,level,stop,624,653,-178.5308,open,39.0524,-217.5832,45.8706,-224.4014,
2017-01-12,1414,20,21,385,-1,SOXS,1,127320000.0000,124320000.0000,10.6100,10.3600,open,time,591,955,-235.6268,open,33.3917,-269.0184,40.0688,-275.6956,
2017-01-17,1416,18,19,385,-1,SOXS,1,125400000.0000,127920000.0000,10.4500,10.6600,open,time,589,955,200.9569,open,33.4773,167.4797,40.1098,160.8471,
2017-01-27,1424,73,74,385,1,SOXL,1,4.4927,4.5113,67.3905,67.6695,open,time,644,955,41.4005,open,13.4007,27.9998,14.4373,26.9632,
2017-02-06,1430,116,117,385,1,SOXL,1,4.5847,4.5913,68.7705,68.8695,open,time,687,955,14.3957,open,13.1485,1.2472,14.1657,0.2300,
2017-02-07,1431,19,20,172,1,SOXL,1,4.6798,4.6167,70.1970,69.2505,gap,stop,590,742,-134.8348,open,20.1013,-154.9361,21.1053,-155.9401,
2017-02-21,1440,15,16,385,1,SOXL,1,4.8827,4.9220,73.2405,73.8300,open,time,586,955,80.4883,open,18.4574,62.0308,19.4094,61.0789,
2017-03-08,1451,15,16,133,1,SOXL,1,4.8480,4.7667,72.7200,71.5005,level,stop,586,703,-167.6980,open,20.1259,-187.8240,21.0968,-188.7948,
2017-03-10,1453,27,28,385,1,SOXL,1,4.9333,4.9347,73.9995,74.0205,open,time,598,955,2.8379,open,18.3104,-15.4725,19.2562,-16.4184,
2017-03-20,1459,17,18,385,1,SOXL,1,5.1861,5.2480,77.7915,78.7200,open,time,588,955,119.3575,open,17.3609,101.9966,18.2555,101.1020,
2017-03-22,1461,16,17,61,1,SOXL,1,4.9608,4.8447,74.4120,72.6705,level,stop,587,631,-234.0348,open,19.7160,-253.7509,20.6680,-254.7028,
2017-04-27,1486,15,16,385,1,SOXL,1,5.3200,5.3593,79.8000,80.3895,open,time,586,955,73.8722,open,16.9477,56.9245,17.8217,56.0505,
2017-05-02,1489,15,16,385,-1,SOXS,1,90620400.0000,90072000.0000,37.7585,37.5300,open,time,586,955,-60.5162,open,9.3712,-69.8874,11.2307,-71.7469,
2017-05-03,1490,40,41,109,-1,SOXS,1,91176000.0000,90144000.0000,37.9900,37.5600,level,stop,611,679,-113.1877,open,10.6599,-123.8476,12.5130,-125.7007,
2017-05-10,1495,164,165,385,1,SOXL,1,5.5947,5.5973,83.9205,83.9595,open,time,735,955,4.6473,open,10.1929,-5.5456,11.0268,-6.3796,
2017-05-15,1498,16,17,385,1,SOXL,1,5.8433,5.9713,87.6495,89.5695,open,time,587,955,219.0543,open,15.3699,203.6844,16.1600,202.8943,
2017-05-18,1501,16,17,385,1,SOXL,1,5.6267,5.7551,84.4005,86.3265,open,time,587,955,228.1977,open,15.9555,212.2422,16.7756,211.4221,
2017-05-19,1502,182,183,385,1,SOXL,1,5.9601,5.9153,89.4015,88.7295,open,time,753,955,-75.1665,open,9.6072,-84.7737,10.3932,-85.5597,
2017-05-25,1506,41,42,385,1,SOXL,1,6.2547,6.2580,93.8205,93.8700,open,time,612,955,5.2760,open,11.7871,-6.5111,12.5330,-7.2570,
2017-05-26,1507,190,191,385,1,SOXL,1,6.2667,6.3333,94.0005,94.9995,open,time,761,955,106.2760,open,9.0624,97.2136,9.8032,96.4728,
2017-06-05,1512,56,57,385,1,SOXL,1,6.8093,6.7260,102.1395,100.8900,open,time,627,955,-122.3327,open,10.8820,-133.2147,11.5716,-133.9042,
2017-06-08,1515,95,96,385,1,SOXL,1,7.0973,7.3133,106.4595,109.6995,open,time,666,955,304.3411,open,8.4058,295.9353,9.0536,295.2875,
2017-06-12,1517,21,22,98,-1,SOXS,1,73800000.0000,69600000.0000,30.7500,29.0000,gap,stop,592,668,-569.1057,open,13.3983,-582.5040,15.7434,-584.8491,
2017-06-16,1521,19,20,83,1,SOXL,1,6.1193,6.0000,91.7895,90.0000,level,stop,590,653,-194.9569,open,15.9708,-210.9277,16.7410,-211.6979,
2017-06-19,1522,36,37,385,1,SOXL,1,6.3447,6.3393,95.1705,95.0895,open,time,607,955,-8.5110,open,11.6265,-20.1375,12.3623,-20.8733,
2017-06-22,1525,54,55,277,-1,SOXS,1,69000000.0000,67291440.0000,28.7500,28.0381,gap,stop,625,847,-247.6174,open,14.1429,-261.7603,16.6086,-264.2260,
2017-06-27,1528,204,205,385,-1,SOXS,1,71808000.0000,74832000.0000,29.9200,31.1800,open,time,775,955,421.1230,open,6.6421,414.4809,8.9344,412.1886,
2017-06-29,1530,15,16,385,-1,SOXS,1,73910880.0000,76008000.0000,30.7962,31.6700,open,time,586,955,283.7363,open,11.3675,272.3688,13.6091,270.1272,
2017-07-03,1532,16,17,48,1,SOXL,1,5.5494,5.4687,83.2410,82.0305,level,stop,587,618,-145.4211,open,20.0129,-165.4340,20.8600,-166.2812,
2017-07-05,1533,225,226,385,1,SOXL,1,5.4873,5.5387,82.3095,83.0805,open,time,796,955,93.6708,open,10.3484,83.3224,11.1949,82.4759,
2017-07-06,1534,15,16,72,-1,SOXS,1,78456000.0000,77005920.0000,32.6900,32.0858,gap,stop,586,642,-184.8272,open,12.4141,-197.2412,14.5756,-199.4027,
2017-07-07,1535,16,17,385,1,SOXL,1,5.6753,5.7400,85.1295,86.1000,open,time,587,955,114.0028,open,15.8713,98.1315,16.6890,97.3138,
2017-07-13,1539,23,24,53,1,SOXL,1,6.4413,6.3607,96.6195,95.4105,level,stop,594,623,-125.1300,open,17.2337,-142.3637,17.9628,-143.0928,
2017-07-14,1540,16,17,385,1,SOXL,1,6.4687,6.5500,97.0305,98.2500,open,time,587,955,125.6821,open,13.9262,111.7559,14.6432,111.0390,
2017-07-19,1543,15,16,41,1,SOXL,1,6.6699,6.6036,100.0485,99.0540,gap,stop,586,611,-99.4018,open,16.6264,-116.0282,17.3295,-116.7313,
2017-07-20,1544,15,16,166,-1,SOXS,1,63000000.0000,61440000.0000,26.2500,25.6000,level,stop,586,736,-247.6190,open,15.4850,-263.1040,18.1855,-265.8045,
2017-07-21,1545,21,22,385,-1,SOXS,1,63479280.0000,62640000.0000,26.4497,26.1000,open,time,592,955,-132.2132,open,13.3841,-145.5973,16.0484,-148.2616,
2017-07-28,1550,83,84,385,-1,SOXS,1,65712000.0000,64968000.0000,27.3800,27.0700,open,time,654,955,-113.2213,open,9.2716,-122.4929,11.8429,-125.0642,
2017-08-04,1555,55,56,385,1,SOXL,1,6.1607,6.1113,92.4105,91.6695,open,time,626,955,-80.1857,open,12.0036,-92.1893,12.7641,-92.9498,
2017-08-08,1557,23,24,361,1,SOXL,1,6.4499,6.3659,96.7485,95.4885,level,stop,594,931,-130.2346,open,14.0729,-144.3075,14.8012,-145.0358,
2017-08-09,1558,15,16,65,-1,SOXS,1,66696000.0000,65952000.0000,27.7900,27.4800,gap,stop,586,635,-111.5509,open,14.5529,-126.1038,17.0860,-128.6369,
2017-08-10,1559,15,16,385,-1,SOXS,1,67090560.0000,70296000.0000,27.9544,29.2900,open,time,586,955,477.7781,open,12.4527,465.3254,14.8996,462.8785,
2017-08-14,1561,17,18,385,1,SOXL,1,6.2167,6.3333,93.2505,94.9995,open,time,588,955,187.5593,open,14.4628,173.0965,15.2066,172.3527,
2017-08-22,1567,77,78,385,1,SOXL,1,6.0453,6.1133,90.6795,91.6995,open,time,648,955,112.4841,open,9.9412,102.5429,10.7088,101.7752,
2017-08-30,1573,29,30,385,1,SOXL,1,6.3163,6.4713,94.7445,97.0695,open,time,600,955,245.3968,open,11.5734,233.8234,12.3034,233.0934,
2017-08-31,1574,15,16,385,1,SOXL,1,6.5807,6.6593,98.7105,99.8895,open,time,586,955,119.4402,open,13.6925,105.7476,14.3975,105.0427,
2017-09-01,1575,16,17,385,1,SOXL,1,6.8387,6.7700,102.5805,101.5500,open,time,587,955,-100.4577,open,13.2638,-113.7215,13.9496,-114.4073,
2017-09-11,1580,16,17,385,1,SOXL,1,6.5787,6.6627,98.6805,99.9405,open,time,587,955,127.6848,open,13.6934,113.9914,14.3983,113.2865,
2017-09-13,1582,17,18,27,-1,SOXS,1,59537280.0000,58824240.0000,24.8072,24.5101,gap,stop,588,597,-119.7636,open,20.3816,-140.1453,23.2205,-142.9841,
2017-09-15,1584,16,17,385,1,SOXL,1,7.0740,7.2360,106.1100,108.5400,open,time,587,955,229.0076,open,12.7012,216.3064,13.3535,215.6541,
2017-09-18,1585,54,55,385,1,SOXL,1,7.5136,7.5230,112.7040,112.8450,open,time,625,955,12.5106,open,9.8182,2.6925,10.4389,2.0718,
2017-09-19,1586,38,39,385,1,SOXL,1,7.6040,7.5880,114.0600,113.8200,open,time,609,955,-21.0416,open,9.7139,-30.7554,10.3282,-31.3698,
2017-09-21,1588,51,52,385,-1,SOXS,1,55291200.0000,54652800.0000,23.0380,22.7720,open,time,622,955,-115.4614,open,15.3511,-130.8125,18.4073,-133.8687,
2017-09-25,1590,20,21,385,-1,SOXS,1,55987200.0000,57218880.0000,23.3280,23.8412,open,time,591,955,219.9931,open,15.0167,204.9765,17.9851,202.0081,
2017-09-28,1593,15,16,30,-1,SOXS,1,53666400.0000,52800000.0000,22.3610,22.0000,level,stop,586,600,-161.4418,open,22.6539,-184.0957,25.8100,-187.2518,
2017-10-02,1595,15,16,137,1,SOXL,1,7.8488,7.7333,117.7320,115.9995,level,stop,586,707,-147.1563,open,12.4417,-159.5980,13.0408,-160.1970,
2017-10-03,1596,54,55,385,1,SOXL,1,7.8680,7.8640,118.0200,117.9600,open,time,625,955,-5.0839,open,9.3842,-14.4681,9.9775,-15.0614,
2017-10-04,1597,15,16,34,-1,SOXS,1,50088000.0000,49440000.0000,20.8700,20.6000,level,stop,586,604,-129.3723,open,24.2289,-153.6013,27.6050,-156.9773,
2017-10-09,1600,27,28,385,1,SOXL,1,8.1801,8.2293,122.7015,123.4395,open,time,598,955,60.1460,open,11.0444,49.1016,11.6131,48.5328,
2017-10-13,1604,22,23,385,1,SOXL,1,8.6533,8.6320,129.7995,129.4800,open,time,593,955,-24.6149,open,10.4693,-35.0842,11.0093,-35.6241,
2017-10-19,1608,15,16,80,-1,SOXS,1,46152000.0000,44880000.0000,19.2300,18.7000,level,stop,586,650,-275.6110,open,21.1424,-296.7535,24.8342,-300.4452,
2017-10-23,1610,17,18,35,1,SOXL,1,9.0495,8.9500,135.7425,134.2500,gap,stop,588,605,-109.9508,open,12.2734,-122.2242,12.7919,-122.7428,
2017-10-25,1612,48,49,385,-1,SOXS,1,43056000.0000,43826160.0000,17.9400,18.2609,open,time,619,955,178.8740,open,19.5337,159.3403,23.4013,155.4727,
2017-11-02,1618,15,16,122,1,SOXL,1,9.8800,9.6673,148.2000,145.0095,level,stop,586,692,-215.2834,open,9.9183,-225.2017,10.3958,-225.6792,
2017-11-07,1621,35,36,385,-1,SOXS,1,35555040.0000,35376000.0000,14.8146,14.7400,open,time,606,955,-50.3557,open,23.7987,-74.1544,28.5357,-78.8915,
2017-11-08,1622,22,23,71,-1,SOXS,1,35832000.0000,35400000.0000,14.9300,14.7500,level,stop,593,641,-120.5626,open,27.0534,-147.6161,31.7706,-152.3332,
2017-11-09,1623,16,17,385,-1,SOXS,1,37034400.0000,37008000.0000,15.4310,15.4200,open,time,587,955,-7.1285,open,22.8215,-29.9501,27.3595,-34.4880,
2017-11-10,1624,286,287,385,1,SOXL,1,10.4971,10.4700,157.4565,157.0500,open,time,857,955,-25.8167,open,5.4642,-31.2808,5.9093,-31.7260,
2017-11-16,1628,29,30,385,1,SOXL,1,10.5540,10.7360,158.3100,161.0400,open,time,600,955,172.4465,open,6.9646,165.4818,7.4031,165.0434,
2017-11-20,1630,35,36,385,1,SOXL,1,10.8333,10.9640,162.4995,164.4600,open,time,606,955,120.6465,open,6.7988,113.8477,7.2270,113.4195,
2017-11-21,1631,15,16,385,1,SOXL,1,11.3057,11.3067,169.5855,169.6005,open,time,586,955,0.8845,open,8.0190,-7.1345,8.4318,-7.5473,
2017-11-24,1633,17,18,205,1,SOXL,1,11.2920,11.4227,169.3800,171.3405,open,time,588,775,115.7457,open,8.2936,107.4520,8.7045,107.0411,
2017-11-29,1636,16,17,385,-1,SOXS,1,35640000.0000,38880000.0000,14.8500,16.2000,open,time,587,955,909.0909,open,23.1391,885.9518,27.6565,881.4344,
2017-11-30,1637,61,62,385,1,SOXL,1,9.9600,9.7173,149.4000,145.7595,open,time,632,955,-243.6747,open,6.1509,-249.8256,6.6253,-250.3000,
2017-12-01,1638,17,18,385,-1,SOXS,1,40250400.0000,39404160.0000,16.7710,16.4184,open,time,588,955,-210.2439,open,21.1276,-231.3715,25.3463,-235.5902,
2017-12-12,1645,18,19,385,-1,SOXS,1,41568000.0000,41808000.0000,17.3200,17.4200,open,time,589,955,57.7367,open,20.3003,37.4364,24.3303,33.4064,
2017-12-13,1646,18,19,111,1,SOXL,1,9.0267,8.8727,135.4005,133.0905,gap,stop,589,681,-170.6050,open,10.8338,-181.4388,11.3553,-181.9603,
2017-12-14,1647,15,16,34,1,SOXL,1,8.8387,8.7080,132.5805,130.6200,level,stop,586,604,-147.8724,open,12.5855,-160.4579,13.1174,-160.9898,
2017-12-15,1648,34,35,385,1,SOXL,1,8.8740,9.1177,133.1100,136.7655,open,time,605,955,274.6225,open,8.2440,266.3785,8.7629,265.8596,
2017-12-18,1649,16,17,385,1,SOXL,1,9.5500,9.7547,143.2500,146.3205,open,time,587,955,214.3455,open,9.4254,204.9202,9.9089,204.4366,
2017-12-19,1650,58,59,385,-1,SOXS,1,37530480.0000,37512000.0000,15.6377,15.6300,open,time,629,955,-4.9240,open,22.5191,-27.4431,26.9966,-31.9206,
2017-12-27,1655,15,16,385,1,SOXL,1,9.5000,9.4100,142.5000,141.1500,open,time,586,955,-94.7368,open,9.5607,-104.2976,10.0543,-104.7912,
2018-01-02,1658,15,16,385,1,SOXL,1,9.5053,9.9233,142.5795,148.8495,open,time,586,955,439.7547,open,16.3202,423.4345,16.8008,422.9539,
2018-01-03,1659,30,31,385,1,SOXL,1,10.2916,10.4575,154.3740,156.8625,open,time,601,955,161.1994,open,11.9661,149.2333,12.4159,148.7835,
2018-01-05,1661,85,86,385,1,SOXL,1,10.8053,10.8133,162.0795,162.1995,open,time,656,955,7.4038,open,10.5443,-3.1405,10.9760,-3.5722,
2018-01-10,1664,57,58,385,-1,SOXS,1,35160000.0000,34656000.0000,14.6500,14.4400,open,time,628,955,-143.3447,open,7.0166,-150.3613,11.8295,-155.1742,
2018-01-11,1665,179,180,385,1,SOXL,1,10.5187,10.5267,157.7805,157.9005,open,time,750,955,7.6055,open,9.8794,-2.2739,10.3229,-2.7174,
2018-01-12,1666,15,16,45,-1,SOXS,1,34224000.0000,33912000.0000,14.2600,14.1300,level,stop,586,615,-91.1641,open,10.6942,-101.8583,15.6256,-106.7897,
2018-01-17,1668,39,40,385,1,SOXL,1,11.2433,11.7380,168.6495,176.0700,open,time,610,955,439.9954,open,10.8405,429.1549,11.2468,428.7486,
2018-01-26,1675,31,32,385,1,SOXL,1,11.6513,12.0567,174.7695,180.8505,open,time,602,955,347.9440,open,10.4993,337.4447,10.8931,337.0509,
2018-01-29,1676,34,35,217,-1,SOXS,1,29638800.0000,29232000.0000,12.3495,12.1800,gap,stop,605,787,-137.2525,open,8.3116,-145.5641,14.0193,-151.2718,
2018-02-02,1680,21,22,385,-1,SOXS,1,31896000.0000,32844000.0000,13.2900,13.6850,open,time,592,955,297.2160,open,11.3241,285.8919,16.5152,280.7008,
2018-02-12,1686,15,16,43,1,SOXL,1,9.4046,9.1107,141.0690,136.6605,level,stop,586,613,-312.5066,open,19.4516,-331.9583,19.9558,-332.4625,
2018-02-13,1687,188,189,263,-1,SOXS,1,35472000.0000,34728000.0000,14.7800,14.4700,level,stop,759,833,-209.7429,open,6.9792,-216.7221,11.7661,-221.5090,
2018-02-22,1693,38,39,243,1,SOXL,1,10.5480,10.3333,158.2200,154.9995,gap,stop,609,813,-203.5457,open,12.1730,-215.7187,12.6201,-216.1658,
2018-02-26,1695,30,31,385,1,SOXL,1,11.3387,11.6507,170.0805,174.7605,open,time,601,955,275.1638,open,10.8176,264.3463,11.2236,263.9402,
2018-03-05,1700,20,21,67,-1,SOXS,1,28725360.0000,28216080.0000,11.9689,11.7567,gap,stop,591,637,-177.2928,open,12.7695,-190.0623,18.6707,-195.9635,
2018-03-06,1701,20,21,117,1,SOXL,1,11.8847,11.7233,178.2705,175.8495,level,stop,591,687,-135.8049,open,13.8672,-149.6721,14.2626,-150.0674,
2018-03-09,1704,20,21,385,1,SOXL,1,12.6553,12.9773,189.8295,194.6595,open,time,591,955,254.4389,open,12.3392,242.0997,12.7034,241.7355,
2018-03-12,1705,57,58,117,1,SOXL,1,13.4527,13.2001,201.7905,198.0015,level,stop,628,687,-187.7690,open,9.8017,-197.5707,10.1519,-197.9209,
2018-03-16,1709,54,55,385,1,SOXL,1,12.8813,12.8513,193.2195,192.7695,open,time,625,955,-23.2896,open,9.6414,-32.9310,10.0041,-33.2937,
2018-03-19,1710,74,75,385,-1,SOXS,1,25632000.0000,26016000.0000,10.6800,10.8400,open,time,645,955,149.8127,open,9.4651,140.3476,15.9711,133.8417,
2018-03-20,1711,15,16,385,1,SOXL,1,12.2167,12.2797,183.2505,184.1955,open,time,586,955,51.5688,open,12.8610,38.7077,13.2420,38.3267,
2018-04-02,1719,17,18,385,-1,SOXS,1,29909520.0000,32016000.0000,12.4623,13.3400,open,time,588,955,704.2841,open,11.9208,692.3633,17.3529,686.9312,
2018-04-09,1724,20,21,385,1,SOXL,1,9.0513,8.9678,135.7695,134.5170,open,time,591,955,-92.2519,open,17.4208,-109.6728,17.9388,-110.1908,
2018-04-12,1727,15,16,385,1,SOXL,1,10.0913,10.2400,151.3695,153.6000,open,time,586,955,147.3547,open,15.5124,131.8422,15.9715,131.3831,
2018-04-17,1730,15,16,385,1,SOXL,1,10.5207,10.6867,157.8105,160.3005,open,time,586,955,157.7842,open,14.8766,142.9076,15.3167,142.4675,
2018-04-19,1732,19,20,385,-1,SOXS,1,29280000.0000,30576000.0000,12.2000,12.7400,open,time,590,955,442.6230,open,12.2744,430.3485,17.8905,424.7324,
2018-04-20,1733,23,24,385,-1,SOXS,1,31032000.0000,31800000.0000,12.9300,13.2500,open,time,594,955,247.4865,open,11.6567,235.8298,17.0050,230.4814,
2018-04-24,1735,15,16,49,1,SOXL,1,8.7733,8.5333,131.5995,127.9995,level,stop,586,619,-273.5573,open,20.8130,-294.3703,21.3524,-294.9097,
2018-05-01,1740,15,16,21,-1,SOXS,1,34010400.0000,33416185.2059,14.1710,13.9234,level,stop,586,591,-174.7156,open,14.3832,-189.0988,19.3668,-194.0824,
2018-05-07,1744,61,62,385,1,SOXL,1,9.4747,9.4360,142.1205,141.5400,open,time,632,955,-40.8456,open,12.0435,-52.8891,12.5371,-53.3827,
2018-05-08,1745,23,24,103,-1,SOXS,1,29160000.0000,28415105.4623,12.1500,11.8396,level,stop,594,673,-255.4508,open,12.6144,-268.0652,18.4512,-273.9020,
2018-05-09,1746,15,16,88,1,SOXL,1,9.7550,9.6483,146.3250,144.7245,level,stop,586,658,-109.3798,open,17.5587,-126.9385,18.0398,-127.4196,
2018-05-10,1747,161,162,385,1,SOXL,1,10.3747,10.5580,155.6205,158.3700,open,time,732,955,176.6798,open,10.5783,166.1016,11.0242,165.6556,
2018-05-11,1748,18,19,32,-1,SOXS,1,26040000.0000,25632000.0000,10.8500,10.6800,level,stop,589,602,-156.6820,open,14.0710,-170.7530,20.5739,-177.2559,
2018-05-15,1750,21,22,385,-1,SOXS,1,25992000.0000,26016000.0000,10.8300,10.8400,open,time,592,955,9.2336,open,14.0171,-4.7835,20.4776,-11.2440,
2018-05-16,1751,23,24,385,1,SOXL,1,10.5867,10.7507,158.8005,161.2605,open,time,594,955,154.9114,open,14.7855,140.1259,15.2229,139.6885,
2018-05-18,1753,24,25,385,-1,SOXS,1,26157600.0000,26172000.0000,10.8990,10.9050,open,time,595,955,5.5051,open,13.9304,-8.4253,20.3513,-14.8462,
2018-05-21,1754,24,25,50,1,SOXL,1,10.7687,10.6447,161.5305,159.6705,level,stop,595,620,-115.1485,open,16.8536,-132.0021,17.2895,-132.4380,
2018-05-30,1760,16,17,194,1,SOXL,1,11.3513,11.1907,170.2695,167.8605,level,stop,587,764,-141.4816,open,14.2215,-155.7031,14.6355,-156.1171,
2018-06-01,1762,15,16,385,1,SOXL,1,11.4340,11.7233,171.5100,175.8495,open,time,586,955,253.0173,open,13.6523,239.3650,14.0554,238.9619,
2018-06-05,1764,16,17,67,1,SOXL,1,12.2767,12.0793,184.1505,181.1895,level,stop,587,637,-160.7924,open,13.9898,-174.7822,14.3731,-175.1655,
2018-06-25,1778,17,18,385,-1,SOXS,1,26064000.0000,26640000.0000,10.8600,11.1000,open,time,588,955,220.9945,open,13.8807,207.1138,20.2567,200.7378,
2018-06-26,1779,17,18,385,1,SOXL,1,10.0072,9.8800,150.1080,148.2000,open,time,588,955,-127.1085,open,15.7795,-142.8880,16.2488,-143.3573,
2018-06-28,1781,18,19,317,-1,SOXS,1,28632000.0000,27768000.0000,11.9300,11.5700,level,stop,589,887,-301.7603,open,12.8671,-314.6274,18.8260,-320.5862,
2018-06-29,1782,31,32,205,1,SOXL,1,9.6940,9.5493,145.4100,143.2395,level,stop,602,775,-149.2676,open,13.2099,-162.4775,13.6950,-162.9626,
2018-07-05,1785,78,79,385,1,SOXL,1,9.5098,9.7927,142.6470,146.8905,open,time,649,955,297.4826,open,11.8255,285.6571,12.3091,285.1735,
2018-07-10,1788,16,17,385,1,SOXL,1,10.5254,10.6833,157.8810,160.2495,open,time,587,955,150.0181,open,14.8735,135.1445,15.3136,134.7044,
2018-07-16,1792,18,19,322,1,SOXL,1,9.9760,9.8990,149.6400,148.4850,level,stop,589,892,-77.1852,open,16.1398,-93.3251,16.6094,-93.7947,
2018-07-19,1795,26,27,385,-1,SOXS,1,24403200.0000,24242400.0000,10.1680,10.1010,open,time,597,955,-65.8930,open,14.9645,-80.8575,21.8717,-87.7647,
2018-07-23,1797,15,16,161,-1,SOXS,1,25680000.0000,24792000.0000,10.7000,10.3300,gap,stop,586,731,-345.7944,open,14.3629,-360.1573,21.0221,-366.8165,
2018-07-25,1799,25,26,193,-1,SOXS,1,25488000.0000,24984000.0000,10.6200,10.4100,level,stop,596,763,-197.7401,open,14.3951,-212.1353,21.0530,-218.7931,
2018-07-26,1800,249,250,385,1,SOXL,1,10.7087,10.7147,160.6305,160.7205,open,time,820,955,5.6029,open,9.7059,-4.1030,10.1416,-4.5387,
2018-07-27,1801,18,19,151,1,SOXL,1,11.0080,10.7527,165.1200,161.2905,gap,stop,589,721,-231.9222,open,15.3290,-247.2512,15.7579,-247.6802,
2018-08-01,1804,23,24,151,1,SOXL,1,10.5847,10.4000,158.7705,156.0000,gap,stop,594,721,-174.4972,open,15.9060,-190.4032,16.3508,-190.8480,
2018-08-13,1812,15,16,211,1,SOXL,1,10.3560,10.2100,155.3400,153.1500,level,stop,586,781,-140.9811,open,15.9096,-156.8907,16.3634,-157.3445,
2018-08-15,1814,16,17,385,-1,SOXS,1,25408080.0000,25632000.0000,10.5867,10.6800,open,time,587,955,88.1294,open,14.3002,73.8293,20.8834,67.2461,
2018-08-21,1818,15,16,385,1,SOXL,1,9.6840,10.0000,145.2600,150.0000,open,time,586,955,326.3114,open,16.0744,310.2370,16.5487,309.7628,
2018-08-27,1822,16,17,385,1,SOXL,1,10.9407,11.1127,164.1105,166.6905,open,time,587,955,157.2111,open,14.3077,142.9035,14.7309,142.4802,
2018-09-14,1835,16,17,154,1,SOXL,1,10.6680,10.3820,160.0200,155.7300,level,stop,587,724,-268.0915,open,15.8373,-283.9288,16.2808,-284.3723,
2018-09-18,1837,75,76,385,1,SOXL,1,10.5327,10.4360,157.9905,156.5400,open,time,646,955,-91.8093,open,10.8634,-102.6727,11.3085,-103.1179,
2018-09-20,1839,31,32,385,1,SOXL,1,10.8667,10.8333,163.0005,162.4995,open,time,602,955,-30.7361,open,11.4228,-42.1589,11.8530,-42.5891,
2018-09-21,1840,17,18,232,1,SOXL,1,10.9293,10.7467,163.9395,161.2005,gap,stop,588,802,-167.0738,open,15.0917,-182.1655,15.5223,-182.5961,
2018-09-27,1844,30,31,385,1,SOXL,1,10.1284,10.1220,151.9260,151.8300,open,time,601,955,-6.3189,open,12.2397,-18.5585,12.7006,-19.0194,
2018-10-01,1846,15,16,385,1,SOXL,1,10.5247,10.4100,157.8705,156.1500,open,time,586,955,-108.9817,open,14.9973,-123.9790,15.4431,-124.4249,
2018-10-05,1850,21,22,385,-1,SOXS,1,24737760.0000,25944000.0000,10.3074,10.8100,open,time,592,955,487.6108,open,14.4984,473.1125,21.1317,466.4791,
2018-10-09,1852,16,17,385,-1,SOXS,1,27432000.0000,27000000.0000,11.4300,11.2500,open,time,587,955,-157.4803,open,13.3599,-170.8402,19.5331,-177.0134,
2018-10-10,1853,16,17,385,-1,SOXS,1,29016000.0000,30408000.0000,12.0900,12.6700,open,time,587,955,479.7353,open,12.3712,467.3641,18.0286,461.7067,
2018-10-16,1857,26,27,385,1,SOXL,1,7.9773,8.3787,119.6595,125.6805,open,time,597,955,503.1778,open,19.4001,483.7776,19.9711,483.2067,
2018-10-18,1859,110,111,385,-1,SOXS,1,29352000.0000,30024000.0000,12.2300,12.5100,open,time,681,955,228.9452,open,8.2400,220.7052,13.8996,215.0456,
2018-10-19,1860,20,21,111,1,SOXL,1,7.8880,7.6993,118.3200,115.4895,level,stop,591,681,-239.2241,open,20.9449,-260.1690,21.5437,-260.7679,
2018-10-23,1862,44,45,98,-1,SOXS,1,34128000.0000,33053229.9414,14.2200,13.7722,level,stop,615,668,-314.9232,open,7.2921,-322.2153,12.2948,-327.2180,
2018-10-24,1863,30,31,385,-1,SOXS,1,33888000.0000,37104000.0000,14.1200,15.4600,open,time,601,955,949.0085,open,6.9103,942.0982,11.6530,937.3555,
2018-10-25,1864,23,24,385,1,SOXL,1,6.1173,6.2467,91.7595,93.7005,open,time,594,955,211.5312,open,25.5060,186.0252,26.2609,185.2703,
2018-10-29,1866,30,31,100,1,SOXL,1,6.3293,6.1876,94.9395,92.8140,level,stop,601,670,-223.8794,open,20.8094,-244.6889,21.5552,-245.4346,
2018-10-31,1868,32,33,152,1,SOXL,1,6.7967,6.5648,101.9505,98.4720,level,stop,603,722,-341.1950,open,19.9934,-361.1884,20.6921,-361.8871,
2018-11-01,1869,61,62,385,1,SOXL,1,7.0033,7.6540,105.0495,114.8100,open,time,632,955,929.1334,open,15.6382,913.4952,16.2762,912.8572,
2018-11-05,1871,33,34,385,-1,SOXS,1,30360000.0000,29448000.0000,12.6500,12.2700,open,time,604,955,-300.3953,open,8.1845,-308.5798,13.8038,-314.1990,
2018-11-09,1875,39,40,385,-1,SOXS,1,29816640.0000,29232000.0000,12.4236,12.1800,open,time,610,955,-196.0784,open,8.2874,-204.3659,13.9782,-210.0566,
2018-11-12,1876,17,18,385,-1,SOXS,1,31872000.0000,33288000.0000,13.2800,13.8700,open,time,588,955,444.2771,open,11.2798,432.9974,16.4387,427.8384,
2018-11-13,1877,87,88,385,1,SOXL,1,6.5687,6.4053,98.5305,96.0795,open,time,658,955,-248.7555,open,17.5123,-266.2677,18.2318,-266.9872,
2018-11-14,1878,15,16,40,1,SOXL,1,6.7625,6.6000,101.4375,99.0000,gap,stop,586,610,-240.2957,open,26.9485,-267.2443,27.6471,-267.9428,
2018-11-19,1881,20,21,385,-1,SOXS,1,30456000.0000,32784000.0000,12.6900,13.6600,open,time,591,955,764.3814,open,11.6867,752.6947,17.0070,747.3744,
2018-11-26,1885,29,30,136,1,SOXL,1,6.4787,6.3100,97.1805,94.6500,level,stop,600,706,-260.3917,open,21.4209,-281.8126,22.1508,-282.5425,
2018-11-29,1888,32,33,321,-1,SOXS,1,28656000.0000,28041452.2518,11.9400,11.6839,level,stop,603,891,-214.4569,open,8.6292,-223.0862,14.5561,-229.0131,
2018-12-03,1890,41,42,81,1,SOXL,1,7.8487,7.6571,117.7305,114.8565,level,stop,612,651,-244.1169,open,17.6769,-261.7937,18.2789,-262.3958,
2018-12-04,1891,16,17,385,-1,SOXS,1,26736000.0000,28968000.0000,11.1400,12.0700,open,time,587,955,834.8294,open,13.2779,821.5516,19.3195,815.5100,
2018-12-10,1894,92,93,246,-1,SOXS,1,33192000.0000,31560000.0000,13.8300,13.1500,level,stop,663,816,-491.6847,open,7.5675,-499.2522,12.7598,-504.4445,
2018-12-11,1895,54,55,122,1,SOXL,1,6.4833,6.2607,97.2495,93.9105,level,stop,625,692,-343.3437,open,21.4920,-364.8356,22.2246,-365.5682,
2018-12-17,1899,18,19,31,-1,SOXS,1,31752000.0000,31302326.9520,13.2300,13.0426,level,stop,589,601,-141.6204,open,11.5428,-153.1632,16.8718,-158.4922,
2018-12-18,1900,15,16,339,1,SOXL,1,6.1236,5.9460,91.8540,89.1900,level,stop,586,909,-290.0255,open,26.4541,-316.4796,27.2276,-317.2531,
2018-12-20,1902,36,37,111,1,SOXL,1,5.4993,5.2333,82.4895,78.4995,gap,stop,607,681,-483.6979,open,24.2307,-507.9286,25.1008,-508.7988,
2018-12-24,1904,15,16,205,-1,SOXS,1,39000000.0000,40032000.0000,16.2500,16.6800,open,time,586,775,264.6154,open,9.2804,255.3350,13.5326,251.0828,
2018-12-27,1906,257,258,359,-1,SOXS,1,35712000.0000,33918939.5879,14.8800,14.1329,level,stop,828,929,-502.0890,open,7.0410,-509.1301,11.8697,-513.9587,
2018-12-28,1907,15,16,57,1,SOXL,1,5.5409,5.3340,83.1135,80.0100,level,stop,586,627,-373.4050,open,33.0663,-406.4714,33.9249,-407.3299,
