ticker,period,n_days,n_1min_changes,share_zero_change,share_1tick,share_2tick,share_3to5,share_6to10,share_gt10,mean_abs_ticks,median_abs_ticks,mean_abs_ticks_nonzero,share_missing_minutes,mean_price
SOXL,2022,250,97250,0.08464781491002571,0.18816452442159384,0.1548688946015424,0.2687095115681234,0.16546015424164526,0.13814910025706942,5.302272904884319,3.0,5.780415421600126,0.0,23.188436006169667
SOXL,2023,248,96472,0.11435442408159881,0.24657931835143876,0.1988348950990961,0.3055912596401028,0.11057094286425077,0.024069159963512728,2.8575899742930595,2.0,3.206636001872659,4.1356492969396195e-05,19.535919716601708
SOXL,2024,249,96861,0.05235337235832791,0.12897863949370747,0.12119428872301545,0.2817852386409391,0.23863061500500718,0.1770578457790029,6.332263449685632,4.4,6.6749507571630895,0.0,39.44931194598445
SOXL,2025,247,96083,0.0823246568071355,0.1958827263928062,0.16318183237409323,0.29631672616383753,0.17080024562097354,0.091493812641154,4.365178231320837,2.98,4.742017284202647,0.0,27.783061325104338
SOXL,2026,184,71576,0.019699340561081927,0.046370291717894266,0.048829216497149885,0.1327959092433218,0.16970772325919303,0.5825975187213591,28.606532217503073,13.95,29.179451871276687,0.0,120.99306609897174
SOXL,last12m,249,96861,0.027678838748309433,0.06869637934772509,0.06741619434034338,0.1678590970566069,0.1848938169128958,0.4834556735941194,22.88281330979445,9.99,23.53073869186664,0.0,100.24325251958994
SOXL,last3m,64,24896,0.013737146529562982,0.03281651670951157,0.03173200514138817,0.09266548843187661,0.13435893316195371,0.6946899100257069,32.21911953727507,19.9,32.6667679400505,0.0,141.4436366444409
SOXS,2022,250,97250,0.08815424164524421,0.16103856041131107,0.09995886889460154,0.1797120822622108,0.18974807197943444,0.28138817480719797,8.687190128534704,5.0,9.515236645353362,0.00024615384615384614,38.947539215424165
SOXS,2023,248,96472,0.17131395638112612,0.3161228128368853,0.19182768057052824,0.22343270586284103,0.07540011609586202,0.021902728252757277,2.3547866738535537,1.5,2.809020826818438,4.1356492969396195e-05,14.701522754788954
SOXS,2024,249,96861,0.16745645822364005,0.27564241542003487,0.14743808137434056,0.22536418166238217,0.12285646441808365,0.06124239890151867,3.2793296579634736,1.87,3.9082952840366567,2.0595201318092884e-05,19.117567308823986
SOXS,2025,247,96083,0.25689247837806894,0.34364039424247783,0.1385260660054328,0.14972471717161204,0.06803492813504991,0.04318141606735843,2.6016369180812426,1.0,3.434184453781513,0.0,12.318093693993735
SOXS,2026,184,71576,0.20474740136358555,0.25145300100592377,0.11805633173130659,0.176190343131776,0.12237342125852241,0.12717950150888566,4.699460905890242,1.82,5.863452044061067,0.0,22.0874595843998
SOXS,last12m,249,96861,0.26485375951105194,0.3007299119356604,0.11108702160828404,0.13858002704907033,0.09075892257977927,0.09399035731615407,3.6617601903758987,1.0,4.913661350709902,0.0,17.301145988715792
SOXS,last3m,64,24896,0.08161953727506427,0.16050771208226222,0.10776831619537275,0.20200032133676094,0.19103470437017994,0.2570694087403599,8.286033651992287,4.5,9.007829504898531,0.0,38.73215169155688
SOXX,2022,250,97250,0.04758868894601542,0.024709511568123392,0.025110539845758353,0.07053984575835476,0.11632904884318766,0.7157223650385605,30.024791670951153,21.0,31.524788063311092,0.03569230769230769,401.88274471979435
SOXX,2023,248,96472,0.08451156812339332,0.028930674185255825,0.029106891118666555,0.08409694004477983,0.13781200762915666,0.6355419188987478,22.40385189485032,16.0,24.471672799737316,0.07066790736145574,465.0535782569035
SOXX,2024,249,96861,0.03346031942680749,0.056266195888954276,0.05581193669278657,0.15857775575308947,0.2120048316659956,0.48387896057236657,15.421650406252258,10.0,15.954855372783594,0.008217485325919061,295.4519556746265
SOXX,2025,247,96083,0.029526555165846194,0.06448591322086113,0.06537056503231581,0.17881415026591593,0.22615863368129638,0.43564418263376453,13.052089755732025,9.0,13.448678441970701,0.0013183847191944357,239.79876110133947
SOXX,2026,184,71576,0.012154912261093104,0.028543087068291048,0.029898289929585337,0.08575500167653963,0.13160836034424947,0.7120403487202415,34.22735651615067,21.0,34.6481626736062,0.0,460.9749599963675
SOXX,last12m,249,96861,0.01458791464056741,0.0352773562114783,0.036113606095332484,0.10350915229039552,0.15121669196064463,0.6592952788015817,29.461338722499253,17.0,29.897154262006538,2.0595201318092884e-05,417.3498279741072
SOXX,last3m,64,24896,0.009238431876606683,0.023537917737789203,0.023819087403598973,0.06952924164524421,0.10668380462724936,0.7671915167095116,39.4780936696658,26.0,39.84586313143598,0.0,537.9680628253535
SMH,2022,250,97250,0.02275578406169666,0.04694087403598972,0.04811311053984576,0.135866323907455,0.19719280205655526,0.5491311053984576,16.652655835475578,12.0,17.04006576386039,0.00022564102564102563,231.63122780565553
SMH,2023,248,96472,0.040374409154987974,0.09232730740525748,0.08879260303507754,0.23303134588274318,0.2542914006136496,0.29118293390828426,8.90882784642176,6.0,9.282879656934227,0.00020678246484698098,182.1642360975205
SMH,2024,249,96861,0.02913453299057412,0.06354466710027772,0.06325559306635281,0.17823479005998286,0.2343048285687738,0.4315255882140387,12.647856825760627,9.0,13.026621508097703,4.119040263618577e-05,231.83538173258583
SMH,2025,247,96083,0.0257277562107761,0.06120749768429379,0.05809560484164732,0.16252614926677977,0.2176763839597015,0.47476660803680154,14.593530385187806,10.0,14.978205980066447,3.114294612270321e-05,280.0047639572037
SMH,2026,184,71576,0.011260757795909243,0.028040125181625127,0.027257740024589246,0.08414831787191238,0.13248854364591484,0.7168045154800492,32.73631268022801,20.744999999999997,33.10881837501766,0.0,504.73784090013413
SMH,last12m,249,96861,0.013627775885031126,0.03404879156729747,0.03252082881655155,0.09788253270150009,0.14815044238651262,0.6737696286431072,28.888931834277983,18.0,29.28764296375378,2.0595201318092884e-05,464.27632825975365
SMH,last3m,64,24896,0.010563946015424165,0.02317641388174807,0.024140424164524422,0.07314428020565553,0.11395404884318766,0.7550208868894601,36.063042914524424,24.0,36.44779549384971,0.0,574.4812025694088
NVDA,2022,250,97250,0.01704884318766067,0.03941388174807198,0.039115681233933164,0.11416966580976863,0.174426735218509,0.6158251928020566,21.399171311053983,14.5,21.768497573018664,0.0,185.62119625192804
NVDA,2023,248,96472,0.013630898084418277,0.031180031511733975,0.03201965337092628,0.09256571855046024,0.1435546065179534,0.6870490919645078,26.674569719711418,18.15,27.041448763622224,0.0,364.80919097043704
NVDA,2024,249,96861,0.019378284345608655,0.046324113936465655,0.04414573460938871,0.12658345464118687,0.16664085648506624,0.5969275559822839,36.25919606446351,14.82,36.97279983997305,0.0,433.41098301380333
NVDA,2025,247,96083,0.0294328861505157,0.07680859257100632,0.07320753931496726,0.20483332119105357,0.24339373250210755,0.3723239282703496,11.072892499193406,7.5,11.403734598681035,0.0,153.5926777869134
NVDA,2026,184,71576,0.023820833799038783,0.06468648709064491,0.06309377444953616,0.17799262322566223,0.23221470884095227,0.43819157259416563,12.808353218956073,9.0,13.118398334072792,0.0,201.0560297320331
NVDA,last12m,249,96861,0.024416431794014103,0.06453577807373452,0.06391633371532401,0.17977307688336897,0.23146570859272567,0.4358926709408327,12.77019223423256,8.96,13.086917435658654,0.0,197.17103124477342
NVDA,last3m,64,24896,0.024823264781491,0.06631587403598972,0.062218830334190234,0.181956940874036,0.2328888174807198,0.4317962724935733,12.564022332904885,8.57,12.881841996869593,0.0,212.88130088367606
TQQQ,2022,250,97250,0.06091516709511568,0.14167609254498714,0.13436503856041132,0.28789717223650385,0.21161953727506427,0.16352699228791773,6.2221931105398465,3.99,6.615282942426035,0.0,38.014432140874035
TQQQ,2023,248,96472,0.09557177212040799,0.21658097686375322,0.18529728833236586,0.3213367609254499,0.14448751969483373,0.03672568206318932,3.314600920474335,2.5,3.644818686104616,0.0,34.177999086781654
TQQQ,2024,249,96861,0.05556415894942237,0.13490465718916797,0.12667637129494844,0.29221255200751595,0.23656580047697215,0.15407646008197315,5.8492409741794935,4.0,6.1847516916450775,0.0,66.68745020596525
TQQQ,2025,247,96083,0.04942601708939146,0.11753379890303176,0.10747999125755857,0.25467564501524725,0.23501555946421324,0.23586898827055774,7.546723665997106,5.0,7.930799921168458,0.0,78.95905871069805
TQQQ,2026,184,71576,0.05719794344473008,0.13857997093997987,0.12529339443388846,0.27995417458365934,0.22520118475466636,0.1737733318430759,6.242038661003688,4.0,6.6119600663880735,0.0,63.7573820880323
TQQQ,last12m,249,96861,0.05657591806815953,0.13616419405126934,0.12128720537677704,0.27064556426219016,0.22304126531834279,0.19228585292326117,6.650659287019543,4.24,7.040667088344405,0.0,69.551335460433
TQQQ,last3m,64,24896,0.05089170951156812,0.1331137532133676,0.12343348329048844,0.2780366323907455,0.2311616323907455,0.18336278920308482,6.34460994537275,4.26,6.6775491641626825,0.0,72.01905082073425
SQQQ,2022,250,97250,0.04987146529562982,0.11056041131105399,0.0976452442159383,0.24632390745501284,0.25109511568123394,0.24450385604113112,7.742528946015423,5.39,8.141503787878788,0.0,45.73039957634961
SQQQ,2023,248,96472,0.14544116427564474,0.2831909776930094,0.19342399867319016,0.2507048677336429,0.09354009453520193,0.03369889708931089,2.781433680238826,1.81,3.2209571693696097,0.0,25.41447993925699
SQQQ,2024,249,96861,0.30189653214400014,0.43582040243235154,0.14975067364573977,0.09210105202300203,0.017313469817573635,0.003117869937332879,1.1840455911047791,0.85,1.6114978038716927,0.0,12.795637207957796
SQQQ,2025,247,96083,0.16769876044669713,0.29494291393899025,0.16892686531436363,0.20655058647211266,0.10112090588345493,0.06075996794438142,3.2942872308316766,1.51,3.918386144804302,0.0,28.842009225357245
SQQQ,2026,184,71576,0.0724125405163742,0.17195708058567116,0.14557952386274728,0.2800240304012518,0.19463227897619315,0.13539454565776238,5.294640661674304,3.43,5.695802569547995,0.0,52.854875037722145
SQQQ,last12m,249,96861,0.09997831944745564,0.20446825863866777,0.14987456251742187,0.25820505673077915,0.16895344875646545,0.1185203539092101,4.7893316195372755,2.93,5.302239122704383,0.0,48.57312538792702
SQQQ,last3m,64,24896,0.09993573264781491,0.22951478149100257,0.17705655526992287,0.292336118251928,0.14323586118251927,0.05792095115681234,3.550712564267352,2.49,3.925981792217065,0.0,39.260607752249356
QQQ,2022,250,97250,0.019043701799485863,0.04434961439588689,0.04357840616966581,0.12769151670951157,0.19653470437017995,0.5688020565552699,17.081273419023134,12.5,17.411584309943606,0.0,310.833882203599
QQQ,2023,248,96472,0.026442905713574924,0.06499295132266357,0.06327224479641762,0.18482046604196037,0.2476573513558338,0.41281408076954973,11.408708433535118,8.5,11.716707977981494,0.0,345.3680462724936
QQQ,2024,249,96861,0.025614024220274412,0.05859943630563385,0.05526476084285729,0.1653709955503247,0.22548807053406428,0.4696627125468455,13.655650364955969,9.99,14.013185102776013,0.0,464.355010203281
QQQ,2025,247,96083,0.020981859434030994,0.05068534496216812,0.048406065589126065,0.14104472175098612,0.1949148132343911,0.5439671950292976,18.17298543967195,12.0,18.561180647836117,0.0,548.3079915687479
QQQ,2026,184,71576,0.016947021347937855,0.04053034536716218,0.04029283558734771,0.11434000223538617,0.16765396222197385,0.6202358332401923,21.949712613166426,15.0,22.327329136051617,0.0,669.6702768747347
QQQ,last12m,249,96861,0.017757404941101167,0.0429481421831284,0.04217383673511527,0.1206780850910067,0.17321729075685777,0.6032252402927907,21.047554123950814,14.0,21.427102721224287,0.0,654.8620623748051
QQQ,last3m,64,24896,0.01654884318766067,0.04293862467866324,0.04097043701799486,0.11572140102827763,0.1757310411311054,0.6080896529562982,21.096892271850898,14.0,21.45116770135599,0.0,713.971173183885
SPY,2022,250,97250,0.01915681233933162,0.04429820051413882,0.042529562982005144,0.128853470437018,0.19523907455012854,0.5699228791773779,16.978036401028277,12.5,17.308530722215814,0.0,408.89258789203086
SPY,2023,248,96472,0.028941039887221163,0.07062152748984162,0.06895264947342233,0.20146778339829174,0.2538353097271747,0.37618169002404844,10.490094638858944,7.96,10.800802198975235,4.1356492969396195e-05,427.09777038415285
SPY,2024,249,96861,0.0297643014216248,0.06951198108629893,0.07092637903800292,0.19594057463788314,0.24430885495710347,0.38954790885908674,11.213275931489456,8.0,11.555560982357573,0.0,540.8493354456386
SPY,2025,247,96083,0.021679173214824682,0.0572213606985627,0.05720054536182259,0.15847756627082835,0.2069356702018047,0.498485684252157,16.22038300219602,10.26,16.57848074468085,0.0,619.309057148507
SPY,2026,184,71576,0.02063540851682128,0.05431988375991953,0.05187493014418241,0.15104224879847994,0.20681513356432324,0.5153123952162736,15.900306667039231,11.0,16.23453743990642,0.0,721.511915044149
SPY,last12m,249,96861,0.02065846935299037,0.05515119604381537,0.0533961036949856,0.15128896046912585,0.20672923054686612,0.5127760398922167,15.820163636551346,11.0,16.153005270925576,0.0,709.4384699972125
SPY,last3m,64,24896,0.02277474293059126,0.06125482005141388,0.0586439588688946,0.1680189588688946,0.22674325192802056,0.4625642673521851,13.441067641388175,9.5,13.753474043322784,0.0,758.6637184527636
