ticker,period,n_days,bucket_start,std_r1_bps,n_r1,std_r5_bps,n_r5,mean_abs_r1_bps
SOXL,last12m,249,570,57.126561809316875,7221,127.82518995486619,1245,42.495202260558955
SOXL,last12m,249,600,43.04311555347396,7470,95.88649348312327,1494,31.55025988058425
SOXL,last12m,249,630,37.009644124723344,7470,82.94885791545947,1494,26.494212622786893
SOXL,last12m,249,660,31.034670976403138,7470,69.48925607992119,1494,22.22973206145557
SOXL,last12m,249,690,27.06006856823235,7470,59.918073099091835,1494,19.079690638336206
SOXL,last12m,249,720,24.659190338520766,7470,55.522848142703204,1494,17.057325435818413
SOXL,last12m,249,750,25.13349359138155,7470,54.15218511844686,1494,16.49239592629075
SOXL,last12m,249,780,22.53560692425643,7470,49.37571606290471,1494,15.215333446160969
SOXL,last12m,249,810,20.357791753323106,7470,46.40969021947844,1494,13.773447035134728
SOXL,last12m,249,840,20.592801883885883,7470,45.04381455676933,1494,13.737234904820607
SOXL,last12m,249,870,20.85677745801615,7470,45.05890399232078,1494,13.770773446813125
SOXL,last12m,249,900,23.564538423254685,7470,54.50980642965725,1494,15.394891054356972
SOXL,last12m,249,930,26.09603070716736,7470,61.43332540461757,1494,17.23648347144601
SOXL,last12m,249,-1,30.835265588461038,96861,68.09182707405411,19173,20.291296306622996
SOXL,since_2026-07-15,52,570,60.35022187563884,1508,140.14198870080438,260,45.66357908706138
SOXL,since_2026-07-15,52,600,46.46346213219682,1560,106.29493392771012,312,34.33124584890285
SOXL,since_2026-07-15,52,630,39.35374172386334,1560,89.2446780704281,312,28.565237066854966
SOXL,since_2026-07-15,52,660,31.831590692043296,1560,70.71831499526218,312,23.152920775555877
SOXL,since_2026-07-15,52,690,26.765588847230127,1560,60.98997868751002,312,19.66046606117626
SOXL,since_2026-07-15,52,720,24.970239979684784,1560,57.51063125281538,312,17.57185998575552
SOXL,since_2026-07-15,52,750,23.34735836774828,1560,49.545289300415014,312,16.339318349036414
SOXL,since_2026-07-15,52,780,19.320780162737673,1560,42.74463886062209,312,13.768013944139225
SOXL,since_2026-07-15,52,810,17.23751887287041,1560,36.74906153679549,312,12.386828515512752
SOXL,since_2026-07-15,52,840,21.45759550327929,1560,42.91788140313495,312,13.684816543038808
SOXL,since_2026-07-15,52,870,19.075524740167086,1560,43.67305058729182,312,13.409936503736672
SOXL,since_2026-07-15,52,900,23.043053470652648,1560,52.38335869583892,312,16.141748756562855
SOXL,since_2026-07-15,52,930,25.964249711786188,1560,65.56151376187837,312,17.589224316808863
SOXL,since_2026-07-15,52,-1,31.447409092768808,20228,70.61478569060647,4004,20.879928775159925
SOXS,last12m,249,570,59.034531197137184,7221,128.57374771005462,1245,44.25233160508552
SOXS,last12m,249,600,45.06353839431626,7470,96.62322793535463,1494,33.59480092799622
SOXS,last12m,249,630,38.40473236522447,7470,82.24299427049533,1494,28.289267949571435
SOXS,last12m,249,660,32.91229907768725,7470,68.58196441765018,1494,24.16709472615187
SOXS,last12m,249,690,29.00517996859234,7470,59.247693354122916,1494,21.240550839691306
SOXS,last12m,249,720,26.31361802931436,7470,53.502010137768686,1494,19.07863489342068
SOXS,last12m,249,750,25.806497431347218,7470,51.11198906736824,1494,18.386254289320185
SOXS,last12m,249,780,24.801701947730976,7470,50.36909021388103,1494,17.673650908867042
SOXS,last12m,249,810,23.23517903662234,7470,46.167235277940385,1494,16.268154273974044
SOXS,last12m,249,840,23.690609593304394,7470,46.73861759127105,1494,16.469776974318307
SOXS,last12m,249,870,23.578863164259683,7470,46.39508074379162,1494,16.42471837020927
SOXS,last12m,249,900,25.30621382525826,7470,53.00800957949863,1494,17.625894441300645
SOXS,last12m,249,930,27.408862681778764,7470,60.15934878339364,1494,19.082237092273278
SOXS,last12m,249,-1,32.6471210104932,96861,67.79079970005523,19173,22.44819713922959
SOXS,since_2026-07-15,52,570,60.26162224157329,1508,141.3058190266401,260,45.77927210252032
SOXS,since_2026-07-15,52,600,45.17720824352225,1560,105.66635257374887,312,34.00433018500617
SOXS,since_2026-07-15,52,630,37.86017276700381,1560,87.14769848161176,312,28.12621935044136
SOXS,since_2026-07-15,52,660,31.568114194855738,1560,70.22245274807575,312,22.745867049241685
SOXS,since_2026-07-15,52,690,26.43155756837617,1560,58.404236984613384,312,19.57904154137477
SOXS,since_2026-07-15,52,720,23.70713371098941,1560,55.08497461867967,312,17.133746403851013
SOXS,since_2026-07-15,52,750,22.37651104187849,1560,49.55440890356489,312,16.034172795909253
SOXS,since_2026-07-15,52,780,18.581581494882982,1560,42.40074377352356,312,13.533101650983324
SOXS,since_2026-07-15,52,810,16.444789574340263,1560,35.36593258211364,312,12.108970245120172
SOXS,since_2026-07-15,52,840,20.23956171930271,1560,40.740825135299204,312,13.496480309689947
SOXS,since_2026-07-15,52,870,18.475474668116334,1560,41.05564435859724,312,13.234017296353695
SOXS,since_2026-07-15,52,900,22.881320874459032,1560,51.82196333563035,312,16.164923245110863
SOXS,since_2026-07-15,52,930,24.57550107924289,1560,62.32332502218483,312,17.113804142709643
SOXS,since_2026-07-15,52,-1,30.714515964766424,20228,69.55124134551431,4004,20.631977165673128
SOXX,last12m,249,570,19.072196197917368,7221,42.62230778538895,1245,14.238818688540876
SOXX,last12m,249,600,14.265944703124626,7470,31.733220604452864,1494,10.529912645519381
SOXX,last12m,249,630,12.147511515627023,7470,27.327130119378403,1494,8.791891462236638
SOXX,last12m,249,660,10.159099666616257,7470,22.715322851851816,1494,7.357108965339022
SOXX,last12m,249,690,8.865382800788753,7470,19.602286810993125,1494,6.332348756372868
SOXX,last12m,249,720,8.003344411945264,7470,17.882759207660836,1494,5.635754795901706
SOXX,last12m,249,750,8.025714469159729,7470,17.185448786866438,1494,5.450560369837298
SOXX,last12m,249,780,7.293555080163453,7470,16.24744388855653,1494,5.021291701412175
SOXX,last12m,249,810,6.676723758886673,7470,15.072452905354915,1494,4.563206143632957
SOXX,last12m,249,840,6.771982976938921,7470,14.912729298702118,1494,4.590800936023011
SOXX,last12m,249,870,6.7874597703876685,7470,14.724478631227026,1494,4.5679389729897295
SOXX,last12m,249,900,7.633593012838601,7470,17.619878738795016,1494,5.0983043377228
SOXX,last12m,249,930,8.453232258862258,7470,20.230957805554592,1494,5.6975622103509584
SOXX,last12m,249,-1,10.136455953178707,96861,22.38542323163674,19173,6.740427200225814
SOXX,since_2026-07-15,52,570,20.0469466259927,1508,46.927501059802886,260,15.194514697277212
SOXX,since_2026-07-15,52,600,15.24730963476167,1560,35.06644831289788,312,11.397673341815397
SOXX,since_2026-07-15,52,630,12.858617490202327,1560,29.34373937475261,312,9.430212602882452
SOXX,since_2026-07-15,52,660,10.340188059482045,1560,23.210697437631715,312,7.546485066098332
SOXX,since_2026-07-15,52,690,8.773550889135795,1560,20.13432442694739,312,6.49433062594949
SOXX,since_2026-07-15,52,720,8.049798717883336,1560,18.537626883134926,312,5.73103328375198
SOXX,since_2026-07-15,52,750,7.592322100425196,1560,16.285080948619974,312,5.386103721065963
SOXX,since_2026-07-15,52,780,6.253420207702436,1560,13.88578143737746,312,4.549046828099022
SOXX,since_2026-07-15,52,810,5.48885859981678,1560,11.927539985008025,312,4.0393920295351835
SOXX,since_2026-07-15,52,840,6.936990223459316,1560,13.98791672240019,312,4.543301082340293
SOXX,since_2026-07-15,52,870,6.2588025494285615,1560,13.9376023112568,312,4.447384148342138
SOXX,since_2026-07-15,52,900,7.665280629627081,1560,17.207020239294526,312,5.411678292764631
SOXX,since_2026-07-15,52,930,8.454064844456834,1560,21.75284402983782,312,5.809910314447097
SOXX,since_2026-07-15,52,-1,10.312665054711257,20228,23.29279953924691,4004,6.900353383891514
SMH,last12m,249,570,16.865591697950627,7221,37.47484875913898,1245,12.72787873400855
SMH,last12m,249,600,12.63234109876507,7470,27.743709841318626,1494,9.429146507417526
SMH,last12m,249,630,10.792674665654712,7470,24.30265356620433,1494,7.8793003755171345
SMH,last12m,249,660,9.020657798250141,7470,19.91950370528963,1494,6.600403798385185
SMH,last12m,249,690,7.966956153553239,7470,17.551511096292526,1494,5.724469182667961
SMH,last12m,249,720,7.218144705004578,7470,15.949665629892756,1494,5.108451507224536
SMH,last12m,249,750,7.15935174545957,7470,15.374520015557568,1494,4.90110634215065
SMH,last12m,249,780,6.602255610457788,7470,14.682509074101132,1494,4.575679235269882
SMH,last12m,249,810,6.069251283928664,7470,13.581951198080557,1494,4.175347678467821
SMH,last12m,249,840,6.06972666023637,7470,13.141622700946007,1494,4.145146273911236
SMH,last12m,249,870,6.097329116364585,7470,13.257589088072512,1494,4.123384316474871
SMH,last12m,249,900,6.725846595751176,7470,15.39951593238593,1494,4.524345577514271
SMH,last12m,249,930,7.368173136617951,7470,17.045912875675082,1494,5.033452597738052
SMH,last12m,249,-1,9.012082251971895,96861,19.73928656375787,19173,6.055823869070493
SMH,since_2026-07-15,52,570,16.79089306606651,1508,38.83874937214569,260,12.82751619127034
SMH,since_2026-07-15,52,600,12.839237953234678,1560,29.311772750739358,312,9.672572318092206
SMH,since_2026-07-15,52,630,10.846058866712193,1560,24.743073458308256,312,8.001967215437388
SMH,since_2026-07-15,52,660,8.814530573950218,1560,19.637375926891156,312,6.484218597580438
SMH,since_2026-07-15,52,690,7.612732755845008,1560,17.324575202091022,312,5.660079832925136
SMH,since_2026-07-15,52,720,6.964184352069142,1560,16.025812085659464,312,4.969931041927744
SMH,since_2026-07-15,52,750,6.439984672878671,1560,14.0720222017877,312,4.590673310526869
SMH,since_2026-07-15,52,780,5.508946300937116,1560,12.429308867726924,312,3.986518430776758
SMH,since_2026-07-15,52,810,4.905080033313973,1560,10.43395744567689,312,3.592814593583692
SMH,since_2026-07-15,52,840,5.739977605635402,1560,11.693635669191304,312,3.877415374349918
SMH,since_2026-07-15,52,870,5.489435986118345,1560,12.428904310581393,312,3.893665430755083
SMH,since_2026-07-15,52,900,6.507602622949831,1560,14.782622674420182,312,4.600235085240431
SMH,since_2026-07-15,52,930,7.373566663233226,1560,18.528446294852944,312,5.027645101164892
SMH,since_2026-07-15,52,-1,8.75798957569744,20228,19.693820272082252,4004,5.919614548888577
NVDA,last12m,249,570,18.67022977879716,7221,38.43321332476653,1245,14.113048650551855
NVDA,last12m,249,600,12.541330277839544,7470,27.096432179778112,1494,9.53334962454289
NVDA,last12m,249,630,10.756432573525704,7470,24.163635755048553,1494,8.025941239340952
NVDA,last12m,249,660,9.160793272441087,7470,20.273964549220477,1494,6.8213187711762275
NVDA,last12m,249,690,8.24652324849479,7470,17.909300592405337,1494,6.104058601878068
NVDA,last12m,249,720,7.565044294886109,7470,16.310283310409794,1494,5.514922046312968
NVDA,last12m,249,750,7.1428092693311305,7470,15.882038643597564,1494,5.129792378259331
NVDA,last12m,249,780,6.86788217647941,7470,15.425371770860645,1494,4.927923043211887
NVDA,last12m,249,810,6.571480934323619,7470,14.758413664061557,1494,4.618557559964819
NVDA,last12m,249,840,6.226857054413358,7470,13.763118458542726,1494,4.545465578194441
NVDA,last12m,249,870,6.253710545574929,7470,13.932970725129044,1494,4.523568122337238
NVDA,last12m,249,900,7.005107188671807,7470,16.23835635647667,1494,4.813243092045717
NVDA,last12m,249,930,8.601147532360017,7470,19.511442732254977,1494,5.911760136137261
NVDA,last12m,249,-1,9.463769779956849,96861,20.286217424981277,19173,6.48682626392817
NVDA,since_2026-07-15,52,570,17.550296610548582,1508,35.85530214231317,260,12.945798186733764
NVDA,since_2026-07-15,52,600,11.605761858681396,1560,24.90506261978718,312,8.78722721797512
NVDA,since_2026-07-15,52,630,9.570508923586788,1560,21.734294195028234,312,7.208590865618814
NVDA,since_2026-07-15,52,660,8.407051400961947,1560,18.428047205794893,312,6.290246469508419
NVDA,since_2026-07-15,52,690,7.080043908387367,1560,15.823334759712749,312,5.3623745125937265
NVDA,since_2026-07-15,52,720,6.565547875415147,1560,15.812033660309721,312,4.825593522025937
NVDA,since_2026-07-15,52,750,5.942081234398347,1560,13.303346947652843,312,4.403074804837764
NVDA,since_2026-07-15,52,780,5.4931464857325905,1560,13.128843927437503,312,4.136467691318986
NVDA,since_2026-07-15,52,810,5.179843138927317,1560,11.026564333791185,312,3.812768812298235
NVDA,since_2026-07-15,52,840,5.160892109012234,1560,11.655993002221614,312,3.8190481044906694
NVDA,since_2026-07-15,52,870,5.418015190288144,1560,12.777732727223983,312,3.8854209485824263
NVDA,since_2026-07-15,52,900,6.023964239079753,1560,14.133999777876676,312,4.3199285970172925
NVDA,since_2026-07-15,52,930,8.10450114001409,1560,18.599685933442164,312,5.556202054430004
NVDA,since_2026-07-15,52,-1,8.504304243730118,20228,18.326264308958052,4004,5.777985746622625
TQQQ,last12m,249,570,23.473831855818627,7221,51.18381943022063,1245,17.57475050181011
TQQQ,last12m,249,600,19.475832226755454,7470,42.12955186548852,1494,14.286072608231578
TQQQ,last12m,249,630,17.28159692629616,7470,38.173404516311976,1494,12.40562195257256
TQQQ,last12m,249,660,14.783968130315113,7470,33.20630653467902,1494,10.602660797022574
TQQQ,last12m,249,690,13.648546298829338,7470,29.107680361721844,1494,9.643989853394524
TQQQ,last12m,249,720,12.484127446988294,7470,26.651395600220017,1494,8.612700045914988
TQQQ,last12m,249,750,12.543940534035212,7470,26.370245310028345,1494,8.359601038220614
TQQQ,last12m,249,780,11.711734638852063,7470,26.399728059698845,1494,7.915776303354191
TQQQ,last12m,249,810,10.745044917061072,7470,23.892706868435884,1494,7.228266619433453
TQQQ,last12m,249,840,10.660638045241438,7470,23.77542389531777,1494,7.0766063460683375
TQQQ,last12m,249,870,10.726872350513833,7470,23.6777905778749,1494,7.055499597166832
TQQQ,last12m,249,900,10.858551069335991,7470,24.1842332902592,1494,7.0659966216838335
TQQQ,last12m,249,930,12.362905690192731,7470,27.353765967098177,1494,8.339678157834438
TQQQ,last12m,249,-1,14.377931160597685,96861,31.199600465084583,19173,9.684940521283885
TQQQ,since_2026-07-15,52,570,21.457848598547518,1508,48.664390884258665,260,16.52998425565548
TQQQ,since_2026-07-15,52,600,17.56398383609548,1560,38.713569510128096,312,13.273272982005324
TQQQ,since_2026-07-15,52,630,14.940869481443523,1560,33.80645811751733,312,11.245253668182135
TQQQ,since_2026-07-15,52,660,12.876974020334073,1560,29.201316043204955,312,9.425902677543469
TQQQ,since_2026-07-15,52,690,11.289977126157492,1560,26.255644434366964,312,8.437052815481048
TQQQ,since_2026-07-15,52,720,10.562769213098694,1560,24.104375013272126,312,7.2935233592214805
TQQQ,since_2026-07-15,52,750,10.001706300193904,1560,21.48235168871937,312,7.012671349858304
TQQQ,since_2026-07-15,52,780,8.753811309036774,1560,19.13118180974999,312,6.218178626679533
TQQQ,since_2026-07-15,52,810,7.54551055548346,1560,17.24402845199938,312,5.519248379937432
TQQQ,since_2026-07-15,52,840,8.796374633919124,1560,17.474394068316016,312,5.900184021594936
TQQQ,since_2026-07-15,52,870,8.88202509462724,1560,21.736713034168716,312,6.032926163752332
TQQQ,since_2026-07-15,52,900,9.048641869016059,1560,21.592606107088884,312,6.01363535538776
TQQQ,since_2026-07-15,52,930,10.74277197481828,1560,25.78477057793919,312,7.24391844991511
TQQQ,since_2026-07-15,52,-1,12.319974960183783,20228,27.568292133956195,4004,8.452037477894022
SQQQ,last12m,249,570,23.581613993562488,7221,51.18864199941538,1245,17.708272780186345
SQQQ,last12m,249,600,19.51005344580457,7470,41.945918218537855,1494,14.408452564496045
SQQQ,last12m,249,630,17.19995432738252,7470,37.85012763998514,1494,12.4425263159436
SQQQ,last12m,249,660,14.692996089962119,7470,32.65495139761247,1494,10.643324716127832
SQQQ,last12m,249,690,13.543241310648236,7470,28.76092684995074,1494,9.684943769135366
SQQQ,last12m,249,720,12.333486012032353,7470,26.12972060406081,1494,8.670212294797906
SQQQ,last12m,249,750,12.292204814150956,7470,25.53321658080709,1494,8.386515397289937
SQQQ,last12m,249,780,11.614823483993188,7470,26.346359003867438,1494,7.953441449212993
SQQQ,last12m,249,810,10.772507466622796,7470,23.634285791296158,1494,7.310487259900972
SQQQ,last12m,249,840,10.737435215149256,7470,23.664024176758005,1494,7.166484018039048
SQQQ,last12m,249,870,10.691124678112814,7470,23.38553252192575,1494,7.151046143578032
SQQQ,last12m,249,900,10.72081887609033,7470,23.770205418791484,1494,7.088265417709047
SQQQ,last12m,249,930,12.188711128852349,7470,26.80174254259191,1494,8.355026939210463
SQQQ,last12m,249,-1,14.323784942113798,96861,30.8849854099235,19173,9.746431103312704
SQQQ,since_2026-07-15,52,570,21.653783666222907,1508,48.98275731008471,260,16.633236741490542
SQQQ,since_2026-07-15,52,600,17.398455832614935,1560,38.54681648051437,312,13.264429804816292
SQQQ,since_2026-07-15,52,630,14.755036922262107,1560,33.21081061939742,312,11.178068645884203
SQQQ,since_2026-07-15,52,660,12.88488711384833,1560,28.9923946758979,312,9.422742406826076
SQQQ,since_2026-07-15,52,690,11.344720710952846,1560,26.054003037670743,312,8.469994531165627
SQQQ,since_2026-07-15,52,720,10.431005397530473,1560,23.970547705373434,312,7.274480394174972
SQQQ,since_2026-07-15,52,750,9.999554523368124,1560,21.53183451466016,312,7.013194608143201
SQQQ,since_2026-07-15,52,780,8.753914003996215,1560,19.140783033427496,312,6.301344845072276
SQQQ,since_2026-07-15,52,810,7.531772598365669,1560,17.117108742581195,312,5.55962921537196
SQQQ,since_2026-07-15,52,840,8.723660920055124,1560,17.271233574248217,312,5.913151675026904
SQQQ,since_2026-07-15,52,870,8.869501130050098,1560,21.685196577444,312,6.075486556312971
SQQQ,since_2026-07-15,52,900,9.101278238637292,1560,21.59084583668083,312,6.072577350154841
SQQQ,since_2026-07-15,52,930,10.543526368172635,1560,25.13032207771439,312,7.257582781164379
SQQQ,since_2026-07-15,52,-1,12.29019243514918,20228,27.42561980893921,4004,8.474149999811406
QQQ,last12m,249,570,7.822871023861859,7221,17.020617175302288,1245,5.870290475923445
QQQ,last12m,249,600,6.480133245507517,7470,13.973050352482327,1494,4.771512683027979
QQQ,last12m,249,630,5.731022559207438,7470,12.649839649648463,1494,4.121768463089519
QQQ,last12m,249,660,4.896999638352555,7470,10.97194790909604,1494,3.5148668285035085
QQQ,last12m,249,690,4.527958305127869,7470,9.669402408063588,1494,3.2207793987901736
QQQ,last12m,249,720,4.130386028433475,7470,8.792884730094759,1494,2.867867310777452
QQQ,last12m,249,750,4.140611663751616,7470,8.660979362200845,1494,2.7762360588770028
QQQ,last12m,249,780,3.873234053312309,7470,8.7725457735856,1494,2.6256464952604643
QQQ,last12m,249,810,3.564065959706755,7470,7.930995448738508,1494,2.4065266457894476
QQQ,last12m,249,840,3.5379080796480604,7470,7.9004707460533865,1494,2.35151155439249
QQQ,last12m,249,870,3.5488316078539084,7470,7.850938162731401,1494,2.3436453928461605
QQQ,last12m,249,900,3.5847668426867183,7470,8.005258637059168,1494,2.348736216208928
QQQ,last12m,249,930,4.080690464170617,7470,9.056963691287645,1494,2.7658628669673484
QQQ,last12m,249,-1,4.769570184940217,96861,10.340881455261902,19173,3.2228463270891874
QQQ,since_2026-07-15,52,570,7.16332121128948,1508,16.204592882596025,260,5.532503812160324
QQQ,since_2026-07-15,52,600,5.807124539073314,1560,12.820611701381939,312,4.420214637077188
QQQ,since_2026-07-15,52,630,4.959081457703422,1560,11.210449416309237,312,3.7331784867774926
QQQ,since_2026-07-15,52,660,4.300000547207777,1560,9.70568356581588,312,3.1344113784988488
QQQ,since_2026-07-15,52,690,3.7774907822526202,1560,8.736887031344025,312,2.833531555053626
QQQ,since_2026-07-15,52,720,3.504212498647107,1560,7.997340090464375,312,2.429103673428586
QQQ,since_2026-07-15,52,750,3.3428382125084624,1560,7.1579245481276965,312,2.33670748656021
QQQ,since_2026-07-15,52,780,2.909947512241014,1560,6.357355345947283,312,2.0796006676366945
QQQ,since_2026-07-15,52,810,2.501503384304901,1560,5.760748195257017,312,1.8372596386803763
QQQ,since_2026-07-15,52,840,2.9085056270629055,1560,5.808157506679518,312,1.9625065125997567
QQQ,since_2026-07-15,52,870,2.977912855410457,1560,7.252364372552178,312,2.034840992870438
QQQ,since_2026-07-15,52,900,3.0381274040340926,1560,7.249918867526125,312,2.0235556598658233
QQQ,since_2026-07-15,52,930,3.568380381719912,1560,8.600829119081569,312,2.4242210826274917
QQQ,since_2026-07-15,52,-1,4.1009197679889295,20228,9.169319568580045,4004,2.8224076187736387
SPY,last12m,249,570,4.746327053535376,7221,10.40966009540791,1245,3.485439354330697
SPY,last12m,249,600,4.360569617241688,7470,9.285427741834484,1494,3.121078589918604
SPY,last12m,249,630,3.925826381023233,7470,8.661677633869344,1494,2.7611087698349177
SPY,last12m,249,660,3.468315894036001,7470,7.74922287882064,1494,2.446148324162446
SPY,last12m,249,690,3.2617115844654077,7470,6.831363480583311,1494,2.2748998724808462
SPY,last12m,249,720,3.028856391733108,7470,6.28749757554696,1494,2.049689085820205
SPY,last12m,249,750,3.0887273420340096,7470,6.405233883278234,1494,2.0254646101230556
SPY,last12m,249,780,2.90314495209625,7470,6.52329321965731,1494,1.9414018131726756
SPY,last12m,249,810,2.670298789338685,7470,5.949078584307398,1494,1.793060928596176
SPY,last12m,249,840,2.708385059052602,7470,6.055946473566559,1494,1.765974523760849
SPY,last12m,249,870,2.7454919875868518,7470,6.131120793087577,1494,1.7679782563723285
SPY,last12m,249,900,2.667335047899475,7470,5.870966841238983,1494,1.7269394461147538
SPY,last12m,249,930,3.2079698906455114,7470,7.064471017396114,1494,2.1413006687646896
SPY,last12m,249,-1,3.3487964211815884,96861,7.253213545773321,19173,2.2507174497409683
SPY,since_2026-07-15,52,570,3.5692224029849307,1508,7.781443165964567,260,2.7324254812983493
SPY,since_2026-07-15,52,600,3.2881845054964938,1560,7.130595861024955,312,2.4589847314494455
SPY,since_2026-07-15,52,630,2.8173760774447225,1560,6.185016257565038,312,2.139087982703293
SPY,since_2026-07-15,52,660,2.6615179504720063,1560,5.946190118760107,312,1.9695298659228828
SPY,since_2026-07-15,52,690,2.3752779032599696,1560,5.470787150275194,312,1.7693157442252563
SPY,since_2026-07-15,52,720,2.295887625371932,1560,5.1976701262847875,312,1.5694772710324614
SPY,since_2026-07-15,52,750,2.199737669723864,1560,4.672118388953171,312,1.5280152032042078
SPY,since_2026-07-15,52,780,1.923037862833882,1560,4.15114602908658,312,1.3965177289039117
SPY,since_2026-07-15,52,810,1.6710398438098744,1560,3.806593651824709,312,1.245041589668863
SPY,since_2026-07-15,52,840,1.9706224029926134,1560,3.8885531071094537,312,1.3059262354368653
SPY,since_2026-07-15,52,870,2.0963993810535237,1560,5.34499793901016,312,1.3936786379829151
SPY,since_2026-07-15,52,900,1.9800416430368981,1560,4.946877620317224,312,1.319814470063309
SPY,since_2026-07-15,52,930,2.508279508754329,1560,5.807457516097537,312,1.6942712975933754
SPY,since_2026-07-15,52,-1,2.466088614555952,20228,5.489495180709938,4004,1.7298975879261074
