ticker,primary_exchange,round_lot,close_unadj_2026_09_25,vwap_2026_09_25,rel_tick_bps_at_close,min_close_unadj_12m,max_close_unadj_12m,min_close_adj_12m,max_close_adj_12m,shares_outstanding_ref
SOXL,ARCX,100,151.45,151.4234,0.6602839220864972,30.81,300.77,30.81,300.77,166200060
SOXS,ARCX,100,32.43,32.4734,3.0835646006783843,1.59,73.15,32.4,1062.0,53368272
SOXX,XNAS,40,572.68,572.424,0.17461758748341136,268.1,655.01,268.1,655.01,85200000
SMH,XNAS,40,606.56,606.5001,0.16486415193880244,321.82,668.91,321.82,668.91,123441874
NVDA,XNAS,100,225.07,224.8039,0.4443062158439597,165.17,235.74,165.17,235.74,24100000000
TQQQ,XNAS,100,79.6,79.3683,1.256281407035176,37.89,120.61,37.89,87.22,486450000
SQQQ,XNAS,100,33.75,33.8445,2.962962962962963,12.76,89.42,33.75,89.42,64151200
QQQ,XNAS,40,744.5,743.6787,0.1343183344526528,558.28,747.46,558.28,747.46,670900000
SPY,ARCX,40,771.35,770.1201,0.12964283399235108,631.97,777.88,631.97,777.88,1066782116
