ticker,execution_date,split_from,split_to,type
NVDA,2006-04-07,1,2,forward
NVDA,2007-09-11,2,3,forward
NVDA,2021-07-20,1,4,forward
NVDA,2024-06-10,1,10,forward
SMH,2023-05-05,1,2,forward
SOXL,2015-05-20,1,4,forward
SOXL,2021-03-02,1,15,forward
SOXS,2011-02-24,5,1,reverse
SOXS,2013-08-20,4,1,reverse
SOXS,2015-05-20,4,1,reverse
SOXS,2017-05-01,5,1,reverse
SOXS,2019-06-28,10,1,reverse
SOXS,2020-08-28,12,1,reverse
SOXS,2022-03-28,10,1,reverse
SOXS,2024-04-15,10,1,reverse
SOXS,2026-03-05,20,1,reverse
SOXS,2026-07-15,10,1,reverse
SOXX,2024-03-07,1,3,forward
SOXX,2026-11-05,1,3,forward
SQQQ,2012-05-11,4,1,reverse
SQQQ,2014-01-24,4,1,reverse
SQQQ,2017-01-12,4,1,reverse
SQQQ,2019-05-24,4,1,reverse
SQQQ,2020-08-18,5,1,reverse
SQQQ,2022-01-13,5,1,reverse
SQQQ,2024-11-07,5,1,reverse
SQQQ,2025-11-20,5,1,reverse
TQQQ,2011-02-25,1,2,forward
TQQQ,2012-05-11,1,2,forward
TQQQ,2014-01-24,1,2,forward
TQQQ,2017-01-12,1,2,forward
TQQQ,2018-05-24,1,3,forward
TQQQ,2021-01-21,1,2,forward
TQQQ,2022-01-13,1,2,forward
TQQQ,2025-11-20,1,2,forward
