ticker,n_days,pre_share,rth_share,post_share,minutebar_sum_over_dailybar_volume,first30_share_of_rth,last30_share_of_rth,min_1200_1300_share_of_rth
SOXL,249,0.10678583515935781,0.8588459822182256,0.034368182622416574,0.9824620604209617,0.20474088232111845,0.13179401538728983,0.09790357251250362
SOXS,249,0.1004069930849139,0.8702406450745115,0.029352361840574617,0.9986291362040824,0.19288736442434426,0.0744078789189327,0.11027205553225458
SOXX,249,0.027791309212339983,0.9478426829108914,0.024366007876768743,0.9586071020116079,0.17742675559592871,0.1704025678605656,0.09657981229191138
SMH,249,0.020595686442183632,0.9591601519459186,0.020244161611897692,0.966123332608339,0.15084761278239375,0.1733193141976303,0.10249308909778425
NVDA,249,0.034851680834736866,0.9266063316792189,0.038541987486044156,0.8716768512697833,0.18007704592461898,0.1124702435504037,0.11069402960459741
TQQQ,249,0.08415831768504937,0.885728851914817,0.03011283040013367,0.9946800734097131,0.195550154480887,0.09305405290080998,0.10905036842554826
SQQQ,249,0.08525494093452447,0.8878244514106485,0.026920607654827095,0.9981263568706737,0.19015119566690816,0.09171545936178002,0.11183510606895258
QQQ,249,0.04099331982733768,0.9010251671581032,0.05798151301455914,0.974930694137196,0.1505416547908363,0.1363337441959606,0.11264068166303173
SPY,249,0.02319827561446852,0.8656675438809165,0.11113418050461495,0.9675471078311186,0.12381534811659128,0.1932694863848809,0.10249802195015673
