day_type,entry_time,trades,win_rate,mean_net_bps,right_direction_share
medium,09:45-10:00,276,0.5833,16.7513,0.7536
medium,10:00-10:30,91,0.6703,76.7961,0.8571
medium,10:30-12:00,34,0.8529,136.6619,0.9118
medium,after 12:00,7,0.7143,59.4954,0.8571
quiet,09:45-10:00,405,0.1951,-166.4252,0.5877
quiet,10:00-10:30,183,0.2459,-136.6018,0.6011
quiet,10:30-12:00,65,0.4000,-67.8823,0.6923
quiet,after 12:00,31,0.4194,-64.2921,0.8065
trend,09:45-10:00,211,0.8057,388.4252,0.8815
trend,10:00-10:30,75,0.7467,283.2710,0.7733
trend,10:30-12:00,20,0.7000,154.3141,0.8000
trend,after 12:00,3,1.0000,1799.8052,1.0000
