condition,bucket,cut_points,days,trend_share_pre,med_or_trend_share_pre,orb_net_pre,orb_trades_pre,trend_share_dev,med_or_trend_share_dev,orb_net_dev,orb_trades_dev,trend_share_val,med_or_trend_share_val,orb_net_val,orb_trades_val,trend_share_all,med_or_trend_share_all,orb_net_all,orb_trades_all,trend_lift_pre,trend_lift_dev,trend_lift_val,lift_above_1_all_periods,orb_positive_all_periods
gap_abs_pct,high,low < 1.38 <= mid < 3.17 <= high,587,0.2564,0.5299,-26.4954,196,0.3135,0.5992,53.3620,214,0.1782,0.4950,24.3778,79,0.2675,0.5537,16.6712,489,1.6042,1.1739,1.0559,True,False
gap_abs_pct,mid,low < 1.38 <= mid < 3.17 <= high,586,0.1124,0.4418,23.3882,177,0.2634,0.5714,40.0125,186,0.1504,0.3628,43.4251,92,0.1775,0.4761,34.2355,455,0.7035,0.9863,0.8913,False,True
gap_abs_pct,low,low < 1.38 <= mid < 3.17 <= high,586,0.1172,0.4176,3.3190,203,0.2160,0.4930,-8.5431,177,0.1800,0.4500,81.0010,76,0.1638,0.4505,11.6616,456,0.7333,0.8087,1.0664,False,False
gap_atr,mid,low < 0.18 <= mid < 0.41 <= high,582,0.1358,0.4321,-14.2815,175,0.2444,0.5511,18.1844,190,0.1404,0.3772,9.7085,96,0.1787,0.4674,4.0950,461,0.8496,0.9153,0.8315,False,False
gap_atr,high,low < 0.18 <= mid < 0.41 <= high,582,0.1889,0.4852,-14.5803,217,0.2723,0.5728,73.0489,172,0.1515,0.4545,1.3860,72,0.2131,0.5120,20.6080,461,1.1817,1.0196,0.8977,False,False
gap_atr,low,low < 0.18 <= mid < 0.41 <= high,582,0.1478,0.4391,14.5678,171,0.2829,0.5498,6.1871,215,0.2178,0.4752,139.8130,79,0.2182,0.4931,31.9710,465,0.9248,1.0592,1.2905,False,True
soxx_gap_abs_pct,high,low < 0.46 <= mid < 1.08 <= high,587,0.2655,0.5398,-31.8096,190,0.3137,0.5882,58.0012,215,0.1792,0.4906,18.4211,85,0.2709,0.5520,16.3107,490,1.6609,1.1748,1.0619,True,False
soxx_gap_abs_pct,low,low < 0.46 <= mid < 1.08 <= high,586,0.1193,0.4140,10.9850,207,0.2304,0.4853,8.7120,170,0.1959,0.4536,67.5413,74,0.1706,0.4454,19.4080,451,0.7464,0.8627,1.1605,False,True
soxx_gap_abs_pct,mid,low < 0.46 <= mid < 1.08 <= high,586,0.1061,0.4408,18.9402,179,0.2478,0.5870,17.6999,192,0.1351,0.3604,62.6499,88,0.1672,0.4829,26.8014,459,0.6639,0.9280,0.8006,False,True
pm_volume_rel,low,low < 0.70 <= mid < 1.12 <= high,583,0.0973,0.4195,4.2737,223,0.2370,0.5202,29.6487,146,0.1071,0.3750,23.1835,91,0.1407,0.4408,16.0684,460,0.6088,0.8874,0.6348,False,True
pm_volume_rel,mid,low < 0.70 <= mid < 1.12 <= high,583,0.1929,0.4721,16.5659,142,0.2238,0.5271,25.0978,231,0.1651,0.3945,29.9640,76,0.2024,0.4837,23.2232,449,1.2068,0.8381,0.9784,False,True
pm_volume_rel,high,low < 0.70 <= mid < 1.12 <= high,584,0.2024,0.4881,-28.2198,202,0.3389,0.6192,36.1169,200,0.2473,0.5484,96.1259,80,0.2654,0.5514,19.1142,482,1.2661,1.2691,1.4652,True,False
pm_range_pct,mid,low < 2.38 <= mid < 4.09 <= high,586,0.1373,0.4559,-10.7721,149,0.2353,0.5529,46.4641,208,0.1339,0.4252,26.5897,95,0.1792,0.4915,23.4193,452,0.8587,0.8811,0.7930,False,False
pm_range_pct,low,low < 2.38 <= mid < 4.09 <= high,586,0.0896,0.3939,15.3719,318,0.1368,0.3789,-15.7776,75,0.0896,0.2687,8.7901,50,0.0973,0.3771,9.3554,443,0.5607,0.5124,0.5306,False,False
pm_range_pct,high,low < 2.38 <= mid < 4.09 <= high,587,0.4219,0.6875,-33.6042,109,0.3274,0.6106,30.1648,294,0.2500,0.5333,89.3285,102,0.3322,0.6116,28.3507,505,2.6393,1.2261,1.4811,True,False
prev_range_rel,low,low < 0.85 <= mid < 1.17 <= high,583,0.1057,0.4038,-16.0971,196,0.2836,0.5572,44.2401,169,0.1197,0.3846,15.9172,89,0.1698,0.4528,12.6392,454,0.6610,1.0619,0.7089,False,False
prev_range_rel,mid,low < 0.85 <= mid < 1.17 <= high,583,0.1397,0.4498,32.1496,180,0.2780,0.5869,45.1095,219,0.1895,0.4947,29.0913,76,0.2093,0.5180,37.6355,475,0.8742,1.0410,1.1225,False,True
prev_range_rel,high,low < 0.85 <= mid < 1.17 <= high,584,0.2292,0.5178,-26.3189,191,0.2402,0.5240,-0.0312,189,0.2059,0.4314,103.0423,82,0.2295,0.5051,7.3954,462,1.4342,0.8993,1.2198,False,False
prev_soxx_move_abs_pct,high,low < 0.61 <= mid < 1.45 <= high,587,0.2661,0.5966,-12.2688,183,0.2481,0.5687,5.2859,223,0.2065,0.4783,123.7412,73,0.2487,0.5656,16.6319,479,1.6647,0.9290,1.2235,False,False
prev_soxx_move_abs_pct,mid,low < 0.61 <= mid < 1.45 <= high,586,0.1321,0.4302,19.3090,196,0.2973,0.5270,21.3273,185,0.1515,0.4444,3.1445,81,0.1980,0.4693,17.2831,462,0.8263,1.1132,0.8977,False,True
prev_soxx_move_abs_pct,low,low < 0.61 <= mid < 1.45 <= high,586,0.0891,0.3682,-9.7411,197,0.2585,0.5756,72.3395,169,0.1545,0.3902,29.9917,93,0.1621,0.4454,28.5307,459,0.5577,0.9681,0.9152,False,False
vol_regime_range20_pct,high,low < 5.66 <= mid < 7.14 <= high,584,0.3775,0.6755,1.3669,122,0.3606,0.6535,25.7328,319,0.2821,0.5513,125.6481,67,0.3545,0.6455,33.0590,508,2.3616,1.3502,1.6710,True,True
vol_regime_range20_pct,mid,low < 5.66 <= mid < 7.14 <= high,583,0.1350,0.4600,-34.7923,140,0.1733,0.4667,16.0523,184,0.1456,0.4177,32.6110,127,0.1527,0.4511,4.9319,451,0.8446,0.6491,0.8624,False,False
vol_regime_range20_pct,low,low < 5.66 <= mid < 7.14 <= high,583,0.0859,0.3712,7.5710,305,0.1560,0.4312,83.6119,74,0.1026,0.3462,-9.1129,53,0.1012,0.3791,18.5497,432,0.5371,0.5840,0.6076,False,False
qqq_above_50dma,no,,501,0.3110,0.6585,7.9563,144,0.3993,0.6703,39.3682,240,0.3281,0.5938,172.0400,57,0.3613,0.6567,46.2593,441,1.9455,1.4951,1.9440,True,True
qqq_above_50dma,yes,,1259,0.1180,0.4064,-2.3433,433,0.1803,0.4832,23.4460,337,0.1280,0.3920,11.9513,190,0.1406,0.4289,9.5390,960,0.7385,0.6751,0.7583,False,False
soxx_ret20_abs_pct,high,low < 3.82 <= mid < 8.46 <= high,580,0.1956,0.4267,-31.2617,167,0.2918,0.5875,38.0957,220,0.1939,0.4388,97.5539,74,0.2379,0.5000,22.5148,461,1.2234,1.0928,1.1486,True,False
soxx_ret20_abs_pct,mid,low < 3.82 <= mid < 8.46 <= high,579,0.1115,0.4610,-20.3912,203,0.2260,0.5481,46.2051,171,0.1961,0.4510,15.2901,81,0.1675,0.4905,10.9894,455,0.6977,0.8461,1.1617,False,False
soxx_ret20_abs_pct,low,low < 3.82 <= mid < 8.46 <= high,580,0.1777,0.4587,27.1932,188,0.2768,0.5312,5.7395,186,0.1228,0.4123,39.3429,92,0.2052,0.4776,21.0288,466,1.1116,1.0364,0.7276,False,True
soxx_ret5_abs_pct,mid,low < 1.90 <= mid < 4.13 <= high,584,0.1474,0.4940,6.7913,197,0.2591,0.5727,36.2753,182,0.1681,0.4248,21.4807,88,0.1935,0.5103,21.0499,467,0.9222,0.9702,0.9962,False,True
soxx_ret5_abs_pct,high,low < 1.90 <= mid < 4.13 <= high,585,0.2311,0.5047,-3.6796,165,0.2772,0.5805,34.0995,231,0.1792,0.4245,59.0379,82,0.2427,0.5248,25.3367,478,1.4460,1.0378,1.0619,True,False
soxx_ret5_abs_pct,low,low < 1.90 <= mid < 4.13 <= high,585,0.1111,0.3889,-11.9123,209,0.2624,0.5099,17.5034,164,0.1579,0.4526,69.4237,77,0.1709,0.4410,12.7256,450,0.6951,0.9825,0.9355,False,False
earnings_day,no,,1529,0.1588,0.4519,-10.1069,493,0.2580,0.5578,29.7914,507,0.1625,0.4368,49.2681,224,0.1982,0.4905,17.2856,1224,0.9934,0.9659,0.9625,False,False
earnings_day,yes,,231,0.1667,0.5196,60.8782,84,0.3261,0.5543,32.0773,70,0.2162,0.4054,45.2603,23,0.2381,0.5152,47.4586,177,1.0427,1.2211,1.2810,True,True
fomc_day,no,,1705,0.1580,0.4510,-6.1193,561,0.2654,0.5502,32.6407,558,0.1711,0.4375,49.6303,237,0.2023,0.4874,19.5745,1356,0.9887,0.9937,1.0134,False,False
fomc_day,yes,,55,0.2174,0.7826,222.7496,16,0.3182,0.7727,-45.4661,19,0.1000,0.3000,31.4648,10,0.2364,0.6909,66.9952,45,1.3600,1.1915,0.5925,False,False
macro_0830_day,no,,1457,0.1610,0.4663,8.3939,497,0.2624,0.5541,37.5115,451,0.1654,0.4115,39.3005,204,0.1997,0.4894,25.2663,1152,1.0075,0.9825,0.9798,False,True
macro_0830_day,yes,,303,0.1524,0.4286,-50.5086,80,0.2847,0.5694,3.4285,126,0.1852,0.5370,94.4125,43,0.2211,0.5149,1.8114,249,0.9533,1.0662,1.0971,False,False
monthly_opex,no,,1676,0.1609,0.4605,4.3320,549,0.2668,0.5549,23.9113,549,0.1706,0.4314,48.9110,237,0.2041,0.4922,20.2977,1335,1.0065,0.9989,1.0105,False,True
monthly_opex,yes,,84,0.1389,0.4722,-80.2570,28,0.2727,0.6061,150.7994,28,0.1333,0.4667,48.5122,10,0.1905,0.5238,37.2774,66,0.8689,1.0212,0.7899,False,False
dow,Wed,,361,0.2000,0.4968,-5.6792,120,0.2535,0.5986,-6.2183,115,0.1719,0.4688,107.4766,53,0.2161,0.5319,14.9293,288,1.2512,0.9493,1.0183,False,False
dow,Thu,,353,0.1699,0.4379,27.2214,117,0.3143,0.5714,55.8472,119,0.1667,0.4167,35.4056,44,0.2266,0.4873,40.6735,280,1.0631,1.1769,0.9874,False,True
dow,Fri,,353,0.1200,0.4467,-21.1294,116,0.2929,0.5786,70.4055,120,0.1746,0.4444,44.3932,47,0.1983,0.4986,28.5658,283,0.7507,1.0966,1.0344,False,False
dow,Mon,,329,0.1399,0.4336,3.9667,111,0.2240,0.5280,-43.2402,106,0.1639,0.4262,38.5069,51,0.1763,0.4681,-8.1317,268,0.8750,0.8388,0.9712,False,False
dow,Tue,,364,0.1667,0.4872,-3.2002,113,0.2465,0.5070,64.5621,117,0.1667,0.4091,14.8577,52,0.1978,0.4808,28.2437,282,1.0427,0.9230,0.9874,False,False
rvol15,low,low < 0.80 <= mid < 1.12 <= high,583,0.1075,0.3584,-7.2991,203,0.2335,0.5635,31.5298,165,0.1589,0.3645,46.7365,86,0.1595,0.4288,17.0485,454,0.6727,0.8744,0.9413,False,False
rvol15,high,low < 0.80 <= mid < 1.12 <= high,584,0.2184,0.5632,-3.4706,209,0.3632,0.6325,85.7174,189,0.2584,0.5281,81.8058,72,0.2825,0.5856,45.4580,470,1.3663,1.3602,1.5311,True,False
rvol15,mid,low < 0.80 <= mid < 1.12 <= high,583,0.1498,0.4541,-1.2124,155,0.2054,0.4845,-18.1764,223,0.1102,0.4237,24.3560,89,0.1664,0.4614,-4.4402,467,0.9369,0.7692,0.6527,False,False
or15_range_pct,high,low < 2.20 <= mid < 3.15 <= high,587,0.3317,0.6432,-31.1399,153,0.3763,0.6551,46.8191,242,0.2871,0.5842,82.8865,89,0.3458,0.6388,28.8073,484,2.0749,1.4091,1.7011,True,False
or15_range_pct,mid,low < 2.20 <= mid < 3.15 <= high,586,0.1255,0.4818,43.2585,189,0.2489,0.5236,31.1064,201,0.1415,0.3962,16.6633,81,0.1775,0.4829,33.4989,471,0.7852,0.9321,0.8384,False,True
or15_range_pct,low,low < 2.20 <= mid < 3.15 <= high,587,0.0772,0.3280,-13.9591,235,0.1065,0.4379,-1.7384,134,0.0841,0.3271,43.5118,77,0.0869,0.3595,-0.3653,446,0.4828,0.3988,0.4983,False,False
or15_range_atr,low,low < 0.29 <= mid < 0.39 <= high,582,0.2047,0.4651,-16.8200,169,0.2767,0.5771,34.1060,217,0.1579,0.4474,35.6449,94,0.2268,0.5103,16.4772,480,1.2803,1.0360,0.9355,False,False
or15_range_atr,high,low < 0.29 <= mid < 0.39 <= high,582,0.1502,0.4952,-19.0384,237,0.3086,0.5657,69.8050,141,0.2340,0.5000,58.2551,72,0.2113,0.5172,21.1662,450,0.9394,1.1555,1.3866,False,False
or15_range_atr,mid,low < 0.29 <= mid < 0.39 <= high,582,0.1256,0.3814,26.6407,157,0.2299,0.5326,0.4848,219,0.1226,0.3585,55.9513,81,0.1718,0.4450,19.3015,457,0.7857,0.8608,0.7266,False,True
drive15_abs_pct,high,low < 0.77 <= mid < 1.74 <= high,587,0.2530,0.6185,-4.5670,192,0.3613,0.6471,41.5492,203,0.2700,0.6000,84.4794,82,0.2998,0.6269,30.3668,477,1.5829,1.3531,1.5996,True,False
drive15_abs_pct,mid,low < 0.77 <= mid < 1.74 <= high,586,0.1181,0.3976,6.5514,190,0.2213,0.5149,8.5622,198,0.0722,0.2887,-49.5339,74,0.1519,0.4266,-1.5702,462,0.7389,0.8286,0.4275,False,False
drive15_abs_pct,low,low < 0.77 <= mid < 1.74 <= high,587,0.1102,0.3701,-1.2146,195,0.2130,0.5046,41.0219,176,0.1624,0.4103,96.8706,91,0.1584,0.4276,34.1953,462,0.6897,0.7975,0.9621,False,False
soxx_drive15_abs_pct,high,low < 0.25 <= mid < 0.57 <= high,587,0.2480,0.6057,-23.2881,187,0.3840,0.6667,50.3757,200,0.2692,0.5962,68.5498,86,0.3066,0.6286,24.5572,473,1.5513,1.4378,1.5951,True,False
soxx_drive15_abs_pct,mid,low < 0.25 <= mid < 0.57 <= high,586,0.1260,0.4252,33.2048,193,0.2222,0.4938,21.1133,211,0.0899,0.2921,49.1947,68,0.1604,0.4334,30.1031,472,0.7882,0.8321,0.5325,False,True
soxx_drive15_abs_pct,low,low < 0.25 <= mid < 0.57 <= high,586,0.1055,0.3555,-8.3403,196,0.1866,0.5072,16.9856,166,0.1405,0.3967,30.5001,93,0.1416,0.4181,8.8383,455,0.6598,0.6987,0.8324,False,False
gap_and_go,no,,898,0.1396,0.4492,-25.4264,288,0.2687,0.5845,31.3778,307,0.1678,0.4825,52.5674,112,0.1960,0.5089,11.5951,707,0.8733,1.0062,0.9943,False,False
gap_and_go,yes,,862,0.1818,0.4738,25.7919,289,0.2652,0.5274,28.5803,270,0.1696,0.3918,45.8481,135,0.2111,0.4780,30.7781,694,1.1375,0.9932,1.0047,False,True
complex_agree15,yes,,1011,0.1803,0.5264,-6.6938,323,0.2751,0.5789,26.7191,353,0.1525,0.4633,21.8173,135,0.2146,0.5371,12.5957,811,1.1279,1.0302,0.9037,False,False
complex_agree15,no,,749,0.1349,0.3812,9.0282,254,0.2546,0.5240,35.3475,224,0.1898,0.3942,81.5331,112,0.1883,0.4352,32.7842,590,0.8439,0.9534,1.1244,False,True
