variant,period,side,case,n_trades,n_days_traded,period_days,trades_per_day,mean_gross_bps,t_gross,mean_net_bps,t_net,median_net_bps,win_rate,profit_factor,quarters_positive,n_quarters,total_pct,max_dd_pct,mean_cost_bps,skipped_bearish,ticker
S10-01,pre,all,A,166,166,757,0.2193,1.2050,0.4513,-4.1925,-1.5644,-20.6405,0.3916,0.7647,0.2500,12,-6.9596,9.7089,5.3976,0,SOXX
S10-01,pre,all,B,166,166,757,0.2193,1.2050,0.4513,-4.4345,-1.6546,-20.9215,0.3916,0.7533,0.2500,12,-7.3612,10.0051,5.6395,0,SOXX
S10-01,pre,all,S,166,166,757,0.2193,1.2050,0.4513,-4.9234,-1.8311,-21.7526,0.3916,0.7314,0.2500,12,-8.1728,10.6621,6.1284,0,SOXX
S10-01,dev,all,A,143,143,689,0.2075,2.5837,0.6959,-2.1936,-0.5892,-24.7096,0.3846,0.8916,0.3636,11,-3.1368,7.7296,4.7773,0,SOXX
S10-01,dev,all,B,143,143,689,0.2075,2.5837,0.6959,-2.3815,-0.6396,-24.8802,0.3846,0.8831,0.3636,11,-3.4056,7.8834,4.9653,0,SOXX
S10-01,dev,all,S,143,143,689,0.2075,2.5837,0.6959,-2.7772,-0.7443,-25.2020,0.3846,0.8656,0.3636,11,-3.9713,8.2862,5.3609,0,SOXX
S10-01,val,all,A,57,57,314,0.1815,2.1954,0.3761,-0.6241,-0.1069,-20.0725,0.3509,0.9678,0.4000,5,-0.3557,2.7012,2.8194,0,SOXX
S10-01,val,all,B,57,57,314,0.1815,2.1954,0.3761,-0.9225,-0.1581,-20.3674,0.3509,0.9529,0.4000,5,-0.5258,2.7520,3.1179,0,SOXX
S10-01,val,all,S,57,57,314,0.1815,2.1954,0.3761,-1.5891,-0.2712,-21.2101,0.3509,0.9210,0.4000,5,-0.9058,2.8998,3.7844,0,SOXX
S10-01,pre,all,A,155,155,757,0.2048,0.0871,0.0319,-2.4163,-0.8799,-17.8250,0.3935,0.8532,0.5000,12,-3.7453,7.5038,2.5034,0,SMH
S10-01,pre,all,B,155,155,757,0.2048,0.0871,0.0319,-2.8563,-1.0398,-18.3537,0.3935,0.8293,0.5000,12,-4.4273,8.1126,2.9434,0,SMH
S10-01,pre,all,S,155,155,757,0.2048,0.0871,0.0319,-3.8151,-1.3779,-19.8645,0.3935,0.7814,0.3333,12,-5.9134,9.4733,3.9022,0,SMH
S10-01,dev,all,A,126,126,689,0.1829,4.0127,1.0091,1.8965,0.4770,-20.6732,0.4048,1.1030,0.4545,11,2.3896,3.9565,2.1162,0,SMH
S10-01,dev,all,B,126,126,689,0.1829,4.0127,1.0091,1.5446,0.3885,-20.9727,0.4048,1.0830,0.4545,11,1.9462,4.0187,2.4681,0,SMH
S10-01,dev,all,S,126,126,689,0.1829,4.0127,1.0091,0.7792,0.1951,-21.8282,0.4048,1.0406,0.4545,11,0.9818,4.1790,3.2334,0,SMH
S10-01,val,all,A,55,55,314,0.1752,4.4458,0.7938,1.7120,0.3061,-14.0584,0.3818,1.1066,0.8000,5,0.9416,2.1962,2.7338,0,SMH
S10-01,val,all,B,55,55,314,0.1752,4.4458,0.7938,1.4552,0.2603,-14.2982,0.3818,1.0897,0.8000,5,0.8004,2.2657,2.9906,0,SMH
S10-01,val,all,S,55,55,314,0.1752,4.4458,0.7938,0.8909,0.1588,-14.9834,0.3818,1.0535,0.8000,5,0.4900,2.4289,3.5549,0,SMH
S10-01,pre,all,A,142,142,757,0.1876,1.1903,0.2250,-5.3219,-1.0112,-31.4439,0.4155,0.8170,0.4167,12,-7.5571,15.8951,6.5122,0,NVDA
S10-01,pre,all,B,142,142,757,0.1876,1.1903,0.2250,-5.5789,-1.0598,-31.7102,0.4155,0.8092,0.4167,12,-7.9220,16.1932,6.7692,0,NVDA
S10-01,pre,all,S,142,142,757,0.1876,1.1903,0.2250,-6.1333,-1.1622,-32.4711,0.4155,0.7931,0.4167,12,-8.7092,16.8541,7.3236,0,NVDA
S10-01,dev,all,A,118,118,689,0.1713,-2.5023,-0.3671,-5.6398,-0.8274,-36.9689,0.3390,0.8370,0.3636,11,-6.6549,17.8366,3.1375,0,NVDA
S10-01,dev,all,B,118,118,689,0.1713,-2.5023,-0.3671,-5.9365,-0.8712,-37.0514,0.3390,0.8293,0.3636,11,-7.0050,18.0811,3.4342,0,NVDA
S10-01,dev,all,S,118,118,689,0.1713,-2.5023,-0.3671,-6.5888,-0.9651,-37.3723,0.3390,0.8132,0.2727,11,-7.7748,18.6562,4.0865,0,NVDA
S10-01,val,all,A,48,48,314,0.1529,3.1991,0.3672,1.6315,0.1875,-24.4492,0.4792,1.0634,0.6000,5,0.7831,4.7600,1.5676,0,NVDA
S10-01,val,all,B,48,48,314,0.1529,3.1991,0.3672,1.1532,0.1325,-24.9011,0.4792,1.0444,0.6000,5,0.5535,4.8840,2.0459,0,NVDA
S10-01,val,all,S,48,48,314,0.1529,3.1991,0.3672,0.1174,0.0134,-25.9193,0.4792,1.0044,0.6000,5,0.0563,5.1838,3.0817,0,NVDA
S10-01,pre,all,A,147,147,757,0.1942,-1.3185,-0.7651,-1.7841,-1.0355,-9.4193,0.3810,0.8186,0.4167,12,-2.6226,4.1098,0.4656,0,QQQ
S10-01,pre,all,B,147,147,757,0.1942,-1.3185,-0.7651,-2.0706,-1.2019,-9.7836,0.3810,0.7932,0.4167,12,-3.0438,4.2411,0.7521,0,QQQ
S10-01,pre,all,S,147,147,757,0.1942,-1.3185,-0.7651,-2.7023,-1.5568,-10.6218,0.3741,0.7423,0.4167,12,-3.9724,4.6307,1.3838,0,QQQ
S10-01,dev,all,A,123,123,689,0.1785,0.5957,0.2387,-0.0278,-0.0112,-10.5000,0.3821,0.9976,0.5455,11,-0.0342,2.1556,0.6235,0,QQQ
S10-01,dev,all,B,123,123,689,0.1785,0.5957,0.2387,-0.2319,-0.0929,-10.7400,0.3821,0.9801,0.5455,11,-0.2853,2.2564,0.8276,0,QQQ
S10-01,dev,all,S,123,123,689,0.1785,0.5957,0.2387,-0.6791,-0.2709,-11.1019,0.3821,0.9434,0.5455,11,-0.8353,2.4817,1.2748,0,QQQ
S10-01,val,all,A,60,60,314,0.1911,1.9472,0.7221,1.5782,0.5861,-9.0756,0.4000,1.1984,0.6000,5,0.9469,1.2109,0.3689,0,QQQ
S10-01,val,all,B,60,60,314,0.1911,1.9472,0.7221,1.4490,0.5382,-9.1973,0.4000,1.1804,0.6000,5,0.8694,1.2257,0.4981,0,QQQ
S10-01,val,all,S,60,60,314,0.1911,1.9472,0.7221,1.1639,0.4307,-9.5450,0.4000,1.1412,0.6000,5,0.6983,1.2623,0.7833,0,QQQ
S10-01,pre,all,A,146,146,757,0.1929,-2.2140,-0.4430,-3.9173,-0.7829,-27.2364,0.3836,0.8615,0.3333,12,-5.7193,9.6499,1.7033,0,TQQQ
S10-01,pre,all,B,146,146,757,0.1929,-2.2140,-0.4430,-4.7316,-0.9457,-27.8222,0.3836,0.8356,0.3333,12,-6.9082,9.9669,2.5176,0,TQQQ
S10-01,pre,all,S,146,146,757,0.1929,-2.2140,-0.4430,-6.5404,-1.2973,-30.7911,0.3836,0.7829,0.2500,12,-9.5490,11.3904,4.3264,0,TQQQ
S10-01,dev,all,A,125,125,689,0.1814,0.0991,0.0122,-2.9981,-0.3672,-38.1995,0.3760,0.9254,0.3636,11,-3.7476,14.0674,3.0971,0,TQQQ
S10-01,dev,all,B,125,125,689,0.1814,0.0991,0.0122,-5.0354,-0.6159,-40.1004,0.3680,0.8787,0.3636,11,-6.2942,15.9877,5.1344,0,TQQQ
S10-01,dev,all,S,125,125,689,0.1814,0.0991,0.0122,-9.6123,-1.1558,-45.1713,0.3600,0.7869,0.3636,11,-12.0153,20.4311,9.7113,0,TQQQ
S10-01,val,all,A,57,57,314,0.1815,5.8256,0.6916,4.4298,0.5263,-24.7868,0.4211,1.1837,0.8000,5,2.5250,3.8118,1.3958,0,TQQQ
S10-01,val,all,B,57,57,314,0.1815,5.8256,0.6916,3.5661,0.4239,-25.4937,0.4211,1.1450,0.8000,5,2.0327,3.9500,2.2595,0,TQQQ
S10-01,val,all,S,57,57,314,0.1815,5.8256,0.6916,1.6744,0.1975,-27.5135,0.4211,1.0645,0.6000,5,0.9544,4.2954,4.1512,0,TQQQ
S10-02,pre,all,A,166,166,757,0.2193,1.2404,0.6500,-4.3494,-2.2648,-2.4849,0.4639,0.6599,0.1667,12,-7.2200,8.4847,5.5898,0,SOXX
S10-02,pre,all,B,166,166,757,0.2193,1.2404,0.6500,-4.5914,-2.3900,-2.6644,0.4639,0.6447,0.1667,12,-7.6217,8.8272,5.8318,0,SOXX
S10-02,pre,all,S,166,166,757,0.2193,1.2404,0.6500,-5.0147,-2.6015,-2.9208,0.4578,0.6199,0.1667,12,-8.3244,9.4348,6.2551,0,SOXX
S10-02,dev,all,A,143,143,689,0.2075,1.5487,0.6163,-3.3360,-1.3193,-1.7440,0.4545,0.7659,0.2727,11,-4.7705,8.4292,4.8847,0,SOXX
S10-02,dev,all,B,143,143,689,0.2075,1.5487,0.6163,-3.5240,-1.3934,-1.9102,0.4545,0.7546,0.2727,11,-5.0393,8.6585,5.0727,0,SOXX
S10-02,dev,all,S,143,143,689,0.2075,1.5487,0.6163,-3.8630,-1.5238,-2.1477,0.4545,0.7351,0.2727,11,-5.5241,9.0741,5.4116,0,SOXX
S10-02,val,all,A,57,57,314,0.1815,2.0409,0.5255,-0.7962,-0.2052,-14.5807,0.4561,0.9371,0.2000,5,-0.4538,3.2460,2.8371,0,SOXX
S10-02,val,all,B,57,57,314,0.1815,2.0409,0.5255,-1.0946,-0.2821,-14.8640,0.4386,0.9146,0.2000,5,-0.6239,3.3444,3.1355,0,SOXX
S10-02,val,all,S,57,57,314,0.1815,2.0409,0.5255,-1.6535,-0.4245,-15.6732,0.4386,0.8746,0.2000,5,-0.9425,3.5372,3.6944,0,SOXX
S10-02,pre,all,A,155,155,757,0.2048,2.2729,1.1240,-0.3212,-0.1579,3.1165,0.5355,0.9707,0.5833,12,-0.4978,4.8583,2.5941,0,SMH
S10-02,pre,all,B,155,155,757,0.2048,2.2729,1.1240,-0.7613,-0.3738,2.8356,0.5355,0.9319,0.5833,12,-1.1800,5.2430,3.0342,0,SMH
S10-02,pre,all,S,155,155,757,0.2048,2.2729,1.1240,-1.5709,-0.7648,2.4344,0.5355,0.8655,0.5833,12,-2.4349,5.9942,3.8439,0,SMH
S10-02,dev,all,A,126,126,689,0.1829,-0.5240,-0.2003,-2.6758,-1.0225,-5.3812,0.4921,0.8106,0.5455,11,-3.3715,6.4674,2.1518,0,SMH
S10-02,dev,all,B,126,126,689,0.1829,-0.5240,-0.2003,-3.0277,-1.1571,-5.7353,0.4921,0.7883,0.5455,11,-3.8149,6.8611,2.5037,0,SMH
S10-02,dev,all,S,126,126,689,0.1829,-0.5240,-0.2003,-3.6895,-1.4031,-6.3442,0.4921,0.7492,0.4545,11,-4.6488,7.6129,3.1655,0,SMH
S10-02,val,all,A,55,55,314,0.1752,5.5721,1.4869,2.8101,0.7511,2.2845,0.5455,1.2936,0.6000,5,1.5456,1.0967,2.7620,0,SMH
S10-02,val,all,B,55,55,314,0.1752,5.5721,1.4869,2.5534,0.6827,1.9969,0.5455,1.2637,0.6000,5,1.4044,1.1661,3.0187,0,SMH
S10-02,val,all,S,55,55,314,0.1752,5.5721,1.4869,2.0766,0.5535,1.6599,0.5455,1.2086,0.6000,5,1.1421,1.3077,3.4955,0,SMH
S10-02,pre,all,A,142,142,757,0.1876,2.4514,0.6570,-4.2806,-1.1529,-0.5469,0.5000,0.7888,0.2500,12,-6.0785,9.8192,6.7320,0,NVDA
S10-02,pre,all,B,142,142,757,0.1876,2.4514,0.6570,-4.5376,-1.2221,-0.8215,0.5000,0.7775,0.2500,12,-6.4434,10.1561,6.9890,0,NVDA
S10-02,pre,all,S,142,142,757,0.1876,2.4514,0.6570,-5.0021,-1.3441,-1.2137,0.4930,0.7580,0.2500,12,-7.1030,10.7742,7.4535,0,NVDA
S10-02,dev,all,A,118,118,689,0.1713,-3.9219,-0.8582,-7.1440,-1.5669,-22.5174,0.4237,0.7182,0.2727,11,-8.4300,12.1382,3.2221,0,NVDA
S10-02,dev,all,B,118,118,689,0.1713,-3.9219,-0.8582,-7.4407,-1.6326,-22.8566,0.4237,0.7083,0.2727,11,-8.7800,12.3936,3.5188,0,NVDA
S10-02,dev,all,S,118,118,689,0.1713,-3.9219,-0.8582,-7.9895,-1.7497,-23.3696,0.4237,0.6911,0.2727,11,-9.4276,12.8757,4.0676,0,NVDA
S10-02,val,all,A,48,48,314,0.1529,4.2598,0.6306,2.6291,0.3900,7.7401,0.5417,1.1492,0.6000,5,1.2620,2.8101,1.6307,0,NVDA
S10-02,val,all,B,48,48,314,0.1529,4.2598,0.6306,2.1509,0.3190,7.1551,0.5417,1.1206,0.6000,5,1.0324,2.9341,2.1089,0,NVDA
S10-02,val,all,S,48,48,314,0.1529,4.2598,0.6306,1.2972,0.1916,6.3197,0.5417,1.0708,0.6000,5,0.6227,3.1765,2.9626,0,NVDA
S10-02,pre,all,A,147,147,757,0.1942,0.6399,0.4432,0.1742,0.1208,-0.3201,0.4966,1.0263,0.5833,12,0.2561,2.9746,0.4656,0,QQQ
S10-02,pre,all,B,147,147,757,0.1942,0.6399,0.4432,-0.1123,-0.0778,-0.5061,0.4966,0.9834,0.5833,12,-0.1650,3.1570,0.7521,0,QQQ
S10-02,pre,all,S,147,147,757,0.1942,0.6399,0.4432,-0.6510,-0.4490,-0.9043,0.4966,0.9083,0.5000,12,-0.9569,3.5194,1.2908,0,QQQ
S10-02,dev,all,A,123,123,689,0.1785,0.3022,0.1804,-0.3214,-0.1919,-1.2430,0.4959,0.9585,0.3636,11,-0.3953,1.6372,0.6235,0,QQQ
S10-02,dev,all,B,123,123,689,0.1785,0.3022,0.1804,-0.5254,-0.3139,-1.4233,0.4959,0.9330,0.3636,11,-0.6463,1.7702,0.8276,0,QQQ
S10-02,dev,all,S,123,123,689,0.1785,0.3022,0.1804,-0.8989,-0.5348,-1.6810,0.4878,0.8886,0.3636,11,-1.1056,2.1105,1.2010,0,QQQ
S10-02,val,all,A,60,60,314,0.1911,2.2789,1.2144,1.9100,1.0200,2.6466,0.5500,1.3960,0.8000,5,1.1460,0.8502,0.3689,0,QQQ
S10-02,val,all,B,60,60,314,0.1911,2.2789,1.2144,1.7808,0.9511,2.5153,0.5500,1.3648,0.8000,5,1.0685,0.8650,0.4981,0,QQQ
S10-02,val,all,S,60,60,314,0.1911,2.2789,1.2144,1.5539,0.8278,2.3277,0.5500,1.3104,0.8000,5,0.9323,0.8939,0.7250,0,QQQ
S10-02,pre,all,A,146,146,757,0.1929,-0.3629,-0.0917,-2.0874,-0.5265,-11.0761,0.4863,0.8968,0.4167,12,-3.0476,7.9444,1.7245,0,TQQQ
S10-02,pre,all,B,146,146,757,0.1929,-0.3629,-0.0917,-2.9018,-0.7317,-11.9003,0.4863,0.8594,0.4167,12,-4.2366,8.4219,2.5389,0,TQQQ
S10-02,pre,all,S,146,146,757,0.1929,-0.3629,-0.0917,-4.4463,-1.1132,-13.3218,0.4863,0.7942,0.4167,12,-6.4916,9.3589,4.0834,0,TQQQ
S10-02,dev,all,A,125,125,689,0.1814,-3.9118,-0.7458,-7.0083,-1.3318,-25.9472,0.4480,0.7478,0.2727,11,-8.7604,13.6811,3.0965,0,TQQQ
S10-02,dev,all,B,125,125,689,0.1814,-3.9118,-0.7458,-9.0452,-1.7147,-27.8362,0.4400,0.6880,0.1818,11,-11.3065,15.4896,5.1334,0,TQQQ
S10-02,dev,all,S,125,125,689,0.1814,-3.9118,-0.7458,-12.8441,-2.3936,-30.1668,0.4240,0.5939,0.1818,11,-16.0551,19.2972,8.9323,0,TQQQ
S10-02,val,all,A,57,57,314,0.1815,5.1938,0.8990,3.7986,0.6581,2.6507,0.5263,1.2510,0.8000,5,2.1652,2.4250,1.3952,0,TQQQ
S10-02,val,all,B,57,57,314,0.1815,5.1938,0.8990,2.9353,0.5088,1.3466,0.5263,1.1890,0.8000,5,1.6731,2.5121,2.2584,0,TQQQ
S10-02,val,all,S,57,57,314,0.1815,5.1938,0.8990,1.4082,0.2427,0.0663,0.5088,1.0859,0.8000,5,0.8027,2.6851,3.7856,0,TQQQ
S10-03,pre,all,A,125,125,757,0.1651,0.9564,0.2893,-4.3325,-1.3073,-19.9972,0.4000,0.7640,0.3333,12,-5.4156,7.6714,5.2889,0,SOXX
S10-03,pre,all,B,125,125,757,0.1651,0.9564,0.2893,-4.5767,-1.3809,-20.3210,0.4000,0.7526,0.3333,12,-5.7208,7.8854,5.5330,0,SOXX
S10-03,pre,all,S,125,125,757,0.1651,0.9564,0.2893,-4.7109,-1.4173,-20.4541,0.4000,0.7472,0.3333,12,-5.8886,8.0169,5.6673,0,SOXX
S10-03,dev,all,A,94,94,689,0.1364,-7.1168,-1.5941,-11.8605,-2.6539,-25.9415,0.3298,0.5391,0.1818,11,-11.1489,11.1489,4.7437,0,SOXX
S10-03,dev,all,B,94,94,689,0.1364,-7.1168,-1.5941,-12.0427,-2.6943,-26.1778,0.3298,0.5343,0.1818,11,-11.3201,11.3201,4.9259,0,SOXX
S10-03,dev,all,S,94,94,689,0.1364,-7.1168,-1.5941,-12.1764,-2.7182,-26.5157,0.3298,0.5315,0.1818,11,-11.4458,11.4458,5.0596,0,SOXX
S10-03,val,all,A,47,47,314,0.1497,-14.1469,-2.3882,-16.8978,-2.8554,-28.2407,0.2128,0.3906,0.0000,5,-7.9420,7.9420,2.7508,0,SOXX
S10-03,val,all,B,47,47,314,0.1497,-14.1469,-2.3882,-17.1948,-2.9055,-28.4875,0.2128,0.3851,0.0000,5,-8.0816,8.0816,3.0479,0,SOXX
S10-03,val,all,S,47,47,314,0.1497,-14.1469,-2.3882,-17.4738,-2.9420,-28.8395,0.2128,0.3813,0.0000,5,-8.2127,8.2127,3.3269,0,SOXX
S10-03,pre,all,A,99,99,757,0.1308,1.3233,0.3313,-1.0850,-0.2711,-16.6800,0.4343,0.9398,0.5833,12,-1.0741,5.1786,2.4082,0,SMH
S10-03,pre,all,B,99,99,757,0.1308,1.3233,0.3313,-1.4966,-0.3740,-17.2092,0.4343,0.9181,0.4167,12,-1.4817,5.3701,2.8199,0,SMH
S10-03,pre,all,S,99,99,757,0.1308,1.3233,0.3313,-1.7765,-0.4413,-17.9656,0.4343,0.9042,0.4167,12,-1.7587,5.5216,3.0998,0,SMH
S10-03,dev,all,A,77,77,689,0.1118,1.1676,0.2272,-0.8826,-0.1717,-23.3347,0.4026,0.9559,0.3636,11,-0.6796,3.7869,2.0502,0,SMH
S10-03,dev,all,B,77,77,689,0.1118,1.1676,0.2272,-1.2405,-0.2413,-23.6510,0.4026,0.9387,0.3636,11,-0.9552,3.9726,2.4081,0,SMH
S10-03,dev,all,S,77,77,689,0.1118,1.1676,0.2272,-1.4964,-0.2898,-23.6510,0.4026,0.9270,0.3636,11,-1.1522,4.1100,2.6640,0,SMH
S10-03,val,all,A,43,43,314,0.1369,-4.5124,-0.6497,-7.2648,-1.0489,-20.0575,0.3488,0.6650,0.6000,5,-3.1239,3.2424,2.7524,0,SMH
S10-03,val,all,B,43,43,314,0.1369,-4.5124,-0.6497,-7.5269,-1.0868,-20.3230,0.3488,0.6556,0.4000,5,-3.2366,3.2789,3.0144,0,SMH
S10-03,val,all,S,43,43,314,0.1369,-4.5124,-0.6497,-7.7353,-1.1135,-20.7026,0.3488,0.6494,0.4000,5,-3.3262,3.3262,3.2229,0,SMH
S10-03,pre,all,A,93,93,757,0.1229,4.4542,0.6918,-1.8846,-0.2949,-6.3550,0.4516,0.9293,0.5000,12,-1.7527,8.2151,6.3388,0,NVDA
S10-03,pre,all,B,93,93,757,0.1229,4.4542,0.6918,-2.1289,-0.3331,-6.6699,0.4409,0.9206,0.5000,12,-1.9799,8.3977,6.5832,0,NVDA
S10-03,pre,all,S,93,93,757,0.1229,4.4542,0.6918,-2.2724,-0.3548,-6.6699,0.4409,0.9157,0.5000,12,-2.1133,8.5191,6.7267,0,NVDA
S10-03,dev,all,A,75,75,689,0.1089,2.9943,0.2842,-0.0614,-0.0058,-38.7154,0.3867,0.9984,0.3636,11,-0.0461,9.7351,3.0557,0,NVDA
S10-03,dev,all,B,75,75,689,0.1089,2.9943,0.2842,-0.3538,-0.0336,-38.9638,0.3867,0.9909,0.3636,11,-0.2653,9.8251,3.3480,0,NVDA
S10-03,dev,all,S,75,75,689,0.1089,2.9943,0.2842,-0.5441,-0.0515,-39.3194,0.3867,0.9861,0.3636,11,-0.4080,9.8933,3.5383,0,NVDA
S10-03,val,all,A,31,31,314,0.0987,3.6978,0.3094,2.2653,0.1905,-11.1072,0.4194,1.0847,0.4000,5,0.7022,3.8467,1.4325,0,NVDA
S10-03,val,all,B,31,31,314,0.0987,3.6978,0.3094,1.7871,0.1502,-11.5959,0.4194,1.0661,0.4000,5,0.5540,3.9621,1.9107,0,NVDA
S10-03,val,all,S,31,31,314,0.0987,3.6978,0.3094,1.5011,0.1257,-11.5959,0.4194,1.0550,0.4000,5,0.4653,4.0452,2.1967,0,NVDA
S10-03,pre,all,A,89,89,757,0.1176,3.0245,1.0441,2.5499,0.8802,-5.1077,0.4719,1.2680,0.6667,12,2.2694,2.2735,0.4746,0,QQQ
S10-03,pre,all,B,89,89,757,0.1176,3.0245,1.0441,2.2572,0.7791,-5.3604,0.4719,1.2333,0.6667,12,2.0089,2.3113,0.7673,0,QQQ
S10-03,pre,all,S,89,89,757,0.1176,3.0245,1.0441,2.0812,0.7145,-5.3604,0.4719,1.2113,0.6667,12,1.8522,2.3539,0.9434,0,QQQ
S10-03,dev,all,A,79,79,689,0.1147,0.6257,0.1764,-0.0017,-0.0005,-11.1580,0.4304,0.9999,0.4545,11,-0.0014,1.7277,0.6274,0,QQQ
S10-03,dev,all,B,79,79,689,0.1147,0.6257,0.1764,-0.2053,-0.0579,-11.3161,0.4304,0.9843,0.4545,11,-0.1622,1.7414,0.8310,0,QQQ
S10-03,dev,all,S,79,79,689,0.1147,0.6257,0.1764,-0.3471,-0.0976,-11.5419,0.4304,0.9738,0.4545,11,-0.2742,1.7615,0.9728,0,QQQ
S10-03,val,all,A,28,28,314,0.0892,4.5845,0.9698,4.2430,0.8991,-0.1082,0.5000,1.4795,0.5000,4,1.1880,0.7268,0.3415,0,QQQ
S10-03,val,all,B,28,28,314,0.0892,4.5845,0.9698,4.1149,0.8720,-0.2321,0.5000,1.4617,0.5000,4,1.1522,0.7336,0.4696,0,QQQ
S10-03,val,all,S,28,28,314,0.0892,4.5845,0.9698,4.0244,0.8500,-0.3219,0.5000,1.4470,0.5000,4,1.1268,0.7414,0.5601,0,QQQ
S10-03,pre,all,A,90,90,757,0.1189,4.4024,0.6105,2.7403,0.3795,-19.9223,0.4444,1.1002,0.6667,12,2.4662,4.4079,1.6622,0,TQQQ
S10-03,pre,all,B,90,90,757,0.1189,4.4024,0.6105,1.9065,0.2639,-20.6402,0.4444,1.0685,0.5833,12,1.7158,4.4771,2.4959,0,TQQQ
S10-03,pre,all,S,90,90,757,0.1189,4.4024,0.6105,1.3601,0.1870,-21.1426,0.4444,1.0479,0.5833,12,1.2241,4.5490,3.0423,0,TQQQ
S10-03,dev,all,A,76,76,689,0.1103,0.8780,0.0762,-2.3415,-0.2030,-36.1107,0.4342,0.9455,0.4545,11,-1.7796,8.3030,3.2195,0,TQQQ
S10-03,dev,all,B,76,76,689,0.1103,0.8780,0.0762,-4.4623,-0.3866,-37.8888,0.4342,0.8991,0.4545,11,-3.3913,9.5677,5.3403,0,TQQQ
S10-03,dev,all,S,76,76,689,0.1103,0.8780,0.0762,-6.0765,-0.5194,-40.3479,0.4342,0.8674,0.4545,11,-4.6182,10.6197,6.9545,0,TQQQ
S10-03,val,all,A,30,30,314,0.0955,15.2587,1.1185,13.8721,1.0182,-0.9703,0.5000,1.5311,0.6000,5,4.1616,3.0395,1.3866,0,TQQQ
S10-03,val,all,B,30,30,314,0.0955,15.2587,1.1185,13.0003,0.9549,-1.7761,0.5000,1.4900,0.6000,5,3.9001,3.0834,2.2584,0,TQQQ
S10-03,val,all,S,30,30,314,0.0955,15.2587,1.1185,12.4102,0.9047,-2.3641,0.5000,1.4575,0.6000,5,3.7231,3.1461,2.8484,0,TQQQ
S10-04,pre,all,A,125,125,757,0.1651,0.8529,0.3725,-4.6089,-2.0040,-7.7055,0.4560,0.6563,0.2500,12,-5.7612,6.7374,5.4618,0,SOXX
S10-04,pre,all,B,125,125,757,0.1651,0.8529,0.3725,-4.8532,-2.1098,-8.0482,0.4480,0.6417,0.2500,12,-6.0665,6.9840,5.7060,0,SOXX
S10-04,pre,all,S,125,125,757,0.1651,0.8529,0.3725,-4.9281,-2.1367,-8.0482,0.4480,0.6382,0.2500,12,-6.1601,7.0699,5.7810,0,SOXX
S10-04,dev,all,A,94,94,689,0.1364,-5.8558,-1.8724,-10.6900,-3.4046,-19.4415,0.3830,0.4429,0.0909,11,-10.0486,10.0486,4.8341,0,SOXX
S10-04,dev,all,B,94,94,689,0.1364,-5.8558,-1.8724,-10.8721,-3.4618,-19.5949,0.3830,0.4368,0.0909,11,-10.2198,10.2198,5.0163,0,SOXX
S10-04,dev,all,S,94,94,689,0.1364,-5.8558,-1.8724,-10.9495,-3.4797,-19.7048,0.3830,0.4351,0.0909,11,-10.2925,10.2925,5.0936,0,SOXX
S10-04,val,all,A,47,47,314,0.1497,-6.8446,-1.5156,-9.6049,-2.1329,-22.8052,0.3191,0.5001,0.2000,5,-4.5143,5.0773,2.7602,0,SOXX
S10-04,val,all,B,47,47,314,0.1497,-6.8446,-1.5156,-9.9019,-2.1990,-23.0974,0.2979,0.4901,0.2000,5,-4.6539,5.1740,3.0573,0,SOXX
S10-04,val,all,S,47,47,314,0.1497,-6.8446,-1.5156,-10.0509,-2.2256,-23.1353,0.2979,0.4863,0.2000,5,-4.7239,5.2309,3.2063,0,SOXX
S10-04,pre,all,A,99,99,757,0.1308,1.1402,0.4103,-1.3623,-0.4892,1.5325,0.5152,0.8918,0.4167,12,-1.3487,3.4181,2.5025,0,SMH
S10-04,pre,all,B,99,99,757,0.1308,1.1402,0.4103,-1.7741,-0.6369,1.0346,0.5152,0.8614,0.3333,12,-1.7563,3.7272,2.9142,0,SMH
S10-04,pre,all,S,99,99,757,0.1308,1.1402,0.4103,-1.9164,-0.6847,1.0346,0.5152,0.8520,0.3333,12,-1.8973,3.8491,3.0566,0,SMH
S10-04,dev,all,A,77,77,689,0.1118,-1.0626,-0.3160,-3.1461,-0.9349,-1.6546,0.4805,0.7836,0.2727,11,-2.4225,3.6768,2.0835,0,SMH
S10-04,dev,all,B,77,77,689,0.1118,-1.0626,-0.3160,-3.5040,-1.0412,-2.0155,0.4805,0.7620,0.2727,11,-2.6981,3.8625,2.4414,0,SMH
S10-04,dev,all,S,77,77,689,0.1118,-1.0626,-0.3160,-3.6518,-1.0799,-2.0155,0.4805,0.7545,0.2727,11,-2.8119,3.9454,2.5891,0,SMH
S10-04,val,all,A,43,43,314,0.1369,-0.7255,-0.1466,-3.5208,-0.7126,-13.7493,0.4186,0.7704,0.2000,5,-1.5139,1.8248,2.7953,0,SMH
S10-04,val,all,B,43,43,314,0.1369,-0.7255,-0.1466,-3.7828,-0.7656,-13.9930,0.4186,0.7557,0.2000,5,-1.6266,1.9278,3.0573,0,SMH
S10-04,val,all,S,43,43,314,0.1369,-0.7255,-0.1466,-3.9117,-0.7893,-14.1673,0.4186,0.7494,0.2000,5,-1.6820,1.9798,3.1862,0,SMH
S10-04,pre,all,A,93,93,757,0.1229,4.1678,0.9156,-2.4109,-0.5335,-1.8048,0.4624,0.8755,0.5000,12,-2.2421,6.2024,6.5786,0,NVDA
S10-04,pre,all,B,93,93,757,0.1229,4.1678,0.9156,-2.6552,-0.5875,-2.1039,0.4409,0.8639,0.5000,12,-2.4693,6.3723,6.8229,0,NVDA
S10-04,pre,all,S,93,93,757,0.1229,4.1678,0.9156,-2.7288,-0.6028,-2.1039,0.4409,0.8606,0.5000,12,-2.5378,6.4291,6.8965,0,NVDA
S10-04,dev,all,A,75,75,689,0.1089,-4.4388,-0.6591,-7.5895,-1.1262,-15.6087,0.4400,0.7372,0.3636,11,-5.6921,10.0695,3.1507,0,NVDA
S10-04,dev,all,B,75,75,689,0.1089,-4.4388,-0.6591,-7.8817,-1.1700,-16.2094,0.4400,0.7285,0.3636,11,-5.9113,10.2237,3.4430,0,NVDA
S10-04,dev,all,S,75,75,689,0.1089,-4.4388,-0.6591,-7.9779,-1.1824,-16.2094,0.4400,0.7261,0.3636,11,-5.9834,10.2911,3.5391,0,NVDA
S10-04,val,all,A,31,31,314,0.0987,2.0429,0.2400,0.4957,0.0585,8.0064,0.5161,1.0258,0.6000,5,0.1537,3.5343,1.5472,0,NVDA
S10-04,val,all,B,31,31,314,0.0987,2.0429,0.2400,0.0176,0.0021,7.5222,0.5161,1.0009,0.6000,5,0.0055,3.6098,2.0253,0,NVDA
S10-04,val,all,S,31,31,314,0.0987,2.0429,0.2400,-0.1081,-0.0127,7.5222,0.5161,0.9945,0.6000,5,-0.0335,3.6404,2.1510,0,NVDA
S10-04,pre,all,A,89,89,757,0.1176,1.1186,0.5525,0.6439,0.3181,1.9697,0.5169,1.0942,0.4167,12,0.5731,1.7983,0.4747,0,QQQ
S10-04,pre,all,B,89,89,757,0.1176,1.1186,0.5525,0.3512,0.1735,1.6997,0.5169,1.0503,0.4167,12,0.3125,1.8523,0.7674,0,QQQ
S10-04,pre,all,S,89,89,757,0.1176,1.1186,0.5525,0.2501,0.1230,1.6997,0.5169,1.0353,0.4167,12,0.2226,1.8832,0.8684,0,QQQ
S10-04,dev,all,A,79,79,689,0.1147,0.3418,0.1445,-0.2856,-0.1209,-6.5736,0.4557,0.9682,0.3636,11,-0.2256,1.7685,0.6274,0,QQQ
S10-04,dev,all,B,79,79,689,0.1147,0.3418,0.1445,-0.4891,-0.2071,-6.7586,0.4557,0.9462,0.3636,11,-0.3864,1.8515,0.8309,0,QQQ
S10-04,dev,all,S,79,79,689,0.1147,0.3418,0.1445,-0.5638,-0.2380,-6.7586,0.4557,0.9384,0.3636,11,-0.4454,1.8886,0.9056,0,QQQ
S10-04,val,all,A,28,28,314,0.0892,0.9394,0.3158,0.5979,0.2016,3.2459,0.5357,1.0895,0.5000,4,0.1674,0.5431,0.3414,0,QQQ
S10-04,val,all,B,28,28,314,0.0892,0.9394,0.3158,0.4698,0.1584,3.1137,0.5357,1.0697,0.5000,4,0.1316,0.5499,0.4695,0,QQQ
S10-04,val,all,S,28,28,314,0.0892,0.9394,0.3158,0.4189,0.1408,3.1137,0.5357,1.0617,0.5000,4,0.1173,0.5538,0.5204,0,QQQ
S10-04,pre,all,A,90,90,757,0.1189,2.4056,0.4324,0.7197,0.1291,-2.5269,0.4889,1.0356,0.5000,12,0.6477,3.1084,1.6859,0,TQQQ
S10-04,pre,all,B,90,90,757,0.1189,2.4056,0.4324,-0.1142,-0.0205,-3.3096,0.4778,0.9945,0.4167,12,-0.1028,3.5746,2.5198,0,TQQQ
S10-04,pre,all,S,90,90,757,0.1189,2.4056,0.4324,-0.4054,-0.0723,-3.3096,0.4778,0.9806,0.4167,12,-0.3649,3.7653,2.8110,0,TQQQ
S10-04,dev,all,A,76,76,689,0.1103,-0.5450,-0.0696,-3.7630,-0.4800,-24.1375,0.4342,0.8773,0.3636,11,-2.8599,7.1453,3.2180,0,TQQQ
S10-04,dev,all,B,76,76,689,0.1103,-0.5450,-0.0696,-5.8826,-0.7496,-26.1298,0.4342,0.8155,0.3636,11,-4.4708,8.4379,5.3377,0,TQQQ
S10-04,dev,all,S,76,76,689,0.1103,-0.5450,-0.0696,-6.7034,-0.8452,-26.6522,0.4342,0.7950,0.2727,11,-5.0946,8.9787,6.1585,0,TQQQ
S10-04,val,all,A,30,30,314,0.0955,1.7463,0.2100,0.3600,0.0434,-7.0325,0.5000,1.0183,0.6000,5,0.1080,2.1481,1.3864,0,TQQQ
S10-04,val,all,B,30,30,314,0.0955,1.7463,0.2100,-0.5117,-0.0617,-7.8163,0.5000,0.9745,0.6000,5,-0.1535,2.1920,2.2580,0,TQQQ
S10-04,val,all,S,30,30,314,0.0955,1.7463,0.2100,-0.8398,-0.1005,-8.0944,0.5000,0.9588,0.6000,5,-0.2519,2.2233,2.5862,0,TQQQ
S10-05,pre,all,A,268,268,757,0.3540,0.1495,0.0668,-4.6714,-2.0843,-19.5879,0.3694,0.7395,0.2500,12,-12.5193,14.4926,4.8209,0,SOXX
S10-05,pre,all,B,268,268,757,0.3540,0.1495,0.0668,-4.9163,-2.1935,-19.7605,0.3694,0.7282,0.2500,12,-13.1756,15.1058,5.0658,0,SOXX
S10-05,pre,all,S,268,268,757,0.3540,0.1495,0.0668,-5.4143,-2.4089,-20.5304,0.3694,0.7067,0.2500,12,-14.5105,16.3678,5.5638,0,SOXX
S10-05,dev,all,A,229,229,689,0.3324,2.8855,1.0082,-1.5353,-0.5358,-22.4491,0.3886,0.9218,0.4545,11,-3.5157,11.4766,4.4207,0,SOXX
S10-05,dev,all,B,229,229,689,0.3324,2.8855,1.0082,-1.7239,-0.6017,-22.6192,0.3886,0.9127,0.4545,11,-3.9476,11.6943,4.6093,0,SOXX
S10-05,dev,all,S,229,229,689,0.3324,2.8855,1.0082,-2.1131,-0.7360,-23.1052,0.3886,0.8945,0.4545,11,-4.8391,12.1657,4.9986,0,SOXX
S10-05,val,all,A,95,95,314,0.3025,0.4911,0.1116,-2.2930,-0.5210,-20.0725,0.3579,0.8858,0.2000,5,-2.1783,3.9194,2.7841,0,SOXX
S10-05,val,all,B,95,95,314,0.3025,0.4911,0.1116,-2.5945,-0.5895,-20.3674,0.3579,0.8720,0.2000,5,-2.4648,4.1496,3.0857,0,SOXX
S10-05,val,all,S,95,95,314,0.3025,0.4911,0.1116,-3.2677,-0.7395,-21.2101,0.3579,0.8428,0.2000,5,-3.1043,4.6734,3.7588,0,SOXX
S10-05,pre,all,A,248,248,757,0.3276,-0.9467,-0.4365,-3.1649,-1.4542,-17.5256,0.3911,0.8083,0.5000,12,-7.8489,9.8990,2.2182,0,SMH
S10-05,pre,all,B,248,248,757,0.3276,-0.9467,-0.4365,-3.6033,-1.6552,-18.0510,0.3911,0.7852,0.5000,12,-8.9362,10.8833,2.6566,0,SMH
S10-05,pre,all,S,248,248,757,0.3276,-0.9467,-0.4365,-4.5569,-2.0778,-19.4934,0.3911,0.7395,0.3333,12,-11.3011,13.0551,3.6102,0,SMH
S10-05,dev,all,A,211,211,689,0.3062,2.4857,0.8164,0.4821,0.1583,-20.1027,0.3934,1.0251,0.4545,11,1.0172,5.9996,2.0036,0,SMH
S10-05,dev,all,B,211,211,689,0.3062,2.4857,0.8164,0.1325,0.0435,-20.5683,0.3934,1.0068,0.4545,11,0.2795,6.1786,2.3532,0,SMH
S10-05,dev,all,S,211,211,689,0.3062,2.4857,0.8164,-0.6351,-0.2077,-21.9013,0.3934,0.9683,0.4545,11,-1.3400,6.8726,3.1207,0,SMH
S10-05,val,all,A,98,98,314,0.3121,5.2664,0.9583,2.6312,0.4801,-15.2847,0.3776,1.1524,0.6000,5,2.5786,3.8908,2.6352,0,SMH
S10-05,val,all,B,98,98,314,0.3121,5.2664,0.9583,2.3708,0.4327,-15.5605,0.3776,1.1361,0.6000,5,2.3234,3.9503,2.8956,0,SMH
S10-05,val,all,S,98,98,314,0.3121,5.2664,0.9583,1.7985,0.3276,-16.3484,0.3776,1.1008,0.6000,5,1.7625,4.2093,3.4680,0,SMH
S10-05,pre,all,A,226,226,757,0.2985,-3.0375,-0.7814,-9.0715,-2.3436,-30.9524,0.3805,0.6916,0.1667,12,-20.5016,27.9294,6.0340,0,NVDA
S10-05,pre,all,B,226,226,757,0.2985,-3.0375,-0.7814,-9.3289,-2.4100,-31.2328,0.3805,0.6846,0.1667,12,-21.0833,28.4609,6.2914,0,NVDA
S10-05,pre,all,S,226,226,757,0.2985,-3.0375,-0.7814,-9.8906,-2.5487,-31.9719,0.3805,0.6703,0.1667,12,-22.3528,29.6401,6.8531,0,NVDA
S10-05,dev,all,A,195,195,689,0.2830,5.0990,0.9895,2.2680,0.4401,-31.5694,0.4103,1.0765,0.4545,11,4.4226,14.8191,2.8310,0,NVDA
S10-05,dev,all,B,195,195,689,0.2830,5.0990,0.9895,1.9703,0.3824,-31.8793,0.4103,1.0661,0.4545,11,3.8420,15.2092,3.1288,0,NVDA
S10-05,dev,all,S,195,195,689,0.2830,5.0990,0.9895,1.3405,0.2596,-32.5060,0.4103,1.0443,0.4545,11,2.6139,16.1272,3.7586,0,NVDA
S10-05,val,all,A,80,80,314,0.2548,5.7501,0.6451,4.2752,0.4799,-24.2578,0.4125,1.1751,0.8000,5,3.4202,3.9465,1.4749,0,NVDA
S10-05,val,all,B,80,80,314,0.2548,5.7501,0.6451,3.7907,0.4256,-24.6399,0.4125,1.1534,0.8000,5,3.0326,4.0743,1.9594,0,NVDA
S10-05,val,all,S,80,80,314,0.2548,5.7501,0.6451,2.7565,0.3088,-25.7314,0.4125,1.1083,0.8000,5,2.2052,4.3742,2.9936,0,NVDA
S10-05,pre,all,A,249,249,757,0.3289,-1.3547,-0.9261,-1.8113,-1.2385,-9.4193,0.3855,0.8265,0.4167,12,-4.5101,5.8064,0.4566,0,QQQ
S10-05,pre,all,B,249,249,757,0.3289,-1.3547,-0.9261,-2.0915,-1.4303,-9.7836,0.3855,0.8028,0.4167,12,-5.2079,6.1886,0.7368,0,QQQ
S10-05,pre,all,S,249,249,757,0.3289,-1.3547,-0.9261,-2.7073,-1.8392,-10.6218,0.3815,0.7553,0.4167,12,-6.7412,7.3174,1.3526,0,QQQ
S10-05,dev,all,A,221,221,689,0.3208,1.3873,0.7421,0.7755,0.4150,-10.7602,0.3891,1.0691,0.3636,11,1.7139,3.7528,0.6118,0,QQQ
S10-05,dev,all,B,221,221,689,0.3208,1.3873,0.7421,0.5741,0.3072,-10.9425,0.3891,1.0506,0.3636,11,1.2688,4.0100,0.8132,0,QQQ
S10-05,dev,all,S,221,221,689,0.3208,1.3873,0.7421,0.1333,0.0711,-11.4636,0.3846,1.0114,0.3636,11,0.2947,4.6014,1.2540,0,QQQ
S10-05,val,all,A,105,105,314,0.3344,-0.1351,-0.0661,-0.4896,-0.2399,-9.4657,0.3714,0.9459,0.6000,5,-0.5141,2.8258,0.3546,0,QQQ
S10-05,val,all,B,105,105,314,0.3344,-0.1351,-0.0661,-0.6193,-0.3035,-9.5799,0.3714,0.9322,0.6000,5,-0.6502,2.8844,0.4842,0,QQQ
S10-05,val,all,S,105,105,314,0.3344,-0.1351,-0.0661,-0.9104,-0.4446,-9.9064,0.3714,0.9026,0.6000,5,-0.9560,3.0296,0.7754,0,QQQ
S10-05,pre,all,A,253,253,757,0.3342,-4.4343,-1.0617,-6.0803,-1.4549,-28.4247,0.3794,0.8013,0.2500,12,-15.3833,18.1520,1.6460,0,TQQQ
S10-05,pre,all,B,253,253,757,0.3342,-4.4343,-1.0617,-6.8889,-1.6483,-29.1059,0.3794,0.7784,0.2500,12,-17.4289,19.2551,2.4546,0,TQQQ
S10-05,pre,all,S,253,253,757,0.3342,-4.4343,-1.0617,-8.6896,-2.0639,-32.3298,0.3794,0.7321,0.2500,12,-21.9847,22.8446,4.2553,0,TQQQ
S10-05,dev,all,A,220,220,689,0.3193,1.4180,0.2367,-1.5968,-0.2662,-37.3928,0.3773,0.9584,0.4545,11,-3.5129,18.8836,3.0148,0,TQQQ
S10-05,dev,all,B,220,220,689,0.3193,1.4180,0.2367,-3.5784,-0.5959,-38.6117,0.3682,0.9097,0.4545,11,-7.8724,22.6645,4.9964,0,TQQQ
S10-05,dev,all,S,220,220,689,0.3193,1.4180,0.2367,-8.0201,-1.3143,-42.6726,0.3591,0.8140,0.2727,11,-17.6441,31.3659,9.4381,0,TQQQ
S10-05,val,all,A,101,101,314,0.3217,2.6537,0.4225,1.2380,0.1972,-25.7249,0.4059,1.0483,0.4000,5,1.2504,6.2984,1.4157,0,TQQQ
S10-05,val,all,B,101,101,314,0.3217,2.6537,0.4225,0.3560,0.0567,-26.5419,0.4059,1.0136,0.4000,5,0.3596,6.5378,2.2977,0,TQQQ
S10-05,val,all,S,101,101,314,0.3217,2.6537,0.4225,-1.5622,-0.2470,-28.8760,0.4059,0.9433,0.4000,5,-1.5779,7.1274,4.2160,0,TQQQ
S10-06,pre,all,A,268,268,757,0.3540,-0.1555,-0.1036,-5.1050,-3.3921,-6.3000,0.4478,0.6070,0.0833,12,-13.6815,14.3472,4.9496,0,SOXX
S10-06,pre,all,B,268,268,757,0.3540,-0.1555,-0.1036,-5.3500,-3.5540,-6.5603,0.4478,0.5924,0.0833,12,-14.3379,14.9912,5.1945,0,SOXX
S10-06,pre,all,S,268,268,757,0.3540,-0.1555,-0.1036,-5.7876,-3.8313,-6.9321,0.4440,0.5685,0.0833,12,-15.5108,16.1464,5.6321,0,SOXX
S10-06,dev,all,A,229,229,689,0.3324,0.9256,0.4792,-3.5860,-1.8503,-2.0408,0.4585,0.7455,0.3636,11,-8.2121,11.0983,4.5117,0,SOXX
S10-06,dev,all,B,229,229,689,0.3324,0.9256,0.4792,-3.7747,-1.9476,-2.1850,0.4541,0.7341,0.3636,11,-8.6440,11.4503,4.7003,0,SOXX
S10-06,dev,all,S,229,229,689,0.3324,0.9256,0.4792,-4.1112,-2.1169,-2.3910,0.4541,0.7147,0.3636,11,-9.4146,12.0841,5.0368,0,SOXX
S10-06,val,all,A,95,95,314,0.3025,0.3997,0.1345,-2.4093,-0.8122,-14.5807,0.4632,0.8193,0.2000,5,-2.2889,5.6819,2.8090,0,SOXX
S10-06,val,all,B,95,95,314,0.3025,0.3997,0.1345,-2.7109,-0.9140,-14.8640,0.4526,0.7991,0.2000,5,-2.5754,5.9122,3.1106,0,SOXX
S10-06,val,all,S,95,95,314,0.3025,0.3997,0.1345,-3.2719,-1.0991,-15.6732,0.4526,0.7638,0.2000,5,-3.1083,6.3536,3.6716,0,SOXX
S10-06,pre,all,A,248,248,757,0.3276,0.4606,0.2938,-1.8366,-1.1673,0.6412,0.5040,0.8383,0.5833,12,-4.5547,8.2282,2.2971,0,SMH
S10-06,pre,all,B,248,248,757,0.3276,0.4606,0.2938,-2.2751,-1.4447,0.1761,0.5000,0.8037,0.4167,12,-5.6421,8.8272,2.7356,0,SMH
S10-06,pre,all,S,248,248,757,0.3276,0.4606,0.2938,-3.0874,-1.9449,-0.4883,0.5000,0.7449,0.2500,12,-7.6567,9.9886,3.5479,0,SMH
S10-06,dev,all,A,211,211,689,0.3062,0.8192,0.3828,-1.2165,-0.5683,-11.4294,0.4834,0.9135,0.4545,11,-2.5668,5.1440,2.0357,0,SMH
S10-06,dev,all,B,211,211,689,0.3062,0.8192,0.3828,-1.5661,-0.7318,-11.8832,0.4834,0.8900,0.4545,11,-3.3046,5.8163,2.3853,0,SMH
S10-06,dev,all,S,211,211,689,0.3062,0.8192,0.3828,-2.2227,-1.0342,-12.4612,0.4834,0.8483,0.3636,11,-4.6900,7.0873,3.0419,0,SMH
S10-06,val,all,A,98,98,314,0.3121,6.4383,1.5584,3.7565,0.9123,2.2271,0.5408,1.3434,0.4000,5,3.6814,2.0918,2.6817,0,SMH
S10-06,val,all,B,98,98,314,0.3121,6.4383,1.5584,3.4961,0.8494,1.9784,0.5408,1.3163,0.4000,5,3.4262,2.1367,2.9421,0,SMH
S10-06,val,all,S,98,98,314,0.3121,6.4383,1.5584,3.0148,0.7314,1.6229,0.5408,1.2661,0.4000,5,2.9545,2.2228,3.4235,0,SMH
S10-06,pre,all,A,226,226,757,0.2985,-1.4502,-0.5256,-7.6596,-2.7831,-14.8368,0.4646,0.6376,0.0833,12,-17.3107,20.6652,6.2093,0,NVDA
S10-06,pre,all,B,226,226,757,0.2985,-1.4502,-0.5256,-7.9170,-2.8769,-14.9660,0.4646,0.6277,0.0833,12,-17.8924,21.2211,6.4667,0,NVDA
S10-06,pre,all,S,226,226,757,0.2985,-1.4502,-0.5256,-8.3914,-3.0424,-15.1977,0.4513,0.6109,0.0833,12,-18.9645,22.2548,6.9411,0,NVDA
S10-06,dev,all,A,195,195,689,0.2830,2.7612,0.7763,-0.1285,-0.0361,-2.1488,0.4872,0.9940,0.4545,11,-0.2506,8.0396,2.8897,0,NVDA
S10-06,dev,all,B,195,195,689,0.2830,2.7612,0.7763,-0.4262,-0.1199,-2.5358,0.4872,0.9804,0.4545,11,-0.8312,8.4425,3.1874,0,NVDA
S10-06,dev,all,S,195,195,689,0.2830,2.7612,0.7763,-0.9675,-0.2716,-3.0909,0.4872,0.9561,0.4545,11,-1.8867,9.1885,3.7287,0,NVDA
S10-06,val,all,A,80,80,314,0.2548,6.1033,1.0583,4.5903,0.7971,4.4959,0.5250,1.2809,0.8000,5,3.6722,2.8580,1.5130,0,NVDA
S10-06,val,all,B,80,80,314,0.2548,6.1033,1.0583,4.1056,0.7132,4.0552,0.5250,1.2478,0.8000,5,3.2845,2.9767,1.9976,0,NVDA
S10-06,val,all,S,80,80,314,0.2548,6.1033,1.0583,3.2411,0.5617,3.4255,0.5250,1.1900,0.6000,5,2.5929,3.2075,2.8621,0,NVDA
S10-06,pre,all,A,249,249,757,0.3289,-0.5375,-0.4884,-0.9941,-0.9038,-2.2211,0.4819,0.8639,0.2500,12,-2.4752,4.4577,0.4566,0,QQQ
S10-06,pre,all,B,249,249,757,0.3289,-0.5375,-0.4884,-1.2743,-1.1589,-2.4107,0.4779,0.8289,0.2500,12,-3.1731,4.8220,0.7369,0,QQQ
S10-06,pre,all,S,249,249,757,0.3289,-0.5375,-0.4884,-1.8023,-1.6300,-2.6815,0.4779,0.7684,0.2500,12,-4.4877,5.5269,1.2648,0,QQQ
S10-06,dev,all,A,221,221,689,0.3208,1.4850,1.1868,0.8732,0.6986,1.2203,0.5068,1.1193,0.4545,11,1.9298,2.5716,0.6117,0,QQQ
S10-06,dev,all,B,221,221,689,0.3208,1.4850,1.1868,0.6718,0.5375,1.0281,0.5068,1.0906,0.3636,11,1.4847,2.6708,0.8131,0,QQQ
S10-06,dev,all,S,221,221,689,0.3208,1.4850,1.1868,0.3024,0.2410,0.7535,0.5023,1.0396,0.3636,11,0.6683,3.0448,1.1826,0,QQQ
S10-06,val,all,A,105,105,314,0.3344,0.8980,0.6265,0.5434,0.3800,1.5550,0.5143,1.0962,0.8000,5,0.5706,1.7272,0.3546,0,QQQ
S10-06,val,all,B,105,105,314,0.3344,0.8980,0.6265,0.4138,0.2894,1.4312,0.5143,1.0724,0.6000,5,0.4345,1.7564,0.4842,0,QQQ
S10-06,val,all,S,105,105,314,0.3344,0.8980,0.6265,0.1801,0.1256,1.2542,0.5143,1.0308,0.6000,5,0.1892,1.8167,0.7179,0,QQQ
S10-06,pre,all,A,253,253,757,0.3342,-4.2975,-1.4010,-5.9563,-1.9371,-17.5228,0.4545,0.7377,0.3333,12,-15.0694,15.8250,1.6588,0,TQQQ
S10-06,pre,all,B,253,253,757,0.3342,-4.2975,-1.4010,-6.7651,-2.1986,-18.4608,0.4545,0.7078,0.3333,12,-17.1156,17.7427,2.4675,0,TQQQ
S10-06,pre,all,S,253,253,757,0.3342,-4.2975,-1.4010,-8.3142,-2.6812,-20.7317,0.4506,0.6561,0.1667,12,-21.0348,21.4565,4.0166,0,TQQQ
S10-06,dev,all,A,220,220,689,0.3193,0.0925,0.0238,-2.9215,-0.7486,-18.8434,0.4773,0.8864,0.2727,11,-6.4272,13.0789,3.0140,0,TQQQ
S10-06,dev,all,B,220,220,689,0.3193,0.0925,0.0238,-4.9025,-1.2540,-20.8382,0.4727,0.8171,0.2727,11,-10.7855,16.4601,4.9950,0,TQQQ
S10-06,dev,all,S,220,220,689,0.3193,0.0925,0.0238,-8.5857,-2.1600,-23.6875,0.4591,0.7063,0.2727,11,-18.8885,23.0455,8.6782,0,TQQQ
S10-06,val,all,A,101,101,314,0.3217,2.5037,0.5713,1.0883,0.2484,-5.3287,0.4851,1.0636,0.8000,5,1.0992,4.2543,1.4154,0,TQQQ
S10-06,val,all,B,101,101,314,0.3217,2.5037,0.5713,0.2065,0.0472,-6.2090,0.4851,1.0118,0.8000,5,0.2086,4.4256,2.2972,0,TQQQ
S10-06,val,all,S,101,101,314,0.3217,2.5037,0.5713,-1.3774,-0.3125,-7.4924,0.4653,0.9257,0.6000,5,-1.3911,4.7668,3.8811,0,TQQQ
S10-07,pre,all,A,208,208,757,0.2748,2.4980,0.9215,-2.1967,-0.8088,-15.8034,0.4231,0.8731,0.5000,12,-4.5691,6.6425,4.6947,0,SOXX
S10-07,pre,all,B,208,208,757,0.2748,2.4980,0.9215,-2.4406,-0.8987,-16.0378,0.4183,0.8602,0.5000,12,-5.0765,6.9560,4.9386,0,SOXX
S10-07,pre,all,S,208,208,757,0.2748,2.4980,0.9215,-2.5592,-0.9401,-16.2637,0.4183,0.8543,0.4167,12,-5.3231,7.1128,5.0572,0,SOXX
S10-07,dev,all,A,169,169,689,0.2453,-2.6289,-0.7492,-6.9716,-1.9834,-24.5003,0.3669,0.7063,0.1818,11,-11.7820,12.1535,4.3427,0,SOXX
S10-07,dev,all,B,169,169,689,0.2453,-2.6289,-0.7492,-7.1553,-2.0356,-24.8225,0.3669,0.7000,0.1818,11,-12.0924,12.4626,4.5263,0,SOXX
S10-07,dev,all,S,169,169,689,0.2453,-2.6289,-0.7492,-7.2705,-2.0644,-25.0865,0.3669,0.6967,0.1818,11,-12.2872,12.6574,4.6416,0,SOXX
S10-07,val,all,A,73,73,314,0.2325,-8.5694,-1.8097,-11.2749,-2.3826,-24.7700,0.3014,0.5348,0.0000,5,-8.2307,8.2307,2.7055,0,SOXX
S10-07,val,all,B,73,73,314,0.2325,-8.5694,-1.8097,-11.5742,-2.4462,-25.0544,0.3014,0.5265,0.0000,5,-8.4492,8.4492,3.0048,0,SOXX
S10-07,val,all,S,73,73,314,0.2325,-8.5694,-1.8097,-11.8267,-2.4894,-25.4613,0.3014,0.5211,0.0000,5,-8.6335,8.6335,3.2573,0,SOXX
S10-07,pre,all,A,180,180,757,0.2378,0.4620,0.1490,-1.6440,-0.5290,-12.5444,0.4389,0.9093,0.4167,12,-2.9592,8.1224,2.1059,0,SMH
S10-07,pre,all,B,180,180,757,0.2378,0.4620,0.1490,-2.0673,-0.6651,-12.9450,0.4389,0.8874,0.4167,12,-3.7212,8.5294,2.5293,0,SMH
S10-07,pre,all,S,180,180,757,0.2378,0.4620,0.1490,-2.3417,-0.7494,-13.2870,0.4389,0.8744,0.4167,12,-4.2150,8.8557,2.8036,0,SMH
S10-07,dev,all,A,152,152,689,0.2206,0.2047,0.0545,-1.7227,-0.4584,-23.7155,0.4079,0.9181,0.2727,11,-2.6185,8.9498,1.9274,0,SMH
S10-07,dev,all,B,152,152,689,0.2206,0.2047,0.0545,-2.0752,-0.5522,-24.0294,0.4079,0.9023,0.2727,11,-3.1543,9.2774,2.2799,0,SMH
S10-07,dev,all,S,152,152,689,0.2206,0.2047,0.0545,-2.3244,-0.6160,-24.2522,0.4079,0.8919,0.2727,11,-3.5331,9.5332,2.5291,0,SMH
S10-07,val,all,A,68,68,314,0.2166,-7.9164,-1.1318,-10.5728,-1.5108,-18.9457,0.3529,0.5754,0.4000,5,-7.1895,7.1895,2.6564,0,SMH
S10-07,val,all,B,68,68,314,0.2166,-7.9164,-1.1318,-10.8366,-1.5483,-19.1781,0.3529,0.5677,0.4000,5,-7.3689,7.3689,2.9202,0,SMH
S10-07,val,all,S,68,68,314,0.2166,-7.9164,-1.1318,-11.0412,-1.5738,-19.3353,0.3529,0.5631,0.4000,5,-7.5080,7.5080,3.1247,0,SMH
S10-07,pre,all,A,158,158,757,0.2087,-2.7167,-0.5568,-8.5751,-1.7675,-24.7207,0.4051,0.7136,0.1667,12,-13.5487,19.2659,5.8584,0,NVDA
S10-07,pre,all,B,158,158,757,0.2087,-2.7167,-0.5568,-8.8231,-1.8186,-24.8371,0.3987,0.7067,0.1667,12,-13.9406,19.5748,6.1064,0,NVDA
S10-07,pre,all,S,158,158,757,0.2087,-2.7167,-0.5568,-8.9796,-1.8469,-25.0033,0.3987,0.7031,0.1667,12,-14.1877,19.7895,6.2628,0,NVDA
S10-07,dev,all,A,131,131,689,0.1901,3.6444,0.4914,0.8751,0.1180,-34.8150,0.3969,1.0249,0.3636,11,1.1464,15.2081,2.7693,0,NVDA
S10-07,dev,all,B,131,131,689,0.1901,3.6444,0.4914,0.5761,0.0777,-34.9647,0.3969,1.0163,0.3636,11,0.7547,15.3611,3.0683,0,NVDA
S10-07,dev,all,S,131,131,689,0.1901,3.6444,0.4914,0.3893,0.0524,-35.1783,0.3969,1.0110,0.3636,11,0.5100,15.5830,3.2551,0,NVDA
S10-07,val,all,A,47,47,314,0.1497,-8.4609,-0.6809,-9.9126,-0.7996,-24.6606,0.3830,0.7129,0.2000,5,-4.6589,8.9000,1.4518,0,NVDA
S10-07,val,all,B,47,47,314,0.1497,-8.4609,-0.6809,-10.4009,-0.8387,-25.0445,0.3830,0.7014,0.2000,5,-4.8884,9.0652,1.9400,0,NVDA
S10-07,val,all,S,47,47,314,0.1497,-8.4609,-0.6809,-10.6702,-0.8579,-25.0445,0.3830,0.6960,0.2000,5,-5.0150,9.1790,2.2093,0,NVDA
S10-07,pre,all,A,158,158,757,0.2087,1.4674,0.6811,1.0067,0.4673,-5.8071,0.4494,1.1007,0.6667,12,1.5906,2.2912,0.4607,0,QQQ
S10-07,pre,all,B,158,158,757,0.2087,1.4674,0.6811,0.7236,0.3359,-6.1141,0.4494,1.0712,0.6667,12,1.1434,2.4260,0.7437,0,QQQ
S10-07,pre,all,S,158,158,757,0.2087,1.4674,0.6811,0.5497,0.2538,-6.1141,0.4494,1.0532,0.6667,12,0.8685,2.5385,0.9177,0,QQQ
S10-07,dev,all,A,156,156,689,0.2264,-0.6793,-0.2695,-1.3076,-0.5189,-11.3976,0.4167,0.9023,0.3636,11,-2.0398,4.7609,0.6283,0,QQQ
S10-07,dev,all,B,156,156,689,0.2264,-0.6793,-0.2695,-1.5113,-0.5998,-11.5729,0.4167,0.8881,0.3636,11,-2.3576,4.9338,0.8320,0,QQQ
S10-07,dev,all,S,156,156,689,0.2264,-0.6793,-0.2695,-1.6509,-0.6531,-11.7639,0.4167,0.8790,0.3636,11,-2.5755,5.0742,0.9716,0,QQQ
S10-07,val,all,A,65,65,314,0.2070,0.0813,0.0283,-0.2947,-0.1028,-7.7195,0.4769,0.9707,0.4000,5,-0.1916,1.4068,0.3760,0,QQQ
S10-07,val,all,B,65,65,314,0.2070,0.0813,0.0283,-0.4256,-0.1485,-7.8452,0.4769,0.9580,0.4000,5,-0.2766,1.4344,0.5069,0,QQQ
S10-07,val,all,S,65,65,314,0.2070,0.0813,0.0283,-0.5135,-0.1785,-8.0248,0.4769,0.9498,0.4000,5,-0.3338,1.4599,0.5948,0,QQQ
S10-07,pre,all,A,163,163,757,0.2153,3.3952,0.6047,1.7582,0.3124,-16.2663,0.4540,1.0638,0.5833,12,2.8659,8.8968,1.6369,0,TQQQ
S10-07,pre,all,B,163,163,757,0.2153,3.3952,0.6047,0.9420,0.1672,-17.2105,0.4540,1.0336,0.5833,12,1.5354,9.1369,2.4532,0,TQQQ
S10-07,pre,all,S,163,163,757,0.2153,3.3952,0.6047,0.4115,0.0725,-18.5584,0.4540,1.0144,0.5833,12,0.6707,9.3624,2.9837,0,TQQQ
S10-07,dev,all,A,154,154,689,0.2235,-0.4653,-0.0590,-3.5951,-0.4554,-34.4132,0.4156,0.9129,0.3636,11,-5.5364,14.6071,3.1298,0,TQQQ
S10-07,dev,all,B,154,154,689,0.2235,-0.4653,-0.0590,-5.6557,-0.7163,-36.2779,0.4026,0.8670,0.3636,11,-8.7098,16.2534,5.1904,0,TQQQ
S10-07,dev,all,S,154,154,689,0.2235,-0.4653,-0.0590,-7.1166,-0.8903,-38.9468,0.4026,0.8382,0.3636,11,-10.9595,17.6199,6.6512,0,TQQQ
S10-07,val,all,A,67,67,314,0.2134,-2.7370,-0.3396,-4.1602,-0.5166,-25.1699,0.4328,0.8637,0.4000,5,-2.7873,5.1932,1.4232,0,TQQQ
S10-07,val,all,B,67,67,314,0.2134,-2.7370,-0.3396,-5.0487,-0.6271,-25.9362,0.4328,0.8372,0.4000,5,-3.3827,5.4036,2.3118,0,TQQQ
S10-07,val,all,S,67,67,314,0.2134,-2.7370,-0.3396,-5.6740,-0.6994,-27.0324,0.4328,0.8207,0.4000,5,-3.8016,5.7118,2.9370,0,TQQQ
S10-08,pre,all,A,208,208,757,0.2748,0.6685,0.3774,-4.1450,-2.3334,-5.2943,0.4567,0.6763,0.2500,12,-8.6217,9.3739,4.8136,0,SOXX
S10-08,pre,all,B,208,208,757,0.2748,0.6685,0.3774,-4.3890,-2.4706,-5.5009,0.4519,0.6608,0.2500,12,-9.1292,9.8611,5.0575,0,SOXX
S10-08,pre,all,S,208,208,757,0.2748,0.6685,0.3774,-4.4558,-2.5022,-5.5009,0.4519,0.6574,0.2500,12,-9.2681,9.9971,5.1243,0,SOXX
S10-08,dev,all,A,169,169,689,0.2453,-4.4294,-1.8937,-8.8642,-3.7823,-17.6643,0.4024,0.5063,0.1818,11,-14.9805,15.1021,4.4348,0,SOXX
S10-08,dev,all,B,169,169,689,0.2453,-4.4294,-1.8937,-9.0479,-3.8605,-17.8142,0.4024,0.4991,0.0909,11,-15.2909,15.4112,4.6185,0,SOXX
S10-08,dev,all,S,169,169,689,0.2453,-4.4294,-1.8937,-9.1126,-3.8816,-17.9208,0.4024,0.4973,0.0909,11,-15.4002,15.5205,4.6832,0,SOXX
S10-08,val,all,A,73,73,314,0.2325,-2.2083,-0.6155,-4.9572,-1.3877,-18.4528,0.4247,0.6880,0.2000,5,-3.6188,5.3858,2.7489,0,SOXX
S10-08,val,all,B,73,73,314,0.2325,-2.2083,-0.6155,-5.2565,-1.4720,-18.7745,0.4110,0.6726,0.2000,5,-3.8373,5.5552,3.0482,0,SOXX
S10-08,val,all,S,73,73,314,0.2325,-2.2083,-0.6155,-5.3812,-1.5023,-19.0039,0.4110,0.6674,0.2000,5,-3.9283,5.6331,3.1728,0,SOXX
S10-08,pre,all,A,180,180,757,0.2378,-0.4699,-0.2122,-2.6566,-1.1970,1.2894,0.5111,0.7952,0.4167,12,-4.7819,6.5962,2.1867,0,SMH
S10-08,pre,all,B,180,180,757,0.2378,-0.4699,-0.2122,-3.0800,-1.3870,0.9119,0.5111,0.7664,0.4167,12,-5.5440,7.0222,2.6101,0,SMH
S10-08,pre,all,S,180,180,757,0.2378,-0.4699,-0.2122,-3.2249,-1.4465,0.9119,0.5111,0.7581,0.4167,12,-5.8049,7.2463,2.7551,0,SMH
S10-08,dev,all,A,152,152,689,0.2206,-0.0318,-0.0122,-2.0002,-0.7653,-13.3392,0.4605,0.8659,0.2727,11,-3.0402,5.1259,1.9684,0,SMH
S10-08,dev,all,B,152,152,689,0.2206,-0.0318,-0.0122,-2.3527,-0.9002,-13.8117,0.4605,0.8442,0.2727,11,-3.5761,5.4945,2.3209,0,SMH
S10-08,dev,all,S,152,152,689,0.2206,-0.0318,-0.0122,-2.4911,-0.9495,-13.8117,0.4605,0.8365,0.2727,11,-3.7864,5.6474,2.4593,0,SMH
S10-08,val,all,A,68,68,314,0.2166,6.3731,1.1101,3.6471,0.6369,-5.8570,0.4706,1.2700,0.4000,5,2.4800,1.8984,2.7260,0,SMH
S10-08,val,all,B,68,68,314,0.2166,6.3731,1.1101,3.3835,0.5910,-6.0938,0.4706,1.2480,0.4000,5,2.3008,1.9264,2.9896,0,SMH
S10-08,val,all,S,68,68,314,0.2166,6.3731,1.1101,3.2696,0.5702,-6.1625,0.4706,1.2377,0.4000,5,2.2234,1.9465,3.1035,0,SMH
S10-08,pre,all,A,158,158,757,0.2087,-1.4354,-0.4091,-7.4824,-2.1368,-13.9168,0.4367,0.6612,0.1667,12,-11.8223,13.3391,6.0470,0,NVDA
S10-08,pre,all,B,158,158,757,0.2087,-1.4354,-0.4091,-7.7305,-2.2079,-14.0274,0.4241,0.6521,0.1667,12,-12.2141,13.6228,6.2950,0,NVDA
S10-08,pre,all,S,158,158,757,0.2087,-1.4354,-0.4091,-7.8070,-2.2262,-14.0274,0.4241,0.6499,0.1667,12,-12.3350,13.7238,6.3715,0,NVDA
S10-08,dev,all,A,131,131,689,0.1901,-1.4868,-0.3034,-4.3220,-0.8812,-18.7642,0.4351,0.8355,0.3636,11,-5.6618,13.2045,2.8352,0,NVDA
S10-08,dev,all,B,131,131,689,0.1901,-1.4868,-0.3034,-4.6208,-0.9425,-19.2973,0.4351,0.8252,0.3636,11,-6.0533,13.4615,3.1340,0,NVDA
S10-08,dev,all,S,131,131,689,0.1901,-1.4868,-0.3034,-4.7205,-0.9612,-19.2973,0.4351,0.8221,0.3636,11,-6.1838,13.5677,3.2336,0,NVDA
S10-08,val,all,A,47,47,314,0.1497,6.6877,0.7684,5.1612,0.5940,0.9605,0.5106,1.2789,0.6000,5,2.4258,2.5287,1.5265,0,NVDA
S10-08,val,all,B,47,47,314,0.1497,6.6877,0.7684,4.6736,0.5381,0.5726,0.5106,1.2493,0.6000,5,2.1966,2.5896,2.0141,0,NVDA
S10-08,val,all,S,47,47,314,0.1497,6.6877,0.7684,4.5694,0.5253,0.5726,0.5106,1.2424,0.6000,5,2.1476,2.6097,2.1182,0,NVDA
S10-08,pre,all,A,158,158,757,0.2087,0.6663,0.4481,0.2056,0.1382,1.3783,0.5063,1.0291,0.5000,12,0.3248,2.1325,0.4607,0,QQQ
S10-08,pre,all,B,158,158,757,0.2087,0.6663,0.4481,-0.0775,-0.0521,1.1361,0.5063,0.9892,0.5000,12,-0.1225,2.2419,0.7438,0,QQQ
S10-08,pre,all,S,158,158,757,0.2087,0.6663,0.4481,-0.1783,-0.1193,1.1361,0.5063,0.9756,0.5000,12,-0.2817,2.2978,0.8446,0,QQQ
S10-08,dev,all,A,156,156,689,0.2264,-0.1887,-0.1113,-0.8169,-0.4822,-6.0444,0.4615,0.9114,0.2727,11,-1.2743,4.0046,0.6282,0,QQQ
S10-08,dev,all,B,156,156,689,0.2264,-0.1887,-0.1113,-1.0205,-0.6025,-6.2405,0.4615,0.8906,0.2727,11,-1.5920,4.1789,0.8319,0,QQQ
S10-08,dev,all,S,156,156,689,0.2264,-0.1887,-0.1113,-1.0932,-0.6435,-6.3169,0.4615,0.8837,0.2727,11,-1.7054,4.2523,0.9045,0,QQQ
S10-08,val,all,A,65,65,314,0.2070,-0.3833,-0.1930,-0.7594,-0.3828,1.4681,0.5077,0.8934,0.6000,5,-0.4936,1.4104,0.3760,0,QQQ
S10-08,val,all,B,65,65,314,0.2070,-0.3833,-0.1930,-0.8902,-0.4488,1.3320,0.5077,0.8761,0.6000,5,-0.5786,1.4403,0.5069,0,QQQ
S10-08,val,all,S,65,65,314,0.2070,-0.3833,-0.1930,-0.9366,-0.4710,1.3320,0.5077,0.8705,0.6000,5,-0.6088,1.4555,0.5532,0,QQQ
S10-08,pre,all,A,163,163,757,0.2153,2.6001,0.6223,0.9497,0.2265,-1.9629,0.4969,1.0472,0.5833,12,1.5480,7.1585,1.6504,0,TQQQ
S10-08,pre,all,B,163,163,757,0.2153,2.6001,0.6223,0.1331,0.0317,-3.1038,0.4847,1.0065,0.5833,12,0.2170,7.3365,2.4669,0,TQQQ
S10-08,pre,all,S,163,163,757,0.2153,2.6001,0.6223,-0.1661,-0.0394,-3.1038,0.4847,0.9920,0.5833,12,-0.2708,7.4521,2.7662,0,TQQQ
S10-08,dev,all,A,154,154,689,0.2235,-0.6661,-0.1257,-3.7947,-0.7157,-19.9716,0.4416,0.8698,0.2727,11,-5.8438,12.7721,3.1286,0,TQQQ
S10-08,dev,all,B,154,154,689,0.2235,-0.6661,-0.1257,-5.8545,-1.1039,-22.0619,0.4416,0.8068,0.1818,11,-9.0159,15.1333,5.1884,0,TQQQ
S10-08,dev,all,S,154,154,689,0.2235,-0.6661,-0.1257,-6.6064,-1.2330,-22.0619,0.4416,0.7872,0.1818,11,-10.1739,16.1882,5.9403,0,TQQQ
S10-08,val,all,A,67,67,314,0.2134,-1.8021,-0.3156,-3.2253,-0.5652,-6.3142,0.4627,0.8463,0.4000,5,-2.1609,4.3099,1.4232,0,TQQQ
S10-08,val,all,B,67,67,314,0.2134,-1.8021,-0.3156,-4.1138,-0.7211,-7.1563,0.4627,0.8083,0.4000,5,-2.7562,4.5182,2.3117,0,TQQQ
S10-08,val,all,S,67,67,314,0.2134,-1.8021,-0.3156,-4.4332,-0.7724,-7.1563,0.4627,0.7964,0.4000,5,-2.9703,4.6293,2.6311,0,TQQQ
S10-09,pre,all,A,331,331,757,0.4373,0.8318,0.4109,-3.7983,-1.8749,-18.4053,0.3837,0.7805,0.2500,12,-12.5723,14.6036,4.6301,0,SOXX
S10-09,pre,all,B,331,331,757,0.4373,0.8318,0.4109,-4.0459,-1.9972,-18.7458,0.3837,0.7683,0.2500,12,-13.3919,15.2344,4.8777,0,SOXX
S10-09,pre,all,S,331,331,757,0.4373,0.8318,0.4109,-4.5379,-2.2342,-19.2093,0.3837,0.7453,0.2500,12,-15.0206,16.5028,5.3697,0,SOXX
S10-09,dev,all,A,285,285,689,0.4136,2.2029,0.8751,-2.0863,-0.8282,-21.9885,0.3754,0.8938,0.3636,11,-5.9459,13.2665,4.2892,0,SOXX
S10-09,dev,all,B,285,285,689,0.4136,2.2029,0.8751,-2.2756,-0.9034,-22.2675,0.3754,0.8849,0.3636,11,-6.4854,13.5059,4.4785,0,SOXX
S10-09,dev,all,S,285,285,689,0.4136,2.2029,0.8751,-2.6672,-1.0567,-22.7139,0.3754,0.8670,0.3636,11,-7.6015,14.0328,4.8701,0,SOXX
S10-09,val,all,A,122,122,314,0.3885,-0.1811,-0.0480,-2.9015,-0.7691,-18.6680,0.3689,0.8518,0.2000,5,-3.5399,5.4982,2.7204,0,SOXX
S10-09,val,all,B,122,122,314,0.3885,-0.1811,-0.0480,-3.2019,-0.8487,-18.9790,0.3689,0.8380,0.2000,5,-3.9063,5.7960,3.0207,0,SOXX
S10-09,val,all,S,122,122,314,0.3885,-0.1811,-0.0480,-3.8577,-1.0185,-19.8676,0.3689,0.8096,0.2000,5,-4.7064,6.4537,3.6766,0,SOXX
S10-09,pre,all,A,308,308,757,0.4069,0.5275,0.2687,-1.5892,-0.8066,-16.0242,0.4123,0.8992,0.5833,12,-4.8947,7.0188,2.1167,0,SMH
S10-09,pre,all,B,308,308,757,0.4069,0.5275,0.2687,-2.0294,-1.0300,-16.3492,0.4123,0.8733,0.5833,12,-6.2505,8.2768,2.5569,0,SMH
S10-09,pre,all,S,308,308,757,0.4069,0.5275,0.2687,-2.9670,-1.4952,-17.5263,0.4123,0.8224,0.4167,12,-9.1384,10.9837,3.4945,0,SMH
S10-09,dev,all,A,275,275,689,0.3991,2.2084,0.8687,0.2602,0.1023,-19.6428,0.4036,1.0142,0.4545,11,0.7156,6.3103,1.9482,0,SMH
S10-09,dev,all,B,275,275,689,0.3991,2.2084,0.8687,-0.0826,-0.0325,-20.0044,0.4036,0.9956,0.4545,11,-0.2272,6.5743,2.2910,0,SMH
S10-09,dev,all,S,275,275,689,0.3991,2.2084,0.8687,-0.8283,-0.3243,-20.9317,0.4036,0.9567,0.4545,11,-2.2779,8.1728,3.0367,0,SMH
S10-09,val,all,A,123,123,314,0.3917,5.5634,1.1693,2.9726,0.6265,-14.0584,0.4146,1.1784,0.6000,5,3.6563,4.2559,2.5908,0,SMH
S10-09,val,all,B,123,123,314,0.3917,5.5634,1.1693,2.7109,0.5715,-14.2982,0.4146,1.1613,0.4000,5,3.3344,4.3488,2.8524,0,SMH
S10-09,val,all,S,123,123,314,0.3917,5.5634,1.1693,2.1453,0.4514,-14.9834,0.4146,1.1246,0.4000,5,2.6387,4.5741,3.4181,0,SMH
S10-09,pre,all,A,274,274,757,0.3620,-2.6677,-0.7723,-8.5801,-2.4895,-29.2149,0.3686,0.7013,0.1667,12,-23.5094,31.1924,5.9124,0,NVDA
S10-09,pre,all,B,274,274,757,0.3620,-2.6677,-0.7723,-8.8380,-2.5642,-29.4513,0.3686,0.6940,0.1667,12,-24.2160,31.8420,6.1702,0,NVDA
S10-09,pre,all,S,274,274,757,0.3620,-2.6677,-0.7723,-9.4010,-2.7205,-30.3160,0.3650,0.6793,0.1667,12,-25.7587,33.2783,6.7333,0,NVDA
S10-09,dev,all,A,252,252,689,0.3657,0.8516,0.1944,-1.8648,-0.4257,-33.3258,0.3929,0.9397,0.5455,11,-4.6992,14.8289,2.7164,0,NVDA
S10-09,dev,all,B,252,252,689,0.3657,0.8516,0.1944,-2.1664,-0.4946,-33.5999,0.3929,0.9304,0.5455,11,-5.4593,15.3454,3.0179,0,NVDA
S10-09,dev,all,S,252,252,689,0.3657,0.8516,0.1944,-2.8256,-0.6435,-34.5531,0.3929,0.9106,0.4545,11,-7.1204,16.5635,3.6771,0,NVDA
S10-09,val,all,A,109,109,314,0.3471,8.5811,1.1111,7.1628,0.9278,-21.9644,0.4128,1.3045,0.6000,5,7.8074,6.0609,1.4183,0,NVDA
S10-09,val,all,B,109,109,314,0.3471,8.5811,1.1111,6.6709,0.8643,-22.4534,0.4128,1.2802,0.6000,5,7.2713,6.2920,1.9102,0,NVDA
S10-09,val,all,S,109,109,314,0.3471,8.5811,1.1111,5.6451,0.7297,-23.1526,0.4128,1.2300,0.6000,5,6.1532,6.8151,2.9359,0,NVDA
S10-09,pre,all,A,316,316,757,0.4174,-1.2861,-0.9497,-1.7436,-1.2877,-9.2774,0.3766,0.8310,0.3333,12,-5.5097,6.6737,0.4575,0,QQQ
S10-09,pre,all,B,316,316,757,0.4174,-1.2861,-0.9497,-2.0244,-1.4952,-9.5220,0.3766,0.8070,0.3333,12,-6.3972,7.3240,0.7383,0,QQQ
S10-09,pre,all,S,316,316,757,0.4174,-1.2861,-0.9497,-2.6443,-1.9412,-10.3577,0.3703,0.7586,0.2500,12,-8.3560,8.7995,1.3582,0,QQQ
S10-09,dev,all,A,285,285,689,0.4136,0.5178,0.3303,-0.0942,-0.0601,-10.5837,0.3825,0.9916,0.5455,11,-0.2685,3.8806,0.6120,0,QQQ
S10-09,dev,all,B,285,285,689,0.4136,0.5178,0.3303,-0.2962,-0.1890,-10.7479,0.3825,0.9738,0.4545,11,-0.8442,4.0662,0.8140,0,QQQ
S10-09,dev,all,S,285,285,689,0.4136,0.5178,0.3303,-0.7400,-0.4699,-11.1866,0.3789,0.9364,0.2727,11,-2.1089,5.0824,1.2577,0,QQQ
S10-09,val,all,A,126,126,314,0.4013,-0.4689,-0.2544,-0.8269,-0.4492,-9.1313,0.3651,0.9093,0.6000,5,-1.0419,3.4286,0.3580,0,QQQ
S10-09,val,all,B,126,126,314,0.4013,-0.4689,-0.2544,-0.9571,-0.5200,-9.2586,0.3651,0.8959,0.6000,5,-1.2059,3.4911,0.4882,0,QQQ
S10-09,val,all,S,126,126,314,0.4013,-0.4689,-0.2544,-1.2495,-0.6765,-9.6224,0.3651,0.8674,0.6000,5,-1.5744,3.6456,0.7806,0,QQQ
S10-09,pre,all,A,319,319,757,0.4214,-2.7677,-0.6842,-4.4024,-1.0881,-26.6092,0.3856,0.8538,0.2500,12,-14.0436,15.1234,1.6347,0,TQQQ
S10-09,pre,all,B,319,319,757,0.4214,-2.7677,-0.6842,-5.2097,-1.2874,-27.2862,0.3856,0.8298,0.1667,12,-16.6188,17.0862,2.4419,0,TQQQ
S10-09,pre,all,S,319,319,757,0.4214,-2.7677,-0.6842,-6.9995,-1.7187,-29.9752,0.3856,0.7809,0.1667,12,-22.3285,22.7738,4.2318,0,TQQQ
S10-09,dev,all,A,286,286,689,0.4151,-1.9172,-0.3855,-4.9468,-0.9933,-37.4603,0.3671,0.8700,0.3636,11,-14.1479,26.8664,3.0296,0,TQQQ
S10-09,dev,all,B,286,286,689,0.4151,-1.9172,-0.3855,-6.9375,-1.3914,-39.1416,0.3566,0.8237,0.1818,11,-19.8411,31.8579,5.0203,0,TQQQ
S10-09,dev,all,S,286,286,689,0.4151,-1.9172,-0.3855,-11.4126,-2.2507,-43.7023,0.3427,0.7338,0.1818,11,-32.6400,43.2358,9.4954,0,TQQQ
S10-09,val,all,A,119,119,314,0.3790,0.8256,0.1448,-0.6001,-0.1053,-25.2707,0.3950,0.9772,0.4000,5,-0.7141,8.2496,1.4257,0,TQQQ
S10-09,val,all,B,119,119,314,0.3790,0.8256,0.1448,-1.4868,-0.2610,-26.0854,0.3950,0.9445,0.4000,5,-1.7693,8.5330,2.3124,0,TQQQ
S10-09,val,all,S,119,119,314,0.3790,0.8256,0.1448,-3.4240,-0.5964,-28.4133,0.3950,0.8786,0.4000,5,-4.0746,9.2289,4.2496,0,TQQQ
S10-10,pre,all,A,331,331,757,0.4373,0.0272,0.0205,-4.7136,-3.5444,-3.6602,0.4622,0.6197,0.1667,12,-15.6021,16.3821,4.7408,0,SOXX
S10-10,pre,all,B,331,331,757,0.4373,0.0272,0.0205,-4.9612,-3.7300,-3.8156,0.4592,0.6040,0.1667,12,-16.4217,17.1842,4.9884,0,SOXX
S10-10,pre,all,S,331,331,757,0.4373,0.0272,0.0205,-5.3951,-4.0433,-4.0376,0.4562,0.5787,0.0833,12,-17.8579,18.5935,5.4223,0,SOXX
S10-10,dev,all,A,285,285,689,0.4136,0.2108,0.1236,-4.1608,-2.4338,-9.9695,0.4421,0.7107,0.2727,11,-11.8582,14.1754,4.3716,0,SOXX
S10-10,dev,all,B,285,285,689,0.4136,0.2108,0.1236,-4.3501,-2.5445,-10.0788,0.4386,0.6997,0.2727,11,-12.3977,14.6447,4.5609,0,SOXX
S10-10,dev,all,S,285,285,689,0.4136,0.2108,0.1236,-4.6909,-2.7381,-10.2352,0.4386,0.6811,0.2727,11,-13.3691,15.4932,4.9017,0,SOXX
S10-10,val,all,A,122,122,314,0.3885,0.6049,0.2182,-2.1486,-0.7757,-8.8408,0.4590,0.8395,0.2000,5,-2.6213,7.0880,2.7535,0,SOXX
S10-10,val,all,B,122,122,314,0.3885,0.6049,0.2182,-2.4490,-0.8842,-9.1271,0.4508,0.8192,0.2000,5,-2.9877,7.3858,3.0539,0,SOXX
S10-10,val,all,S,122,122,314,0.3885,0.6049,0.2182,-2.9978,-1.0789,-9.6326,0.4508,0.7843,0.2000,5,-3.6573,7.9441,3.6027,0,SOXX
S10-10,pre,all,A,308,308,757,0.4069,0.6642,0.4813,-1.5277,-1.1028,1.2316,0.5162,0.8612,0.4167,12,-4.7055,8.7387,2.1920,0,SMH
S10-10,pre,all,B,308,308,757,0.4069,0.6642,0.4813,-1.9680,-1.4195,0.9885,0.5130,0.8247,0.4167,12,-6.0614,9.4984,2.6322,0,SMH
S10-10,pre,all,S,308,308,757,0.4069,0.6642,0.4813,-2.7701,-1.9828,0.4971,0.5097,0.7636,0.4167,12,-8.5319,10.9381,3.4343,0,SMH
S10-10,dev,all,A,275,275,689,0.3991,0.5780,0.3263,-1.4014,-0.7909,-2.2040,0.4945,0.8946,0.4545,11,-3.8538,6.7903,1.9794,0,SMH
S10-10,dev,all,B,275,275,689,0.3991,0.5780,0.3263,-1.7443,-0.9845,-2.5025,0.4945,0.8705,0.3636,11,-4.7967,7.2603,2.3223,0,SMH
S10-10,dev,all,S,275,275,689,0.3991,0.5780,0.3263,-2.3819,-1.3387,-3.1427,0.4945,0.8282,0.3636,11,-6.5503,8.8825,2.9600,0,SMH
S10-10,val,all,A,123,123,314,0.3917,6.4012,1.8358,3.7556,1.0808,3.1867,0.5610,1.3548,0.6000,5,4.6194,2.4113,2.6456,0,SMH
S10-10,val,all,B,123,123,314,0.3917,6.4012,1.8358,3.4939,1.0059,2.9576,0.5610,1.3266,0.6000,5,4.2975,2.4590,2.9073,0,SMH
S10-10,val,all,S,123,123,314,0.3917,6.4012,1.8358,3.0166,0.8672,2.6220,0.5610,1.2752,0.6000,5,3.7105,2.5512,3.3846,0,SMH
S10-10,pre,all,A,274,274,757,0.3620,-0.6162,-0.2513,-6.6898,-2.7289,-10.5933,0.4672,0.6686,0.0833,12,-18.3300,21.4560,6.0735,0,NVDA
S10-10,pre,all,B,274,274,757,0.3620,-0.6162,-0.2513,-6.9477,-2.8341,-10.8319,0.4672,0.6581,0.0833,12,-19.0366,22.1301,6.3314,0,NVDA
S10-10,pre,all,S,274,274,757,0.3620,-0.6162,-0.2513,-7.4212,-3.0201,-11.1727,0.4562,0.6400,0.0833,12,-20.3342,23.3781,6.8050,0,NVDA
S10-10,dev,all,A,252,252,689,0.3657,-0.4018,-0.1290,-3.1654,-1.0172,-8.3246,0.4603,0.8618,0.3636,11,-7.9767,10.3635,2.7636,0,NVDA
S10-10,dev,all,B,252,252,689,0.3657,-0.4018,-0.1290,-3.4669,-1.1142,-8.7077,0.4603,0.8497,0.3636,11,-8.7366,10.9436,3.0651,0,NVDA
S10-10,dev,all,S,252,252,689,0.3657,-0.4018,-0.1290,-4.0312,-1.2923,-9.2550,0.4603,0.8280,0.3636,11,-10.1585,12.0949,3.6294,0,NVDA
S10-10,val,all,A,109,109,314,0.3471,6.0765,1.2928,4.6302,0.9868,6.3494,0.5413,1.2913,0.8000,5,5.0469,3.0272,1.4463,0,NVDA
S10-10,val,all,B,109,109,314,0.3471,6.0765,1.2928,4.1383,0.8823,5.9044,0.5413,1.2568,0.8000,5,4.5107,3.2544,1.9382,0,NVDA
S10-10,val,all,S,109,109,314,0.3471,6.0765,1.2928,3.2724,0.6959,5.2684,0.5413,1.1972,0.6000,5,3.5670,3.6750,2.8040,0,NVDA
S10-10,pre,all,A,316,316,757,0.4174,-0.4657,-0.4622,-0.9232,-0.9165,-3.4418,0.4652,0.8716,0.3333,12,-2.9172,4.3835,0.4575,0,QQQ
S10-10,pre,all,B,316,316,757,0.4174,-0.4657,-0.4622,-1.2040,-1.1955,-3.6815,0.4620,0.8359,0.3333,12,-3.8048,4.8675,0.7384,0,QQQ
S10-10,pre,all,S,316,316,757,0.4174,-0.4657,-0.4622,-1.7313,-1.7098,-4.1296,0.4589,0.7745,0.2500,12,-5.4708,5.7997,1.2656,0,QQQ
S10-10,dev,all,A,285,285,689,0.4136,1.0757,1.0241,0.4637,0.4418,1.2203,0.5053,1.0648,0.5455,11,1.3216,2.3754,0.6120,0,QQQ
S10-10,dev,all,B,285,285,689,0.4136,1.0757,1.0241,0.2618,0.2494,1.0281,0.5053,1.0361,0.4545,11,0.7460,2.7211,0.8139,0,QQQ
S10-10,dev,all,S,285,285,689,0.4136,1.0757,1.0241,-0.1085,-0.1030,0.7535,0.5018,0.9855,0.3636,11,-0.3093,3.4022,1.1842,0,QQQ
S10-10,val,all,A,126,126,314,0.4013,0.4151,0.3253,0.0570,0.0448,0.9878,0.5079,1.0099,0.6000,5,0.0719,2.0461,0.3580,0,QQQ
S10-10,val,all,B,126,126,314,0.4013,0.4151,0.3253,-0.0731,-0.0574,0.8518,0.5079,0.9874,0.4000,5,-0.0921,2.0774,0.4882,0,QQQ
S10-10,val,all,S,126,126,314,0.4013,0.4151,0.3253,-0.3077,-0.2410,0.6575,0.5079,0.9482,0.4000,5,-0.3878,2.1403,0.7228,0,QQQ
S10-10,pre,all,A,319,319,757,0.4214,-2.7085,-0.9233,-4.3533,-1.4813,-14.3301,0.4577,0.8043,0.2500,12,-13.8870,14.4537,1.6448,0,TQQQ
S10-10,pre,all,B,319,319,757,0.4214,-2.7085,-0.9233,-5.1608,-1.7548,-15.2778,0.4577,0.7725,0.2500,12,-16.4629,16.9865,2.4523,0,TQQQ
S10-10,pre,all,S,319,319,757,0.4214,-2.7085,-0.9233,-6.6909,-2.2596,-17.1197,0.4545,0.7177,0.2500,12,-21.3439,21.7880,3.9824,0,TQQQ
S10-10,dev,all,A,286,286,689,0.4151,-0.6836,-0.2091,-3.7129,-1.1333,-16.9407,0.4685,0.8522,0.2727,11,-10.6189,15.9256,3.0293,0,TQQQ
S10-10,dev,all,B,286,286,689,0.4151,-0.6836,-0.2091,-5.7033,-1.7379,-18.6319,0.4650,0.7825,0.1818,11,-16.3115,20.7807,5.0197,0,TQQQ
S10-10,dev,all,S,286,286,689,0.4151,-0.6836,-0.2091,-9.3964,-2.8152,-21.6409,0.4545,0.6722,0.0909,11,-26.8736,30.0900,8.7127,0,TQQQ
S10-10,val,all,A,119,119,314,0.3790,1.4567,0.3687,0.0312,0.0079,-5.3287,0.4874,1.0018,0.8000,5,0.0371,5.1254,1.4255,0,TQQQ
S10-10,val,all,B,119,119,314,0.3790,1.4567,0.3687,-0.8554,-0.2168,-6.2090,0.4874,0.9517,0.8000,5,-1.0179,5.3166,2.3121,0,TQQQ
S10-10,val,all,S,119,119,314,0.3790,1.4567,0.3687,-2.4333,-0.6130,-7.4924,0.4706,0.8695,0.4000,5,-2.8956,5.6910,3.8900,0,TQQQ
S10-11,pre,all,A,269,269,757,0.3554,0.8427,0.3746,-3.6492,-1.6203,-14.9520,0.4126,0.7869,0.5000,12,-9.8164,11.8946,4.4919,0,SOXX
S10-11,pre,all,B,269,269,757,0.3554,0.8427,0.3746,-3.8967,-1.7302,-15.2680,0.4089,0.7744,0.5000,12,-10.4821,12.4080,4.7394,0,SOXX
S10-11,pre,all,S,269,269,757,0.3554,0.8427,0.3746,-4.0093,-1.7759,-15.4229,0.4089,0.7693,0.5000,12,-10.7849,12.6551,4.8520,0,SOXX
S10-11,dev,all,A,210,210,689,0.3048,-3.1208,-1.0055,-7.3683,-2.3668,-22.6679,0.3524,0.6872,0.0909,11,-15.4735,17.0852,4.2475,0,SOXX
S10-11,dev,all,B,210,210,689,0.3048,-3.1208,-1.0055,-7.5544,-2.4264,-22.8183,0.3524,0.6810,0.0909,11,-15.8642,17.4241,4.4336,0,SOXX
S10-11,dev,all,S,210,210,689,0.3048,-3.1208,-1.0055,-7.6724,-2.4596,-22.8360,0.3524,0.6776,0.0909,11,-16.1121,17.6434,4.5517,0,SOXX
S10-11,val,all,A,97,97,314,0.3089,-6.1844,-1.3774,-8.8327,-1.9696,-23.9179,0.3196,0.6230,0.2000,5,-8.5677,8.5677,2.6483,0,SOXX
S10-11,val,all,B,97,97,314,0.3089,-6.1844,-1.3774,-9.1310,-2.0365,-24.1705,0.3196,0.6136,0.2000,5,-8.8571,8.8571,2.9466,0,SOXX
S10-11,val,all,S,97,97,314,0.3089,-6.1844,-1.3774,-9.3592,-2.0803,-24.5230,0.3196,0.6077,0.2000,5,-9.0784,9.0784,3.1747,0,SOXX
S10-11,pre,all,A,230,230,757,0.3038,0.6156,0.2330,-1.3899,-0.5248,-11.9226,0.4522,0.9203,0.4167,12,-3.1968,9.3575,2.0055,0,SMH
S10-11,pre,all,B,230,230,757,0.3038,0.6156,0.2330,-1.8161,-0.6857,-12.4978,0.4522,0.8973,0.4167,12,-4.1769,9.7432,2.4317,0,SMH
S10-11,pre,all,S,230,230,757,0.3038,0.6156,0.2330,-2.0834,-0.7824,-12.9328,0.4522,0.8839,0.4167,12,-4.7917,10.1576,2.6990,0,SMH
S10-11,dev,all,A,187,187,689,0.2714,0.4672,0.1420,-1.4231,-0.4326,-22.0849,0.4171,0.9288,0.2727,11,-2.6613,9.5273,1.8903,0,SMH
S10-11,dev,all,B,187,187,689,0.2714,0.4672,0.1420,-1.7714,-0.5385,-22.3438,0.4171,0.9123,0.1818,11,-3.3126,9.9349,2.2386,0,SMH
S10-11,dev,all,S,187,187,689,0.2714,0.4672,0.1420,-2.0116,-0.6090,-22.7133,0.4171,0.9016,0.1818,11,-3.7618,10.2409,2.4788,0,SMH
S10-11,val,all,A,95,95,314,0.3025,-3.5015,-0.6111,-6.0967,-1.0635,-16.8049,0.3789,0.7249,0.2000,5,-5.7919,6.3735,2.5952,0,SMH
S10-11,val,all,B,95,95,314,0.3025,-3.5015,-0.6111,-6.3622,-1.1098,-17.0448,0.3789,0.7150,0.2000,5,-6.0441,6.5712,2.8607,0,SMH
S10-11,val,all,S,95,95,314,0.3025,-3.5015,-0.6111,-6.5513,-1.1400,-17.3872,0.3789,0.7090,0.2000,5,-6.2237,6.7480,3.0498,0,SMH
S10-11,pre,all,A,198,198,757,0.2616,-6.0745,-1.4548,-11.7890,-2.8384,-29.7672,0.3737,0.6183,0.1667,12,-23.3423,27.5817,5.7145,0,NVDA
S10-11,pre,all,B,198,198,757,0.2616,-6.0745,-1.4548,-12.0388,-2.8987,-30.1106,0.3687,0.6122,0.1667,12,-23.8369,28.0270,5.9643,0,NVDA
S10-11,pre,all,S,198,198,757,0.2616,-6.0745,-1.4548,-12.2029,-2.9318,-30.6017,0.3687,0.6089,0.1667,12,-24.1618,28.3381,6.1284,0,NVDA
S10-11,dev,all,A,175,175,689,0.2540,-0.6018,-0.1005,-3.2175,-0.5377,-34.8150,0.3829,0.9079,0.2727,11,-5.6306,19.2938,2.6157,0,NVDA
S10-11,dev,all,B,175,175,689,0.2540,-0.6018,-0.1005,-3.5129,-0.5872,-34.9647,0.3829,0.8999,0.2727,11,-6.1476,19.5535,2.9111,0,NVDA
S10-11,dev,all,S,175,175,689,0.2540,-0.6018,-0.1005,-3.7087,-0.6186,-35.1783,0.3829,0.8949,0.2727,11,-6.4903,19.8596,3.1069,0,NVDA
S10-11,val,all,A,74,74,314,0.2357,-2.0685,-0.2189,-3.4639,-0.3669,-18.9604,0.4189,0.8858,0.4000,5,-2.5633,9.3697,1.3954,0,NVDA
S10-11,val,all,B,74,74,314,0.2357,-2.0685,-0.2189,-3.9611,-0.4195,-19.4132,0.4189,0.8707,0.4000,5,-2.9312,9.5909,1.8926,0,NVDA
S10-11,val,all,S,74,74,314,0.2357,-2.0685,-0.2189,-4.2315,-0.4468,-19.4132,0.4189,0.8631,0.4000,5,-3.1313,9.7420,2.1629,0,NVDA
S10-11,pre,all,A,204,204,757,0.2695,1.4315,0.7240,0.9687,0.4899,-6.1491,0.4510,1.0975,0.5833,12,1.9761,2.5047,0.4628,0,QQQ
S10-11,pre,all,B,204,204,757,0.2695,1.4315,0.7240,0.6841,0.3460,-6.5043,0.4510,1.0678,0.5000,12,1.3956,2.5353,0.7474,0,QQQ
S10-11,pre,all,S,204,204,757,0.2695,1.4315,0.7240,0.5064,0.2549,-6.7537,0.4510,1.0493,0.5000,12,1.0330,2.5694,0.9251,0,QQQ
S10-11,dev,all,A,200,200,689,0.2903,-0.6683,-0.3031,-1.2945,-0.5870,-11.0854,0.4300,0.9034,0.4545,11,-2.5891,4.3804,0.6262,0,QQQ
S10-11,dev,all,B,200,200,689,0.2903,-0.6683,-0.3031,-1.4984,-0.6795,-11.2495,0.4300,0.8891,0.4545,11,-2.9968,4.7256,0.8301,0,QQQ
S10-11,dev,all,S,200,200,689,0.2903,-0.6683,-0.3031,-1.6393,-0.7407,-11.4837,0.4300,0.8799,0.3636,11,-3.2786,4.9720,0.9710,0,QQQ
S10-11,val,all,A,84,84,314,0.2675,-1.4234,-0.6040,-1.8050,-0.7661,-7.9716,0.4286,0.8213,0.4000,5,-1.5162,2.2314,0.3816,0,QQQ
S10-11,val,all,B,84,84,314,0.2675,-1.4234,-0.6040,-1.9362,-0.8218,-8.0970,0.4286,0.8097,0.4000,5,-1.6264,2.3278,0.5128,0,QQQ
S10-11,val,all,S,84,84,314,0.2675,-1.4234,-0.6040,-2.0293,-0.8583,-8.2762,0.4286,0.8024,0.4000,5,-1.7046,2.3963,0.6060,0,QQQ
S10-11,pre,all,A,211,211,757,0.2787,2.7427,0.4962,1.1417,0.2062,-19.4712,0.4502,1.0395,0.6667,12,2.4089,7.8186,1.6010,0,TQQQ
S10-11,pre,all,B,211,211,757,0.2787,2.7427,0.4962,0.3247,0.0586,-20.2797,0.4455,1.0111,0.6667,12,0.6852,8.0229,2.4179,0,TQQQ
S10-11,pre,all,S,211,211,757,0.2787,2.7427,0.4962,-0.2182,-0.0392,-20.2797,0.4455,0.9927,0.6667,12,-0.4605,8.2231,2.9609,0,TQQQ
S10-11,dev,all,A,202,202,689,0.2932,-2.3861,-0.3554,-5.5244,-0.8221,-35.7471,0.4109,0.8672,0.5455,11,-11.1594,18.0188,3.1384,0,TQQQ
S10-11,dev,all,B,202,202,689,0.2932,-2.3861,-0.3554,-7.5902,-1.1289,-37.2253,0.3960,0.8229,0.5455,11,-15.3322,21.7751,5.2041,0,TQQQ
S10-11,dev,all,S,202,202,689,0.2932,-2.3861,-0.3554,-9.0849,-1.3346,-39.5333,0.3960,0.7951,0.3636,11,-18.3516,24.5848,6.6989,0,TQQQ
S10-11,val,all,A,81,81,314,0.2580,-5.3536,-0.7540,-6.7949,-0.9571,-25.1699,0.4198,0.7803,0.4000,5,-5.5039,8.5178,1.4413,0,TQQQ
S10-11,val,all,B,81,81,314,0.2580,-5.3536,-0.7540,-7.6929,-1.0836,-25.9362,0.4198,0.7554,0.4000,5,-6.2312,9.0890,2.3392,0,TQQQ
S10-11,val,all,S,81,81,314,0.2580,-5.3536,-0.7540,-8.3565,-1.1674,-27.5515,0.4198,0.7398,0.4000,5,-6.7688,9.5317,3.0029,0,TQQQ
S10-12,pre,all,A,269,269,757,0.3554,0.1034,0.0689,-4.4896,-2.9850,-5.0578,0.4572,0.6429,0.2500,12,-12.0771,12.8444,4.5930,0,SOXX
S10-12,pre,all,B,269,269,757,0.3554,0.1034,0.0689,-4.7371,-3.1496,-5.1870,0.4535,0.6272,0.2500,12,-12.7428,13.4859,4.8405,0,SOXX
S10-12,pre,all,S,269,269,757,0.3554,0.1034,0.0689,-4.8003,-3.1843,-5.1870,0.4535,0.6241,0.2500,12,-12.9128,13.6530,4.9037,0,SOXX
S10-12,dev,all,A,210,210,689,0.3048,-4.3561,-2.1251,-8.6860,-4.2237,-16.0594,0.4048,0.5045,0.0000,11,-18.2405,18.3621,4.3299,0,SOXX
S10-12,dev,all,B,210,210,689,0.3048,-4.3561,-2.1251,-8.8720,-4.3139,-16.1997,0.4048,0.4971,0.0000,11,-18.6313,18.7516,4.5160,0,SOXX
S10-12,dev,all,S,210,210,689,0.3048,-4.3561,-2.1251,-8.9400,-4.3393,-16.2999,0.4048,0.4952,0.0000,11,-18.7739,18.8942,4.5839,0,SOXX
S10-12,val,all,A,97,97,314,0.3089,-1.1576,-0.3425,-3.8495,-1.1427,-17.7627,0.4124,0.7559,0.2000,5,-3.7340,6.6983,2.6918,0,SOXX
S10-12,val,all,B,97,97,314,0.3089,-1.1576,-0.3425,-4.1478,-1.2316,-18.0944,0.4021,0.7398,0.2000,5,-4.0234,6.9295,2.9902,0,SOXX
S10-12,val,all,S,97,97,314,0.3089,-1.1576,-0.3425,-4.2585,-1.2613,-18.3316,0.4021,0.7347,0.2000,5,-4.1307,7.0238,3.1008,0,SOXX
S10-12,pre,all,A,230,230,757,0.3038,-0.0937,-0.0493,-2.1742,-1.1415,1.9240,0.5217,0.8267,0.3333,12,-5.0007,8.1417,2.0805,0,SMH
S10-12,pre,all,B,230,230,757,0.3038,-0.0937,-0.0493,-2.6004,-1.3648,1.5075,0.5217,0.7961,0.3333,12,-5.9809,8.4691,2.5067,0,SMH
S10-12,pre,all,S,230,230,757,0.3038,-0.0937,-0.0493,-2.7376,-1.4307,1.5075,0.5217,0.7876,0.3333,12,-6.2964,8.6245,2.6438,0,SMH
S10-12,dev,all,A,187,187,689,0.2714,0.3634,0.1603,-1.5666,-0.6915,-1.6546,0.4866,0.8877,0.3636,11,-2.9296,5.7416,1.9300,0,SMH
S10-12,dev,all,B,187,187,689,0.2714,0.3634,0.1603,-1.9149,-0.8453,-2.0155,0.4813,0.8645,0.3636,11,-3.5809,6.1844,2.2783,0,SMH
S10-12,dev,all,S,187,187,689,0.2714,0.3634,0.1603,-2.0437,-0.8987,-2.0155,0.4813,0.8567,0.3636,11,-3.8216,6.3576,2.4070,0,SMH
S10-12,val,all,A,95,95,314,0.3025,6.9420,1.5202,4.2823,0.9396,0.6958,0.5053,1.3415,0.6000,5,4.0682,3.9136,2.6597,0,SMH
S10-12,val,all,B,95,95,314,0.3025,6.9420,1.5202,4.0170,0.8816,0.4210,0.5053,1.3171,0.6000,5,3.8161,3.9824,2.9251,0,SMH
S10-12,val,all,S,95,95,314,0.3025,6.9420,1.5202,3.9138,0.8574,0.4210,0.5053,1.3065,0.6000,5,3.7181,4.0300,3.0283,0,SMH
S10-12,pre,all,A,198,198,757,0.2616,-2.0155,-0.6515,-7.9031,-2.5590,-18.8829,0.4242,0.6404,0.1667,12,-15.6481,16.3612,5.8876,0,NVDA
S10-12,pre,all,B,198,198,757,0.2616,-2.0155,-0.6515,-8.1529,-2.6401,-19.1629,0.4141,0.6314,0.1667,12,-16.1427,16.8412,6.1374,0,NVDA
S10-12,pre,all,S,198,198,757,0.2616,-2.0155,-0.6515,-8.2355,-2.6625,-19.1629,0.4141,0.6290,0.1667,12,-16.3062,17.0047,6.2200,0,NVDA
S10-12,dev,all,A,175,175,689,0.2540,-3.8386,-0.9428,-6.5080,-1.5987,-21.4027,0.4286,0.7542,0.1818,11,-11.3890,15.8091,2.6695,0,NVDA
S10-12,dev,all,B,175,175,689,0.2540,-3.8386,-0.9428,-6.8034,-1.6717,-21.5496,0.4286,0.7446,0.1818,11,-11.9059,16.2399,2.9648,0,NVDA
S10-12,dev,all,S,175,175,689,0.2540,-3.8386,-0.9428,-6.9099,-1.6948,-21.5496,0.4286,0.7416,0.1818,11,-12.0923,16.4081,3.0713,0,NVDA
S10-12,val,all,A,74,74,314,0.2357,3.7588,0.6325,2.3158,0.3900,-0.0878,0.5000,1.1342,0.6000,5,1.7137,2.8203,1.4429,0,NVDA
S10-12,val,all,B,74,74,314,0.2357,3.7588,0.6325,1.8191,0.3064,-0.5426,0.5000,1.1039,0.6000,5,1.3461,2.9396,1.9397,0,NVDA
S10-12,val,all,S,74,74,314,0.2357,3.7588,0.6325,1.7071,0.2870,-0.5426,0.5000,1.0969,0.6000,5,1.2633,2.9827,2.0516,0,NVDA
S10-12,pre,all,A,204,204,757,0.2695,0.6150,0.4437,0.1522,0.1098,-0.5435,0.4853,1.0210,0.5000,12,0.3105,2.3805,0.4628,0,QQQ
S10-12,pre,all,B,204,204,757,0.2695,0.6150,0.4437,-0.1324,-0.0955,-0.7385,0.4853,0.9821,0.5000,12,-0.2701,2.5151,0.7474,0,QQQ
S10-12,pre,all,S,204,204,757,0.2695,0.6150,0.4437,-0.2360,-0.1695,-0.7779,0.4853,0.9685,0.5000,12,-0.4815,2.5849,0.8511,0,QQQ
S10-12,dev,all,A,200,200,689,0.2903,-0.1876,-0.1262,-0.8142,-0.5478,-5.1808,0.4750,0.9108,0.2727,11,-1.6283,4.1826,0.6266,0,QQQ
S10-12,dev,all,B,200,200,689,0.2903,-0.1876,-0.1262,-1.0180,-0.6849,-5.3599,0.4700,0.8898,0.2727,11,-2.0360,4.4651,0.8304,0,QQQ
S10-12,dev,all,S,200,200,689,0.2903,-0.1876,-0.1262,-1.0912,-0.7319,-5.3605,0.4700,0.8828,0.2727,11,-2.1823,4.5885,0.9036,0,QQQ
S10-12,val,all,A,84,84,314,0.2675,-1.2885,-0.7893,-1.6701,-1.0242,-2.2920,0.4762,0.7633,0.4000,5,-1.4029,1.7953,0.3816,0,QQQ
S10-12,val,all,B,84,84,314,0.2675,-1.2885,-0.7893,-1.8013,-1.1047,-2.4251,0.4762,0.7471,0.2000,5,-1.5131,1.8940,0.5128,0,QQQ
S10-12,val,all,S,84,84,314,0.2675,-1.2885,-0.7893,-1.8497,-1.1311,-2.4251,0.4762,0.7421,0.2000,5,-1.5538,1.9327,0.5612,0,QQQ
S10-12,pre,all,A,211,211,757,0.2787,2.7262,0.6712,1.1147,0.2738,-3.1845,0.4834,1.0524,0.5833,12,2.3521,6.3435,1.6114,0,TQQQ
S10-12,pre,all,B,211,211,757,0.2787,2.7262,0.6712,0.2976,0.0730,-3.7003,0.4739,1.0137,0.5833,12,0.6279,6.5480,2.4286,0,TQQQ
S10-12,pre,all,S,211,211,757,0.2787,2.7262,0.6712,0.0020,0.0005,-3.7003,0.4739,1.0001,0.5833,12,0.0043,6.6678,2.7241,0,TQQQ
S10-12,dev,all,A,202,202,689,0.2932,-1.6050,-0.3553,-4.7426,-1.0484,-20.9219,0.4406,0.8365,0.2727,11,-9.5800,17.3667,3.1375,0,TQQQ
S10-12,dev,all,B,202,202,689,0.2932,-1.6050,-0.3553,-6.8077,-1.5032,-22.9499,0.4406,0.7744,0.2727,11,-13.7516,20.7495,5.2027,0,TQQQ
S10-12,dev,all,S,202,202,689,0.2932,-1.6050,-0.3553,-7.5711,-1.6548,-23.2836,0.4406,0.7553,0.1818,11,-15.2937,22.1334,5.9661,0,TQQQ
S10-12,val,all,A,81,81,314,0.2580,-3.4500,-0.6883,-4.8914,-0.9757,-6.3142,0.4691,0.7675,0.4000,5,-3.9620,5.6394,1.4413,0,TQQQ
S10-12,val,all,B,81,81,314,0.2580,-3.4500,-0.6883,-5.7893,-1.1546,-7.1563,0.4691,0.7309,0.2000,5,-4.6893,6.2108,2.3393,0,TQQQ
S10-12,val,all,S,81,81,314,0.2580,-3.4500,-0.6883,-6.1222,-1.2132,-7.1563,0.4691,0.7198,0.2000,5,-4.9590,6.4469,2.6722,0,TQQQ
