era,score,hot_flags,days,share_of_days,trend_day_rate
2011-2018,score_preopen,0,900,0.4715,0.0411
2011-2018,score_preopen,1,593,0.3106,0.1012
2011-2018,score_preopen,2,302,0.1582,0.1623
2011-2018,score_preopen,3+,114,0.0597,0.3509
2011-2018,score_0945,0,739,0.3871,0.0325
2011-2018,score_0945,1,595,0.3117,0.0857
2011-2018,score_0945,2,375,0.1964,0.1387
2011-2018,score_0945,3+,200,0.1048,0.2950
2019-2025,score_preopen,0,658,0.3739,0.1170
2019-2025,score_preopen,1,600,0.3409,0.1700
2019-2025,score_preopen,2,299,0.1699,0.3043
2019-2025,score_preopen,3+,203,0.1153,0.4335
2019-2025,score_0945,0,538,0.3057,0.1004
2019-2025,score_0945,1,595,0.3381,0.1546
2019-2025,score_0945,2,333,0.1892,0.2733
2019-2025,score_0945,3+,294,0.1670,0.4116
2026,score_preopen,0,22,0.1196,0.0909
2026,score_preopen,1,62,0.3370,0.2258
2026,score_preopen,2,57,0.3098,0.4035
2026,score_preopen,3+,43,0.2337,0.4186
2026,score_0945,0,13,0.0707,0.0769
2026,score_0945,1,59,0.3207,0.1525
2026,score_0945,2,57,0.3098,0.3860
2026,score_0945,3+,55,0.2989,0.4545
