rule,train_signals_per_year,train_trend_share,train_mean_REST,test 2011-2018 signals_per_year,test 2011-2018 trend_share,test 2011-2018 mean_REST,test 2011-2018 mean_R,train 2019-2025 signals_per_year,train 2019-2025 trend_share,train 2019-2025 mean_REST,train 2019-2025 mean_R,test 2026 signals_per_year,test 2026 trend_share,test 2026 mean_REST,test 2026 mean_R
vwap_slope & soxx_vs_spy & x_EWY,10.2928,0.7361,1.0494,2.2416,0.7059,-0.1650,-0.1279,10.2928,0.7361,1.0494,0.2910,48.0592,0.6286,-0.7421,-0.5304
x_QQQ & soxx_vs_spy & x_EWY,10.1498,0.7183,0.8551,2.6372,0.7000,-0.1764,-0.3959,10.1498,0.7183,0.8551,0.3821,30.2086,0.6364,-1.2444,-0.5832
vwap_slope & x_NVDA & semis_vs_qqq,10.0068,0.7143,0.8563,2.5053,0.5263,-0.2253,-0.0476,10.0068,0.7143,0.8563,0.1242,8.2387,0.8333,-1.5695,-0.8219
members_mean & x_QQQ & move_from_pc,10.4357,0.7123,1.8177,4.2195,0.6875,0.9467,0.2920,10.4357,0.7123,1.8177,0.4637,21.9699,0.6875,-1.4297,-0.4162
vwap_slope & soxx_vs_spy & x_NVDA,12.2941,0.7093,0.9890,3.2965,0.4800,-0.7702,-0.1828,12.2941,0.7093,0.9890,0.1315,8.2387,0.8333,-1.5695,-0.8219
members_mean & move_from_pc & x_NVDA,10.2928,0.7083,1.4325,4.2195,0.6250,0.7044,0.2538,10.2928,0.7083,1.4325,0.1189,8.2387,0.8333,-1.5145,-0.8212
members_mean & x_XLK & move_from_pc,11.1505,0.7051,1.5438,3.2965,0.6800,0.7010,0.3755,11.1505,0.7051,1.5438,0.1535,31.5818,0.6522,-0.7485,-0.5370
x_XLK & soxx_vs_spy & x_EWY,10.1498,0.7042,0.7118,2.1097,0.7500,-0.0424,-0.1355,10.1498,0.7042,0.7118,0.3438,49.4323,0.5833,-1.2388,-0.3340
ema9_21_5m & soxx_vs_spy & x_EWY,11.4364,0.7000,1.0004,2.7690,0.6667,-0.1428,-0.4251,11.4364,0.7000,1.0004,0.2291,54.9248,0.6500,-0.7435,-0.3129
breadth_1pct & move_from_pc & x_NVDA,10.0068,0.7000,1.5157,4.0876,0.6129,0.7221,0.2049,10.0068,0.7000,1.5157,0.1285,8.2387,0.8333,-1.5145,-0.8212
x_XLK & vwap_slope & soxx_vs_spy,11.8653,0.6988,1.0248,2.9009,0.6364,-0.3480,0.2191,11.8653,0.6988,1.0248,0.1184,37.0742,0.5926,-1.4779,-0.5888
soxx_vs_spy & x_EWY & range_expansion,10.8646,0.6974,1.0659,2.9009,0.5909,-0.1745,-0.2286,10.8646,0.6974,1.0659,0.4715,39.8205,0.6552,-0.5545,-0.0812
soxx_vs_spy & x_EWY & or60_size_rel,10.8646,0.6974,1.0659,2.9009,0.5909,-0.1745,-0.2286,10.8646,0.6974,1.0659,0.4715,39.8205,0.6552,-0.5545,-0.0812
x_QQQ & vwap_slope & soxx_vs_spy,11.2934,0.6962,0.9568,3.2965,0.6000,-0.5563,0.0592,11.2934,0.6962,0.9568,0.1393,24.7162,0.7222,-0.8345,-0.9142
x_SMH & move_from_pc & x_EWY,10.2928,0.6944,1.5626,3.2965,0.6000,-0.2202,-0.1544,10.2928,0.6944,1.5626,0.2230,43.9398,0.7188,0.9946,-0.4677
x_SOXX & move_from_pc & x_NVDA,10.7216,0.6933,1.2572,4.3514,0.6061,0.4570,-0.0046,10.7216,0.6933,1.2572,0.1436,9.6118,0.8571,-0.4682,0.3406
members_mean & x_SPY & move_from_pc,11.0075,0.6883,1.3263,5.0106,0.6316,0.6533,0.1256,11.0075,0.6883,1.3263,0.2408,16.4774,0.6667,-0.8591,-0.2318
x_XLK & soxx_vs_spy & macd1m,10.4357,0.6849,0.8544,2.5053,0.6316,-0.5892,0.1299,10.4357,0.6849,0.8544,0.2212,31.5818,0.6087,-1.3487,-0.5922
ema9_21_5m & soxx_vs_spy & x_NVDA,13.5807,0.6842,0.8505,4.0876,0.5161,-0.4846,-0.2538,13.5807,0.6842,0.8505,0.1285,10.9850,0.7500,-1.3720,-0.3132
abs_move & move_from_pc & x_NVDA,10.8646,0.6842,1.2707,4.0876,0.6129,0.6678,0.1451,10.8646,0.6842,1.2707,0.1988,8.2387,0.8333,-1.5145,-0.8212
