family,variant,period,trades,win_rate,mean_win,mean_loss,best_trade
BZ,S11-01,dev,1118,0.3408,81.0259,-55.9798,366.0195
BZ,S11-01,pre,717,0.3431,71.9947,-45.1456,678.1059
BZ,S11-01,val,397,0.3426,79.1681,-60.4002,852.0825
BZ,S11-04,dev,986,0.3357,95.8354,-67.4043,420.6089
BZ,S11-04,pre,645,0.3767,77.3016,-53.0608,687.0622
BZ,S11-04,val,348,0.3448,87.6858,-72.4475,881.1050
Flag,S12-01,dev,1176,0.2696,174.3584,-72.6491,797.8637
Flag,S12-01,pre,965,0.2259,154.9793,-51.9092,672.5350
Flag,S12-01,val,431,0.2784,168.8082,-71.4725,1885.9480
Flag,S12-04,dev,1035,0.3101,171.3562,-82.5638,797.5623
Flag,S12-04,pre,866,0.2621,144.9050,-63.4268,681.9333
Flag,S12-04,val,370,0.2892,171.5840,-83.8996,1864.6680
HH,S10-09,dev,217,0.3594,140.8923,-99.6924,351.2162
HH,S10-09,pre,234,0.4017,104.3057,-81.4796,386.5375
HH,S10-09,val,105,0.3714,131.4306,-91.3564,406.0119
HH,S10-11,dev,146,0.4247,139.6084,-106.5230,372.1779
HH,S10-11,pre,182,0.4121,100.3145,-87.0262,389.3160
HH,S10-11,val,83,0.3494,108.7677,-103.0319,279.1662
