variant,period,side,case,n_trades,n_days_traded,period_days,trades_per_day,mean_gross_bps,t_gross,mean_net_bps,t_net,median_net_bps,win_rate,profit_factor,quarters_positive,n_quarters,total_pct,max_dd_pct,mean_cost_bps,skipped_bearish,test
S3-01,pre,all,A,577,577,757,0.7622,6.3802,0.4660,-3.0706,-0.2244,-32.4287,0.4679,0.9758,0.5000,12,-17.7173,159.6343,9.4508,175,delay
S3-01,pre,all,B,577,577,757,0.7622,6.3802,0.4660,-4.6011,-0.3362,-34.7222,0.4662,0.9639,0.5000,12,-26.5483,162.4951,10.9813,175,delay
S3-01,pre,bull,A,398,398,757,0.5258,18.9097,1.2651,7.5712,0.5061,-6.0297,0.4874,1.0665,0.5833,12,30.1335,69.8504,11.3385,0,delay
S3-01,pre,bull,B,398,398,757,0.5258,18.9097,1.2651,6.8531,0.4582,-7.0453,0.4874,1.0600,0.5000,12,27.2752,70.4792,12.0566,0,delay
S3-01,pre,bear,A,179,179,757,0.2365,-21.4785,-0.7406,-26.7323,-0.9226,-104.5853,0.4246,0.8282,0.4444,9,-47.8508,96.3748,5.2538,175,delay
S3-01,pre,bear,B,179,179,757,0.2365,-21.4785,-0.7406,-30.0690,-1.0383,-108.1966,0.4190,0.8090,0.4444,9,-53.8235,99.9827,8.5904,175,delay
S3-01,dev,all,A,577,577,689,0.8374,37.0618,2.2903,31.8087,1.9664,-40.9922,0.4662,1.2321,0.8182,11,183.5360,55.5758,5.2531,109,delay
S3-01,dev,all,B,577,577,689,0.8374,37.0618,2.2903,28.6076,1.7689,-45.0648,0.4645,1.2062,0.8182,11,165.0656,56.0504,8.4542,109,delay
S3-01,dev,bull,A,329,329,689,0.4775,54.2140,2.5181,49.1322,2.2834,-22.0370,0.4894,1.3781,0.8182,11,161.6449,35.5386,5.0818,0,delay
S3-01,dev,bull,B,329,329,689,0.4775,54.2140,2.5181,45.7266,2.1259,-29.6168,0.4863,1.3472,0.8182,11,150.4406,35.8902,8.4874,0,delay
S3-01,dev,bear,A,248,248,689,0.3599,14.3074,0.5839,8.8270,0.3603,-67.9214,0.4355,1.0603,0.6000,10,21.8911,77.1629,5.4804,109,delay
S3-01,dev,bear,B,248,248,689,0.3599,14.3074,0.5839,5.8972,0.2407,-69.5270,0.4355,1.0398,0.6000,10,14.6250,80.5963,8.4102,109,delay
S3-01,val,all,A,247,247,314,0.7866,52.0484,1.8452,47.4352,1.6827,-27.0430,0.4777,1.4064,1.0000,5,117.1651,23.3983,4.6132,61,delay
S3-01,val,all,B,247,247,314,0.7866,52.0484,1.8452,44.3771,1.5748,-29.7158,0.4737,1.3750,1.0000,5,109.6115,24.2034,7.6713,61,delay
S3-01,val,bull,A,166,166,314,0.5287,47.1043,1.3107,42.8130,1.1925,-21.3561,0.4880,1.3797,0.6000,5,71.0696,20.9867,4.2913,0,delay
S3-01,val,bull,B,166,166,314,0.5287,47.1043,1.3107,39.9503,1.1135,-23.0476,0.4880,1.3498,0.6000,5,66.3174,21.2225,7.1540,0,delay
S3-01,val,bear,A,81,81,314,0.2580,62.1809,1.3905,56.9079,1.2719,-27.0430,0.4568,1.4559,0.6667,3,46.0954,18.2765,5.2730,61,delay
S3-01,val,bear,B,81,81,314,0.2580,62.1809,1.3905,53.4495,1.1941,-29.7158,0.4444,1.4215,0.6667,3,43.2941,18.9887,8.7314,61,delay
S3-01,pre,all,A,567,567,757,0.7490,7.4239,0.5397,-1.7804,-0.1294,-0.1198,0.4974,0.9859,0.5000,12,-10.0949,137.7496,9.2043,175,neighbour
S3-01,pre,all,B,567,567,757,0.7490,7.4239,0.5397,-3.2976,-0.2397,-3.9046,0.4974,0.9740,0.5000,12,-18.6972,140.2004,10.7215,175,neighbour
S3-01,pre,bull,A,395,395,757,0.5218,13.4937,0.8925,2.5403,0.1678,19.3215,0.5165,1.0218,0.5833,12,10.0343,75.7015,10.9534,0,neighbour
S3-01,pre,bull,B,395,395,757,0.5218,13.4937,0.8925,1.8138,0.1198,18.9751,0.5165,1.0155,0.5833,12,7.1644,76.1794,11.6800,0,neighbour
S3-01,pre,bear,A,172,172,757,0.2272,-6.5155,-0.2231,-11.7030,-0.4009,-25.8007,0.4535,0.9211,0.4444,9,-20.1291,71.3116,5.1875,175,neighbour
S3-01,pre,bear,B,172,172,757,0.2272,-6.5155,-0.2231,-15.0358,-0.5152,-29.5873,0.4535,0.8998,0.4444,9,-25.8615,72.2702,8.5202,175,neighbour
S3-01,dev,all,A,568,568,689,0.8244,32.1125,1.9925,26.9046,1.6699,-8.8968,0.4912,1.1961,0.8182,11,152.8184,58.6994,5.2078,110,neighbour
S3-01,dev,all,B,568,568,689,0.8244,32.1125,1.9925,23.7192,1.4725,-13.1354,0.4912,1.1709,0.8182,11,134.7249,59.1342,8.3933,110,neighbour
S3-01,dev,bull,A,323,323,689,0.4688,49.0640,2.2600,43.9995,2.0278,14.5521,0.5170,1.3359,0.6364,11,142.1185,28.4602,5.0645,0,neighbour
S3-01,dev,bull,B,323,323,689,0.4688,49.0640,2.2600,40.6068,1.8721,9.7290,0.5170,1.3062,0.6364,11,131.1598,28.7474,8.4573,0,neighbour
S3-01,dev,bear,A,245,245,689,0.3556,9.7641,0.4069,4.3673,0.1820,-35.2690,0.4571,1.0301,0.5000,10,10.6998,89.3768,5.3968,110,neighbour
S3-01,dev,bear,B,245,245,689,0.3556,9.7641,0.4069,1.4551,0.0606,-38.2207,0.4571,1.0099,0.5000,10,3.5651,94.2591,8.3089,110,neighbour
S3-01,val,all,A,245,245,314,0.7803,49.4875,1.7848,44.9229,1.6213,-15.4262,0.4653,1.3969,0.8000,5,110.0611,32.2976,4.5646,60,neighbour
S3-01,val,all,B,245,245,314,0.7803,49.4875,1.7848,41.8977,1.5129,-20.6854,0.4653,1.3650,0.8000,5,102.6494,35.0453,7.5898,60,neighbour
S3-01,val,bull,A,166,166,314,0.5287,41.3046,1.1834,37.0601,1.0631,-14.8884,0.4639,1.3384,0.4000,5,61.5198,28.6022,4.2444,0,neighbour
S3-01,val,bull,B,166,166,314,0.5287,41.3046,1.1834,34.2284,0.9827,-18.3533,0.4639,1.3083,0.4000,5,56.8192,28.8534,7.0761,0,neighbour
S3-01,val,bear,A,79,79,314,0.2516,66.6820,1.4769,61.4447,1.3601,-21.0828,0.4684,1.5085,0.6667,3,48.5413,20.6017,5.2373,60,neighbour
S3-01,val,bear,B,79,79,314,0.2516,66.6820,1.4769,58.0128,1.2836,-24.7107,0.4684,1.4727,0.6667,3,45.8301,21.3207,8.6691,60,neighbour
S3-02,pre,all,A,505,505,757,0.6671,8.3593,0.6818,-2.6749,-0.2178,-81.3028,0.3228,0.9744,0.4167,12,-13.5083,82.2430,11.0342,165,delay
S3-02,pre,all,B,505,505,757,0.6671,8.3593,0.6818,-4.3861,-0.3570,-83.6909,0.3228,0.9585,0.4167,12,-22.1499,83.0752,12.7454,165,delay
S3-02,pre,bull,A,326,326,757,0.4306,29.9599,1.9905,16.2460,1.0739,-70.6872,0.3650,1.1679,0.5000,12,52.9618,34.7218,13.7139,0,delay
S3-02,pre,bull,B,326,326,757,0.4306,29.9599,1.9905,15.4974,1.0245,-71.3459,0.3650,1.1593,0.5000,12,50.5216,34.7963,14.4625,0,delay
S3-02,pre,bear,A,179,179,757,0.2365,-30.9804,-1.4872,-37.1342,-1.7833,-96.7075,0.2458,0.6861,0.3333,9,-66.4702,75.9548,6.1537,165,delay
S3-02,pre,bear,B,179,179,757,0.2365,-30.9804,-1.4872,-40.5986,-1.9506,-100.4883,0.2458,0.6641,0.3333,9,-72.6715,80.4811,9.6182,165,delay
S3-02,dev,all,A,534,534,689,0.7750,24.5077,1.6498,19.2248,1.2940,-103.6701,0.2978,1.1683,0.7273,11,102.6602,41.5225,5.2830,85,delay
S3-02,dev,all,B,534,534,689,0.7750,24.5077,1.6498,16.1255,1.0854,-105.8863,0.2978,1.1385,0.7273,11,86.1102,46.5212,8.3822,85,delay
S3-02,dev,bull,A,305,305,689,0.4427,16.2660,0.8406,11.2985,0.5837,-105.9276,0.2721,1.1008,0.4545,11,34.4606,43.2301,4.9675,0,delay
S3-02,dev,bull,B,305,305,689,0.4427,16.2660,0.8406,7.9670,0.4115,-107.6194,0.2721,1.0695,0.4545,11,24.2994,43.8233,8.2990,0,delay
S3-02,dev,bear,A,229,229,689,0.3324,35.4846,1.5312,29.7815,1.2852,-100.5306,0.3319,1.2544,0.7000,10,68.1996,34.5150,5.7031,85,delay
S3-02,dev,bear,B,229,229,689,0.3324,35.4846,1.5312,26.9916,1.1652,-102.9844,0.3319,1.2270,0.6000,10,61.8108,35.2355,8.4930,85,delay
S3-02,val,all,A,224,224,314,0.7134,12.7097,0.7015,8.1793,0.4513,-88.8066,0.3170,1.0841,0.6000,5,18.3216,39.5058,4.5304,57,delay
S3-02,val,all,B,224,224,314,0.7134,12.7097,0.7015,5.1811,0.2858,-92.8557,0.3170,1.0522,0.4000,5,11.6058,41.3640,7.5285,57,delay
S3-02,val,bull,A,137,137,314,0.4363,13.4060,0.6394,9.2639,0.4415,-85.1371,0.3212,1.1045,0.4000,5,12.6915,17.4375,4.1421,0,delay
S3-02,val,bull,B,137,137,314,0.4363,13.4060,0.6394,6.4984,0.3095,-89.0143,0.3212,1.0718,0.4000,5,8.9027,18.5573,6.9076,0,delay
S3-02,val,bear,A,87,87,314,0.2771,11.6132,0.3506,6.4714,0.1954,-101.7386,0.3103,1.0583,0.6667,3,5.6301,32.2559,5.1418,57,delay
S3-02,val,bear,B,87,87,314,0.2771,11.6132,0.3506,3.1069,0.0938,-104.8265,0.3103,1.0274,0.6667,3,2.7030,33.1233,8.5063,57,delay
S3-02,pre,all,A,530,530,757,0.7001,7.3940,0.5557,-3.2729,-0.2461,-91.9908,0.3585,0.9723,0.3333,12,-17.3462,104.6040,10.6668,166,neighbour
S3-02,pre,all,B,530,530,757,0.7001,7.3940,0.5557,-4.9209,-0.3699,-93.3435,0.3566,0.9587,0.3333,12,-26.0807,107.4076,12.3149,166,neighbour
S3-02,pre,bull,A,349,349,757,0.4610,27.6380,1.7512,14.5232,0.9188,-90.9828,0.3897,1.1337,0.4167,12,50.6861,42.3385,13.1147,0,neighbour
S3-02,pre,bull,B,349,349,757,0.4610,27.6380,1.7512,13.8028,0.8732,-91.3756,0.3897,1.1265,0.4167,12,48.1716,42.8384,13.8352,0,neighbour
S3-02,pre,bear,A,181,181,757,0.2391,-31.6400,-1.3114,-37.5869,-1.5593,-95.8973,0.2983,0.7241,0.3333,9,-68.0323,78.9538,5.9469,166,neighbour
S3-02,pre,bear,B,181,181,757,0.2391,-31.6400,-1.3114,-41.0234,-1.7027,-97.8217,0.2928,0.7041,0.3333,9,-74.2524,83.6820,9.3834,166,neighbour
S3-02,dev,all,A,533,533,689,0.7736,19.3833,1.2549,14.1045,0.9135,-121.5374,0.3283,1.1093,0.7273,11,75.1771,43.6095,5.2788,83,neighbour
S3-02,dev,all,B,533,533,689,0.7736,19.3833,1.2549,10.9813,0.7115,-124.9094,0.3283,1.0838,0.7273,11,58.5304,45.4801,8.4020,83,neighbour
S3-02,dev,bull,A,310,310,689,0.4499,21.1410,1.0509,16.1536,0.8034,-122.7934,0.3290,1.1280,0.8182,11,50.0763,37.0303,4.9874,0,neighbour
S3-02,dev,bull,B,310,310,689,0.4499,21.1410,1.0509,12.8094,0.6373,-126.8404,0.3290,1.0997,0.7273,11,39.7092,37.7637,8.3316,0,neighbour
S3-02,dev,bear,A,223,223,689,0.3237,16.9399,0.7014,11.2560,0.4662,-117.9719,0.3274,1.0847,0.6000,10,25.1008,56.7969,5.6840,83,neighbour
S3-02,dev,bear,B,223,223,689,0.3237,16.9399,0.7014,8.4400,0.3497,-121.0381,0.3274,1.0626,0.6000,10,18.8212,59.3501,8.4999,83,neighbour
S3-02,val,all,A,223,223,314,0.7102,37.9057,1.2625,33.3234,1.1103,-102.3483,0.3722,1.2926,1.0000,5,74.3111,34.3213,4.5824,59,neighbour
S3-02,val,all,B,223,223,314,0.7102,37.9057,1.2625,30.2839,1.0093,-103.8478,0.3722,1.2615,1.0000,5,67.5330,35.0831,7.6219,59,neighbour
S3-02,val,bull,A,143,143,314,0.4554,42.5709,1.0459,38.4336,0.9448,-102.3483,0.3846,1.3552,0.6000,5,54.9600,27.8201,4.1373,0,neighbour
S3-02,val,bull,B,143,143,314,0.4554,42.5709,1.0459,35.6703,0.8773,-103.8478,0.3846,1.3247,0.6000,5,51.0085,28.2216,6.9006,0,neighbour
S3-02,val,bear,A,80,80,314,0.2548,29.5667,0.7095,24.1888,0.5803,-102.0219,0.3500,1.1950,0.6667,3,19.3511,29.5741,5.3779,59,neighbour
S3-02,val,bear,B,80,80,314,0.2548,29.5667,0.7095,20.6556,0.4954,-105.1135,0.3500,1.1634,0.6667,3,16.5245,30.4646,8.9111,59,neighbour
S3-03,pre,all,A,247,247,757,0.3263,-20.2507,-0.8630,-29.7537,-1.2690,-18.0152,0.4777,0.8033,0.3333,12,-73.4916,101.9389,9.5030,64,delay
S3-03,pre,all,B,247,247,757,0.3263,-20.2507,-0.8630,-31.2491,-1.3326,-19.6195,0.4737,0.7945,0.3333,12,-77.1852,105.4712,10.9984,64,delay
S3-03,pre,bull,A,174,174,757,0.2299,-1.1539,-0.0469,-12.4786,-0.5075,-4.5934,0.4943,0.9037,0.4167,12,-21.7128,48.0085,11.3247,0,delay
S3-03,pre,bull,B,174,174,757,0.2299,-1.1539,-0.0469,-13.1893,-0.5364,-5.0098,0.4943,0.8985,0.4167,12,-22.9494,48.7395,12.0354,0,delay
S3-03,pre,bear,A,73,73,757,0.0964,-65.7690,-1.2295,-70.9298,-1.3264,-106.1531,0.4384,0.6506,0.4444,9,-51.7788,69.3245,5.1609,64,delay
S3-03,pre,bear,B,73,73,757,0.0964,-65.7690,-1.2295,-74.2956,-1.3896,-111.2585,0.4247,0.6373,0.3333,9,-54.2358,70.4264,8.5266,64,delay
S3-03,dev,all,A,259,259,689,0.3759,31.0516,1.1511,25.7641,0.9552,-57.7117,0.4517,1.1691,0.7273,11,66.7291,76.9407,5.2875,52,delay
S3-03,dev,all,B,259,259,689,0.3759,31.0516,1.1511,22.5846,0.8374,-60.4909,0.4479,1.1465,0.7273,11,58.4941,78.9909,8.4670,52,delay
S3-03,dev,bull,A,133,133,689,0.1930,41.6783,1.0908,36.5002,0.9559,-34.9894,0.4737,1.2479,0.7273,11,48.5453,35.2699,5.1781,0,delay
S3-03,dev,bull,B,133,133,689,0.1930,41.6783,1.0908,33.0243,0.8653,-39.8472,0.4662,1.2215,0.7273,11,43.9223,35.5649,8.6540,0,delay
S3-03,dev,bear,A,126,126,689,0.1829,19.8345,0.5194,14.4316,0.3778,-82.2046,0.4286,1.0915,0.5000,10,18.1839,60.6120,5.4029,52,delay
S3-03,dev,bear,B,126,126,689,0.1829,19.8345,0.5194,11.5649,0.3026,-87.3003,0.4286,1.0725,0.5000,10,14.5718,62.8229,8.2696,52,delay
S3-03,val,all,A,105,105,314,0.3344,67.5195,1.2131,62.8006,1.1295,-37.8812,0.4476,1.4915,0.4000,5,65.9406,23.7922,4.7189,22,delay
S3-03,val,all,B,105,105,314,0.3344,67.5195,1.2131,59.6805,1.0742,-41.8077,0.4476,1.4611,0.4000,5,62.6645,24.4038,7.8390,22,delay
S3-03,val,bull,A,70,70,314,0.2229,67.4327,0.8868,62.9279,0.8287,-41.4174,0.4429,1.4844,0.2000,5,44.0495,20.1827,4.5048,0,delay
S3-03,val,bull,B,70,70,314,0.2229,67.4327,0.8868,59.9350,0.7901,-44.1474,0.4429,1.4560,0.2000,5,41.9545,20.9154,7.4977,0,delay
S3-03,val,bear,A,35,35,314,0.1115,67.6930,0.9615,62.5460,0.8877,-17.7811,0.4571,1.5065,0.6667,3,21.8911,12.2376,5.1470,22,delay
S3-03,val,bear,B,35,35,314,0.1115,67.6930,0.9615,59.1714,0.8394,-21.2667,0.4571,1.4717,0.6667,3,20.7100,12.5662,8.5216,22,delay
S3-03,pre,all,A,160,160,757,0.2114,-16.4228,-0.5498,-25.7594,-0.8643,-3.8908,0.5000,0.8335,0.4167,12,-41.2150,68.3246,9.3365,38,neighbour
S3-03,pre,all,B,160,160,757,0.2114,-16.4228,-0.5498,-27.1692,-0.9114,-4.3120,0.5000,0.8253,0.4167,12,-43.4708,69.5510,10.7464,38,neighbour
S3-03,pre,bull,A,113,113,757,0.1493,21.0653,0.6893,9.8495,0.3228,24.9716,0.5310,1.0794,0.5000,12,11.1299,24.2532,11.2158,0,neighbour
S3-03,pre,bull,B,113,113,757,0.1493,21.0653,0.6893,9.1377,0.2995,23.1283,0.5310,1.0735,0.5000,12,10.3256,24.3887,11.9276,0,neighbour
S3-03,pre,bear,A,47,47,757,0.0621,-106.5538,-1.5412,-111.3721,-1.6115,-113.9695,0.4255,0.5127,0.6250,8,-52.3449,64.6821,4.8184,38,neighbour
S3-03,pre,bear,B,47,47,757,0.0621,-106.5538,-1.5412,-114.4604,-1.6565,-120.6396,0.4255,0.5030,0.6250,8,-53.7964,65.6768,7.9067,38,neighbour
S3-03,dev,all,A,124,124,689,0.1800,95.7343,2.1296,90.3774,2.0108,1.8173,0.5000,1.6253,0.6364,11,112.0679,39.5063,5.3570,28,neighbour
S3-03,dev,all,B,124,124,689,0.1800,95.7343,2.1296,87.2409,1.9413,-2.2429,0.5000,1.5970,0.6364,11,108.1787,40.9350,8.4935,28,neighbour
S3-03,dev,bull,A,58,58,689,0.0842,100.4468,1.4805,95.2300,1.4054,48.2796,0.5345,1.6946,0.5455,11,55.2334,15.2670,5.2169,0,neighbour
S3-03,dev,bull,B,58,58,689,0.0842,100.4468,1.4805,91.7353,1.3550,46.5724,0.5345,1.6615,0.5455,11,53.2065,15.7154,8.7115,0,neighbour
S3-03,dev,bear,A,66,66,689,0.0958,91.5931,1.5188,86.1129,1.4266,-51.6926,0.4697,1.5700,0.6000,10,56.8345,25.6203,5.4801,28,neighbour
S3-03,dev,bear,B,66,66,689,0.0958,91.5931,1.5188,83.2912,1.3791,-53.7324,0.4697,1.5455,0.6000,10,54.9722,26.4308,8.3019,28,neighbour
S3-03,val,all,A,55,55,314,0.1752,126.2137,1.3031,121.6073,1.2571,-17.1149,0.4545,1.9453,0.6000,5,66.8840,20.5376,4.6063,10,neighbour
S3-03,val,all,B,55,55,314,0.1752,126.2137,1.3031,118.5638,1.2267,-20.6854,0.4545,1.9104,0.6000,5,65.2101,20.7979,7.6499,10,neighbour
S3-03,val,bull,A,36,36,314,0.1146,152.0317,1.1051,147.3618,1.0728,-33.0962,0.4444,2.2567,0.4000,5,53.0502,12.7772,4.6699,0,neighbour
S3-03,val,bull,B,36,36,314,0.1146,152.0317,1.1051,144.2412,1.0512,-35.3080,0.4444,2.2139,0.4000,5,51.9268,13.1036,7.7905,0,neighbour
S3-03,val,bear,A,19,19,314,0.0605,77.2954,0.7196,72.8094,0.6774,-8.3513,0.4737,1.4847,0.6667,3,13.8338,15.1082,4.4859,10,neighbour
S3-03,val,bear,B,19,19,314,0.0605,77.2954,0.7196,69.9119,0.6502,-11.8473,0.4737,1.4604,0.6667,3,13.2833,15.2738,7.3835,10,neighbour
S3-04,pre,all,A,97,97,757,0.1281,-13.1235,-0.3538,-22.0229,-0.5945,0.7853,0.5052,0.8455,0.6667,12,-21.3622,60.6661,8.8994,21,delay
S3-04,pre,all,B,97,97,757,0.1281,-13.1235,-0.3538,-23.4409,-0.6326,0.2737,0.5052,0.8364,0.6667,12,-22.7376,61.1083,10.3174,21,delay
S3-04,pre,bull,A,66,66,757,0.0872,25.2498,0.7680,14.3671,0.4369,4.4599,0.5152,1.1429,0.3333,12,9.4823,19.0323,10.8827,0,delay
S3-04,pre,bull,B,66,66,757,0.0872,25.2498,0.7680,13.6970,0.4166,4.0773,0.5152,1.1358,0.3333,12,9.0400,19.1379,11.5528,0,delay
S3-04,pre,bear,A,31,31,757,0.0410,-94.8214,-1.0306,-99.4985,-1.0819,-13.2731,0.4839,0.5713,0.7500,8,-30.8445,48.8749,4.6770,21,delay
S3-04,pre,bear,B,31,31,757,0.0410,-94.8214,-1.0306,-102.5086,-1.1148,-14.9227,0.4839,0.5612,0.7500,8,-31.7777,49.1034,7.6872,21,delay
S3-04,dev,all,A,63,63,689,0.0914,126.6946,1.9880,121.2242,1.9044,92.8130,0.5556,1.9339,0.8182,11,76.3713,13.2753,5.4703,10,delay
S3-04,dev,all,B,63,63,689,0.0914,126.6946,1.9880,118.0699,1.8563,91.8597,0.5556,1.9004,0.8182,11,74.3841,13.5149,8.6246,10,delay
S3-04,dev,bull,A,33,33,689,0.0479,164.7290,1.5933,159.3344,1.5442,155.9257,0.5758,2.2448,0.6364,11,52.5804,7.1112,5.3946,0,delay
S3-04,dev,bull,B,33,33,689,0.0479,164.7290,1.5933,155.7173,1.5112,152.7386,0.5758,2.2042,0.6364,11,51.3867,7.1623,9.0117,0,delay
S3-04,dev,bear,A,30,30,689,0.0435,84.8567,1.1829,79.3030,1.1046,86.8298,0.5333,1.6017,0.4000,10,23.7909,10.3756,5.5537,10,delay
S3-04,dev,bear,B,30,30,689,0.0435,84.8567,1.1829,76.6578,1.0669,85.6392,0.5333,1.5758,0.4000,10,22.9973,10.4756,8.1989,10,delay
S3-04,val,all,A,28,28,314,0.0892,236.1392,1.3145,231.4594,1.2901,34.5609,0.5714,2.9283,0.6000,5,64.8086,12.5034,4.6798,1,delay
S3-04,val,all,B,28,28,314,0.0892,236.1392,1.3145,228.3658,1.2740,31.1765,0.5714,2.8830,0.4000,5,63.9424,12.6157,7.7734,1,delay
S3-04,val,bull,A,17,17,314,0.0541,275.7763,0.9635,270.8296,0.9476,-35.7493,0.4706,2.9890,0.4000,5,46.0410,8.0116,4.9467,0,delay
S3-04,val,bull,B,17,17,314,0.0541,275.7763,0.9635,267.5121,0.9369,-38.3826,0.4706,2.9421,0.4000,5,45.4771,8.1226,8.2642,0,delay
S3-04,val,bear,A,11,11,314,0.0350,174.8819,1.2828,170.6145,1.2509,129.4556,0.7273,2.7941,0.6667,3,18.7676,7.6331,4.2675,1,delay
S3-04,val,bear,B,11,11,314,0.0350,174.8819,1.2828,167.8671,1.2304,126.8015,0.7273,2.7517,0.6667,3,18.4654,7.7100,7.0148,1,delay
S3-04,pre,all,A,53,53,757,0.0700,-38.7559,-0.7342,-47.3393,-0.8982,-14.9798,0.4906,0.7008,0.5833,12,-25.0898,42.5637,8.5834,11,neighbour
S3-04,pre,all,B,53,53,757,0.0700,-38.7559,-0.7342,-48.6607,-0.9226,-16.4706,0.4906,0.6940,0.5833,12,-25.7902,42.8411,9.9048,11,neighbour
S3-04,pre,bull,A,37,37,757,0.0489,19.8403,0.4465,9.3773,0.2110,41.6016,0.5676,1.0880,0.5833,12,3.4696,14.9875,10.4630,0,neighbour
S3-04,pre,bull,B,37,37,757,0.0489,19.8403,0.4465,8.6207,0.1940,41.0889,0.5676,1.0807,0.5833,12,3.1897,15.0417,11.2196,0,neighbour
S3-04,pre,bear,A,16,16,757,0.0211,-174.2594,-1.2547,-178.4964,-1.2850,-217.4262,0.3125,0.3571,0.3333,6,-28.5594,33.9187,4.2370,11,neighbour
S3-04,pre,bear,B,16,16,757,0.0211,-174.2594,-1.2547,-181.1239,-1.3036,-220.1839,0.3125,0.3522,0.3333,6,-28.9798,34.2895,6.8645,11,neighbour
S3-04,dev,all,A,32,32,689,0.0464,241.9199,2.2638,236.5915,2.2166,199.0836,0.5938,3.1234,0.8182,11,75.7093,8.0361,5.3284,4,neighbour
S3-04,dev,all,B,32,32,689,0.0464,241.9199,2.2638,233.4777,2.1891,195.2125,0.5938,3.0727,0.8182,11,74.7129,8.1011,8.4422,4,neighbour
S3-04,dev,bull,A,15,15,689,0.0218,324.4953,1.6913,319.2082,1.6674,200.6341,0.6667,4.3291,0.6364,11,47.8812,6.7064,5.2871,0,neighbour
S3-04,dev,bull,B,15,15,689,0.0218,324.4953,1.6913,315.6658,1.6513,195.4789,0.6667,4.2637,0.6364,11,47.3499,6.8356,8.8295,0,neighbour
S3-04,dev,bear,A,17,17,689,0.0247,169.0592,1.5108,163.6944,1.4616,120.2411,0.5294,2.3081,0.5000,8,27.8281,7.0646,5.3648,4,neighbour
S3-04,dev,bear,B,17,17,689,0.0247,169.0592,1.5108,160.9588,1.4354,118.8106,0.5294,2.2705,0.5000,8,27.3630,7.1480,8.1004,4,neighbour
S3-04,val,all,A,21,21,314,0.0669,336.5380,1.4591,331.4477,1.4388,-8.3513,0.4762,3.9123,0.4000,5,69.6040,8.2680,5.0904,1,neighbour
S3-04,val,all,B,21,21,314,0.0669,336.5380,1.4591,328.0961,1.4255,-11.8473,0.4762,3.8411,0.4000,5,68.9002,8.3260,8.4419,1,neighbour
S3-04,val,bull,A,12,12,314,0.0382,395.6379,0.9967,389.9370,0.9837,-57.1390,0.4167,3.5026,0.4000,5,46.7924,8.1806,5.7009,0,neighbour
S3-04,val,bull,B,12,12,314,0.0382,395.6379,0.9967,386.1371,0.9750,-60.4979,0.4167,3.4481,0.4000,5,46.3364,8.2915,9.5008,0,neighbour
S3-04,val,bear,A,9,9,314,0.0287,257.7382,1.8183,253.4619,1.7871,320.8625,0.5556,5.3844,1.0000,3,22.8116,3.9176,4.2763,1,neighbour
S3-04,val,bear,B,9,9,314,0.0287,257.7382,1.8183,250.7082,1.7670,317.7895,0.5556,5.2381,1.0000,3,22.5637,3.9400,7.0300,1,neighbour
S3-05,pre,all,A,34,34,757,0.0449,-34.2299,-0.4471,-43.4249,-0.5676,16.4848,0.5000,0.7514,0.6667,12,-14.7645,30.3470,9.1950,4,delay
S3-05,pre,all,B,34,34,757,0.0449,-34.2299,-0.4471,-44.6789,-0.5837,15.5145,0.5000,0.7452,0.6667,12,-15.1908,30.5005,10.4490,4,delay
S3-05,pre,bull,A,24,24,757,0.0317,25.3712,0.4609,14.1227,0.2560,20.3594,0.5000,1.1320,0.5455,11,3.3894,13.3768,11.2486,0,delay
S3-05,pre,bull,B,24,24,757,0.0317,25.3712,0.4609,13.4525,0.2440,19.8942,0.5000,1.1254,0.5455,11,3.2286,13.4115,11.9188,0,delay
S3-05,pre,bear,A,10,10,757,0.0132,-177.2726,-0.7829,-181.5391,-0.8015,-109.2500,0.5000,0.4616,0.3333,6,-18.1539,23.6120,4.2665,4,delay
S3-05,pre,bear,B,10,10,757,0.0132,-177.2726,-0.7829,-184.1943,-0.8130,-111.1077,0.5000,0.4562,0.3333,6,-18.4194,23.8280,6.9216,4,delay
S3-05,dev,all,A,18,18,689,0.0261,252.1458,1.5497,246.5707,1.5185,165.6852,0.5556,3.2258,0.5556,9,44.3827,6.4477,5.5751,2,delay
S3-05,dev,all,B,18,18,689,0.0261,252.1458,1.5497,243.0946,1.4993,161.6257,0.5556,3.1693,0.5556,9,43.7570,6.4890,9.0512,2,delay
S3-05,dev,bull,A,10,10,689,0.0145,445.9528,1.7040,441.0958,1.6904,183.7867,0.7000,7.1716,0.7143,7,44.1096,3.9523,4.8570,0,delay
S3-05,dev,bull,B,10,10,689,0.0145,445.9528,1.7040,437.8550,1.6813,181.0969,0.7000,7.0852,0.7143,7,43.7855,3.9783,8.0979,0,delay
S3-05,dev,bear,A,8,8,689,0.0116,9.8870,0.0708,3.4142,0.0245,-127.5993,0.3750,1.0214,0.3333,6,0.2731,5.5399,6.4728,2,delay
S3-05,dev,bear,B,8,8,689,0.0116,9.8870,0.0708,-0.3559,-0.0026,-131.5804,0.3750,0.9978,0.3333,6,-0.0285,5.5862,10.2429,2,delay
S3-05,val,all,A,12,12,314,0.0382,678.7410,1.7701,673.0824,1.7574,335.0181,0.6667,8.9666,0.8000,5,80.7699,4.5869,5.6586,0,delay
S3-05,val,all,B,12,12,314,0.0382,678.7410,1.7701,669.3429,1.7490,332.0697,0.6667,8.8104,0.8000,5,80.3211,4.6539,9.3981,0,delay
S3-05,val,bull,A,7,7,314,0.0223,768.7423,1.1462,761.8665,1.1372,-64.4202,0.4286,6.2602,0.5000,4,53.3307,4.5869,6.8758,0,delay
S3-05,val,bull,B,7,7,314,0.0223,768.7423,1.1462,757.2649,1.1312,-68.5066,0.4286,6.1545,0.5000,4,53.0085,4.6539,11.4774,0,delay
S3-05,val,bear,A,5,5,314,0.0159,552.7391,4.0082,548.7846,3.9773,537.0884,1.0000,,1.0000,3,27.4392,0.0000,3.9545,0,delay
S3-05,val,bear,B,5,5,314,0.0159,552.7391,4.0082,546.2520,3.9574,534.2910,1.0000,,1.0000,3,27.3126,0.0000,6.4871,0,delay
S3-05,pre,all,A,20,20,757,0.0264,79.4347,1.1975,70.0179,1.0589,54.6624,0.5500,1.7828,0.5000,10,14.0036,7.5479,9.4168,1,neighbour
S3-05,pre,all,B,20,20,757,0.0264,79.4347,1.1975,68.8491,1.0409,53.7964,0.5500,1.7645,0.5000,10,13.7698,7.5767,10.5856,1,neighbour
S3-05,pre,bull,A,14,14,757,0.0185,85.2587,1.3049,73.3813,1.1321,111.7783,0.5714,2.0271,0.6250,8,10.2734,5.1509,11.8774,0,neighbour
S3-05,pre,bull,B,14,14,757,0.0185,85.2587,1.3049,72.6010,1.1205,110.7907,0.5714,2.0118,0.6250,8,10.1641,5.1563,12.6577,0,neighbour
S3-05,pre,bear,A,6,6,757,0.0079,65.8454,0.3816,62.1699,0.3597,-87.3367,0.5000,1.4729,0.5000,4,3.7302,5.4903,3.6755,1,neighbour
S3-05,pre,bear,B,6,6,757,0.0079,65.8454,0.3816,60.0945,0.3474,-89.8273,0.5000,1.4527,0.5000,4,3.6057,5.5452,5.7508,1,neighbour
S3-05,dev,all,A,8,8,689,0.0116,409.9455,1.3642,403.4271,1.3479,381.6807,0.6250,4.6508,0.5000,4,32.2742,5.7171,6.5184,1,neighbour
S3-05,dev,all,B,8,8,689,0.0116,409.9455,1.3642,399.3553,1.3380,378.6150,0.6250,4.5846,0.5000,4,31.9484,5.7633,10.5902,1,neighbour
S3-05,dev,bull,A,3,3,689,0.0044,814.6305,1.0724,806.7685,1.0666,484.6999,0.6667,8.7494,0.6667,3,24.2031,3.1232,7.8620,0,neighbour
S3-05,dev,bull,B,3,3,689,0.0044,814.6305,1.0724,801.4217,1.0625,480.9744,0.6667,8.6342,0.6667,3,24.0427,3.1493,13.2088,0,neighbour
S3-05,dev,bear,A,5,5,689,0.0073,167.1345,0.8312,161.4222,0.8057,278.6615,0.6000,2.4118,0.6667,3,8.0711,5.7171,5.7123,1,neighbour
S3-05,dev,bear,B,5,5,689,0.0073,167.1345,0.8312,158.1154,0.7909,276.2555,0.6000,2.3717,0.6667,3,7.9058,5.7633,9.0190,1,neighbour
S3-05,val,all,A,6,6,314,0.0191,390.5165,1.2934,384.4455,1.2760,453.9835,0.6667,4.0120,0.6667,3,23.0667,5.2074,6.0711,0,neighbour
S3-05,val,all,B,6,6,314,0.0191,390.5165,1.2934,380.4230,1.2644,451.5927,0.6667,3.9484,0.6667,3,22.8254,5.2742,10.0936,0,neighbour
S3-05,val,bull,A,3,3,314,0.0096,279.4766,0.4230,271.2830,0.4116,-245.0981,0.3333,2.0627,0.5000,2,8.1385,7.6584,8.1935,0,neighbour
S3-05,val,bull,B,3,3,314,0.0096,279.4766,0.4230,265.7666,0.4040,-246.7364,0.3333,2.0299,0.5000,2,7.9730,7.7415,13.7100,0,neighbour
S3-05,val,bear,A,3,3,314,0.0096,501.5565,6.0492,497.6079,6.0517,574.7065,1.0000,,1.0000,2,14.9282,0.0000,3.9486,0,neighbour
S3-05,val,bear,B,3,3,314,0.0096,501.5565,6.0492,495.0793,6.0558,571.4981,1.0000,,1.0000,2,14.8524,0.0000,6.4772,0,neighbour
S3-06,pre,all,A,228,228,757,0.3012,17.4828,0.8271,6.7282,0.3182,-97.1476,0.3772,1.0572,0.5833,12,15.3402,50.0255,10.7546,57,delay
S3-06,pre,all,B,228,228,757,0.3012,17.4828,0.8271,5.1149,0.2418,-100.0581,0.3772,1.0431,0.5833,12,11.6619,50.2542,12.3679,57,delay
S3-06,pre,bull,A,153,153,757,0.2021,47.2121,1.9501,34.0808,1.4039,-71.8934,0.4379,1.3360,0.5833,12,52.1436,24.3971,13.1314,0,delay
S3-06,pre,bull,B,153,153,757,0.2021,47.2121,1.9501,33.3329,1.3732,-72.3825,0.4379,1.3273,0.5833,12,50.9994,24.6317,13.8792,0,delay
S3-06,pre,bear,A,75,75,757,0.0991,-43.1652,-1.0672,-49.0712,-1.2131,-104.0821,0.2533,0.6745,0.3333,9,-36.8034,46.9849,5.9060,57,delay
S3-06,pre,bear,B,75,75,757,0.0991,-43.1652,-1.0672,-52.4500,-1.2967,-108.2847,0.2533,0.6577,0.3333,9,-39.3375,48.2889,9.2848,57,delay
S3-06,dev,all,A,244,244,689,0.3541,18.4680,0.7517,13.2601,0.5395,-124.7441,0.3033,1.1003,0.6364,11,32.3546,53.8364,5.2079,37,delay
S3-06,dev,all,B,244,244,689,0.3541,18.4680,0.7517,10.2622,0.4175,-127.1766,0.3033,1.0764,0.5455,11,25.0397,56.7545,8.2058,37,delay
S3-06,dev,bull,A,137,137,689,0.1988,-9.2839,-0.2944,-14.2852,-0.4526,-123.7929,0.2628,0.8924,0.5455,11,-19.5707,57.0815,5.0012,0,delay
S3-06,dev,bull,B,137,137,689,0.1988,-9.2839,-0.2944,-17.6443,-0.5588,-124.9525,0.2628,0.8696,0.5455,11,-24.1727,60.0974,8.3604,0,delay
S3-06,dev,bear,A,107,107,689,0.1553,54.0008,1.3940,48.5284,1.2528,-126.3862,0.3551,1.3686,0.6667,9,51.9253,21.3686,5.4724,37,delay
S3-06,dev,bear,B,107,107,689,0.1553,54.0008,1.3940,45.9930,1.1879,-129.1659,0.3551,1.3453,0.6667,9,49.2125,21.7987,8.0078,37,delay
S3-06,val,all,A,99,99,314,0.3153,8.7918,0.3072,4.2110,0.1471,-89.7141,0.3434,1.0407,0.6000,5,4.1689,16.7551,4.5808,19,delay
S3-06,val,all,B,99,99,314,0.3153,8.7918,0.3072,1.1824,0.0413,-92.8445,0.3434,1.0112,0.6000,5,1.1706,17.7567,7.6094,19,delay
S3-06,val,bull,A,58,58,314,0.1847,2.7687,0.0882,-1.5955,-0.0508,-89.5686,0.3276,0.9830,0.6000,5,-0.9254,16.7551,4.3642,0,delay
S3-06,val,bull,B,58,58,314,0.1847,2.7687,0.0882,-4.5114,-0.1435,-93.4923,0.3276,0.9528,0.6000,5,-2.6166,17.1457,7.2801,0,delay
S3-06,val,bear,A,41,41,314,0.1306,17.3124,0.3239,12.4250,0.2326,-89.7141,0.3659,1.1062,0.6667,3,5.0943,14.9171,4.8873,19,delay
S3-06,val,bear,B,41,41,314,0.1306,17.3124,0.3239,9.2371,0.1730,-92.8445,0.3659,1.0777,0.6667,3,3.7872,15.4007,8.0752,19,delay
S3-06,pre,all,A,149,149,757,0.1968,51.1355,1.8725,39.9148,1.4637,-86.0728,0.4161,1.3628,0.5833,12,59.4730,29.4642,11.2207,34,neighbour
S3-06,pre,all,B,149,149,757,0.1968,51.1355,1.8725,38.4742,1.4105,-86.4847,0.4161,1.3468,0.5833,12,57.3265,29.6399,12.6613,34,neighbour
S3-06,pre,bull,A,104,104,757,0.1374,91.2536,2.9512,77.6118,2.5075,-31.3241,0.4808,1.8534,0.6667,12,80.7163,15.3261,13.6418,0,neighbour
S3-06,pre,bull,B,104,104,757,0.1374,91.2536,2.9512,76.9171,2.4857,-31.6963,0.4808,1.8426,0.6667,12,79.9938,15.4766,14.3365,0,neighbour
S3-06,pre,bear,A,45,45,757,0.0594,-41.5821,-0.7784,-47.2071,-0.8840,-109.2226,0.2667,0.6937,0.3750,8,-21.2432,28.0356,5.6251,34,neighbour
S3-06,pre,bear,B,45,45,757,0.0594,-41.5821,-0.7784,-50.3717,-0.9436,-110.7663,0.2667,0.6778,0.3750,8,-22.6673,28.5116,8.7896,34,neighbour
S3-06,dev,all,A,116,116,689,0.1684,46.9073,1.1390,41.7678,1.0137,-136.5842,0.3621,1.2987,0.7273,11,48.4506,27.1190,5.1396,20,neighbour
S3-06,dev,all,B,116,116,689,0.1684,46.9073,1.1390,38.9106,0.9442,-139.2589,0.3621,1.2747,0.7273,11,45.1363,28.8954,7.9967,20,neighbour
S3-06,dev,bull,A,59,59,689,0.0856,19.2122,0.3353,14.5558,0.2538,-162.8234,0.3390,1.1040,0.4545,11,8.5879,31.7425,4.6563,0,neighbour
S3-06,dev,bull,B,59,59,689,0.0856,19.2122,0.3353,11.4390,0.1993,-167.2359,0.3390,1.0805,0.4545,11,6.7490,32.6323,7.7731,0,neighbour
S3-06,dev,bear,A,57,57,689,0.0827,75.5742,1.2704,69.9345,1.1753,-125.4370,0.3860,1.5006,0.6667,9,39.8626,16.2544,5.6398,20,neighbour
S3-06,dev,bear,B,57,57,689,0.0827,75.5742,1.2704,67.3461,1.1322,-126.3950,0.3860,1.4770,0.6667,9,38.3873,16.5467,8.2281,20,neighbour
S3-06,val,all,A,50,50,314,0.1592,-4.1593,-0.0866,-8.6760,-0.1805,-119.4373,0.3200,0.9325,0.4000,5,-4.3380,27.9736,4.5167,9,neighbour
S3-06,val,all,B,50,50,314,0.1592,-4.1593,-0.0866,-11.6558,-0.2423,-121.9132,0.3200,0.9107,0.4000,5,-5.8279,29.2087,7.4965,9,neighbour
S3-06,val,bull,A,26,26,314,0.0828,-15.8833,-0.2925,-20.4763,-0.3758,-119.4373,0.3077,0.8174,0.2000,5,-5.3238,18.9573,4.5930,0,neighbour
S3-06,val,bull,B,26,26,314,0.0828,-15.8833,-0.2925,-23.5651,-0.4315,-121.9132,0.3077,0.7939,0.2000,5,-6.1269,19.6756,7.6818,0,neighbour
S3-06,val,bear,A,24,24,314,0.0764,8.5416,0.1039,4.1076,0.0500,-117.1086,0.3333,1.0281,0.6667,3,0.9858,13.9654,4.4340,9,neighbour
S3-06,val,bear,B,24,24,314,0.0764,8.5416,0.1039,1.2459,0.0152,-119.8320,0.3333,1.0084,0.6667,3,0.2990,14.1915,7.2957,9,neighbour
S3-07,pre,all,A,90,90,757,0.1189,40.5993,1.1108,29.3634,0.8023,-66.8359,0.4444,1.2477,0.7500,12,26.4271,29.6671,11.2359,15,delay
S3-07,pre,all,B,90,90,757,0.1189,40.5993,1.1108,27.9852,0.7646,-70.7357,0.4444,1.2344,0.7500,12,25.1867,29.9088,12.6141,15,delay
S3-07,pre,bull,A,64,64,757,0.0845,73.8381,1.8711,60.3485,1.5215,0.6657,0.5156,1.6083,0.7500,12,38.6231,11.9465,13.4895,0,delay
S3-07,pre,bull,B,64,64,757,0.0845,73.8381,1.8711,59.6431,1.5040,0.2929,0.5156,1.5990,0.7500,12,38.1716,12.0821,14.1949,0,delay
S3-07,pre,bear,A,26,26,757,0.0343,-41.2192,-0.5142,-46.9076,-0.5855,-106.5401,0.2692,0.7175,0.5000,8,-12.1960,24.0138,5.6885,15,delay
S3-07,pre,bear,B,26,26,757,0.0343,-41.2192,-0.5142,-49.9421,-0.6236,-110.1157,0.2692,0.7031,0.5000,8,-12.9850,24.2599,8.7229,15,delay
S3-07,dev,all,A,58,58,689,0.0842,68.8915,1.0938,63.8793,1.0136,-126.8189,0.3793,1.4781,0.5455,11,37.0500,19.4128,5.0122,7,delay
S3-07,dev,all,B,58,58,689,0.0842,68.8915,1.0938,61.3125,0.9727,-129.7794,0.3793,1.4534,0.5455,11,35.5612,20.0613,7.5791,7,delay
S3-07,dev,bull,A,25,25,689,0.0363,120.0490,1.0973,115.6858,1.0568,-97.2840,0.4400,2.0796,0.6000,10,28.9215,14.5008,4.3632,0,delay
S3-07,dev,bull,B,25,25,689,0.0363,120.0490,1.0973,112.7644,1.0298,-101.5511,0.4400,2.0357,0.6000,10,28.1911,14.8260,7.2846,0,delay
S3-07,dev,bear,A,33,33,689,0.0479,30.1359,0.4060,24.6320,0.3317,-149.9141,0.3333,1.1603,0.6667,9,8.1285,14.6275,5.5039,7,delay
S3-07,dev,bear,B,33,33,689,0.0479,30.1359,0.4060,22.3337,0.3007,-151.2742,0.3333,1.1439,0.6667,9,7.3701,14.8130,7.8022,7,delay
S3-07,val,all,A,23,23,314,0.0732,3.3089,0.0660,-1.0228,-0.0204,-62.3029,0.3043,0.9889,0.4000,5,-0.2352,9.9319,4.3317,3,delay
S3-07,val,all,B,23,23,314,0.0732,3.3089,0.0660,-3.8639,-0.0771,-67.3893,0.3043,0.9589,0.4000,5,-0.8887,10.4684,7.1729,3,delay
S3-07,val,bull,A,12,12,314,0.0382,-60.4533,-1.8229,-65.0808,-1.9598,-68.2007,0.1667,0.2662,0.0000,5,-7.8097,9.2387,4.6275,0,delay
S3-07,val,bull,B,12,12,314,0.0382,-60.4533,-1.8229,-68.1713,-2.0509,-74.0044,0.1667,0.2538,0.0000,5,-8.1806,9.5928,7.7180,0,delay
S3-07,val,bear,A,11,11,314,0.0350,72.8677,0.7555,68.8588,0.7145,-10.1683,0.4545,1.7211,0.6667,3,7.5745,5.4613,4.0089,3,delay
S3-07,val,bear,B,11,11,314,0.0350,72.8677,0.7555,66.2896,0.6883,-12.9305,0.4545,1.6853,0.6667,3,7.2919,5.5679,6.5781,3,delay
S3-07,pre,all,A,50,50,757,0.0661,64.8258,1.2376,53.7977,1.0288,-31.3241,0.4800,1.4644,0.5455,11,26.8988,15.5482,11.0281,7,neighbour
S3-07,pre,all,B,50,50,757,0.0661,64.8258,1.2376,52.6046,1.0057,-31.6963,0.4800,1.4514,0.5455,11,26.3023,15.7008,12.2212,7,neighbour
S3-07,pre,bull,A,41,41,757,0.0542,86.0179,1.7018,73.6880,1.4598,4.8803,0.5122,1.7581,0.5455,11,30.2121,12.2546,12.3299,0,neighbour
S3-07,pre,bull,B,41,41,757,0.0542,86.0179,1.7018,72.9576,1.4456,4.4767,0.5122,1.7478,0.5455,11,29.9126,12.2675,13.0603,0,neighbour
S3-07,pre,bear,A,9,9,757,0.0119,-31.7161,-0.1726,-36.8139,-0.2004,-87.9443,0.3333,0.8167,0.6000,5,-3.3133,12.4075,5.0978,7,neighbour
S3-07,pre,bear,B,9,9,757,0.0119,-31.7161,-0.1726,-40.1146,-0.2183,-91.5770,0.3333,0.8024,0.6000,5,-3.6103,12.4970,8.3985,7,neighbour
S3-07,dev,all,A,31,31,689,0.0450,148.0587,1.3301,143.1200,1.2850,-121.0341,0.3871,1.9919,0.5455,11,44.3672,12.3479,4.9387,3,neighbour
S3-07,dev,all,B,31,31,689,0.0450,148.0587,1.3301,140.5660,1.2619,-124.3870,0.3871,1.9638,0.5455,11,43.5755,12.4558,7.4927,3,neighbour
S3-07,dev,bull,A,10,10,689,0.0145,366.6100,1.4058,362.8344,1.3914,26.7490,0.5000,5.1729,0.7143,7,36.2834,4.9472,3.7757,0,neighbour
S3-07,dev,bull,B,10,10,689,0.0145,366.6100,1.4058,360.3166,1.3817,25.0073,0.5000,5.0905,0.7143,7,36.0317,4.9729,6.2934,0,neighbour
S3-07,dev,bear,A,21,21,689,0.0305,43.9867,0.4159,38.4941,0.3637,-130.4771,0.3333,1.2243,0.5000,8,8.0838,12.3479,5.4926,3,neighbour
S3-07,dev,bear,B,21,21,689,0.0305,43.9867,0.4159,35.9228,0.3393,-132.0171,0.3333,1.2072,0.5000,8,7.5438,12.4558,8.0638,3,neighbour
S3-07,val,all,A,17,17,314,0.0541,-4.6555,-0.0594,-9.1507,-0.1166,-118.3462,0.2941,0.9315,0.4000,5,-1.5556,12.0785,4.4951,3,neighbour
S3-07,val,all,B,17,17,314,0.0541,-4.6555,-0.0594,-12.0769,-0.1538,-120.6538,0.2941,0.9110,0.4000,5,-2.0531,12.3617,7.4214,3,neighbour
S3-07,val,bull,A,7,7,314,0.0223,-140.1367,-3.8050,-145.3629,-3.8737,-127.4327,0.0000,0.0000,0.0000,5,-10.1754,10.1754,5.2262,0,neighbour
S3-07,val,bull,B,7,7,314,0.0223,-140.1367,-3.8050,-148.8243,-3.9152,-129.1875,0.0000,0.0000,0.0000,5,-10.4177,10.4177,8.6876,0,neighbour
S3-07,val,bear,A,10,10,314,0.0318,90.1813,0.7240,86.1979,0.6925,51.6338,0.5000,1.6876,0.6667,3,8.6198,7.4873,3.9834,3,neighbour
S3-07,val,bear,B,10,10,314,0.0318,90.1813,0.7240,83.6462,0.6723,49.1697,0.5000,1.6615,0.6667,3,8.3646,7.5660,6.5350,3,neighbour
S3-08,pre,all,A,30,30,757,0.0396,81.1175,1.0855,70.7674,0.9494,35.7313,0.5333,1.5864,0.5455,11,21.2302,15.5477,10.3501,4,delay
S3-08,pre,all,B,30,30,757,0.0396,81.1175,1.0855,69.4326,0.9309,35.3017,0.5333,1.5715,0.5455,11,20.8298,15.6166,11.6849,4,delay
S3-08,pre,bull,A,23,23,757,0.0304,124.1065,1.9129,112.0535,1.7319,94.9759,0.6087,2.3727,0.6364,11,25.7723,5.9401,12.0530,0,delay
S3-08,pre,bull,B,23,23,757,0.0304,124.1065,1.9129,111.3016,1.7204,94.5305,0.6087,2.3578,0.6364,11,25.5994,6.0173,12.8049,0,delay
S3-08,pre,bear,A,7,7,757,0.0092,-60.1320,-0.2442,-64.8868,-0.2634,-60.7341,0.2857,0.7394,0.2500,4,-4.5421,12.1157,4.7548,4,delay
S3-08,pre,bear,B,7,7,757,0.0092,-60.1320,-0.2442,-68.1370,-0.2766,-62.6593,0.2857,0.7289,0.2500,4,-4.7696,12.1699,8.0050,4,delay
S3-08,dev,all,A,16,16,689,0.0232,77.1381,0.4439,72.0228,0.4142,-176.0917,0.2500,1.3993,0.3750,8,11.5236,16.8735,5.1153,2,delay
S3-08,dev,all,B,16,16,689,0.0232,77.1381,0.4439,69.3205,0.3987,-181.5271,0.2500,1.3802,0.3750,8,11.0913,17.2338,7.8176,2,delay
S3-08,dev,bull,A,6,6,689,0.0087,468.6760,1.1663,465.5630,1.1586,40.2395,0.5000,5.9677,0.7500,4,27.9338,3.7054,3.1130,0,delay
S3-08,dev,bull,B,6,6,689,0.0087,468.6760,1.1663,463.5064,1.1535,39.1188,0.5000,5.8892,0.7500,4,27.8104,3.7311,5.1696,0,delay
S3-08,dev,bear,A,10,10,689,0.0145,-157.7846,-1.5512,-164.1013,-1.6170,-200.0547,0.1000,0.2938,0.2000,5,-16.4101,16.4101,6.3167,2,delay
S3-08,dev,bear,B,10,10,689,0.0145,-157.7846,-1.5512,-167.1911,-1.6531,-203.5806,0.1000,0.2880,0.2000,5,-16.7191,16.7191,9.4064,2,delay
S3-08,val,all,A,8,8,314,0.0255,56.9179,0.4841,52.0107,0.4418,-57.9110,0.2500,1.5887,0.3333,3,4.1609,6.3190,4.9071,1,delay
S3-08,val,all,B,8,8,314,0.0255,56.9179,0.4841,48.8232,0.4144,-62.5252,0.2500,1.5368,0.3333,3,3.9059,6.4548,8.0947,1,delay
S3-08,val,bull,A,4,4,314,0.0127,-43.8606,-3.6356,-50.6342,-3.7913,-57.9110,0.0000,0.0000,0.0000,2,-2.0254,2.0254,6.7735,0,delay
S3-08,val,bull,B,4,4,314,0.0127,-43.8606,-3.6356,-55.1066,-3.8674,-62.5252,0.0000,0.0000,0.0000,2,-2.2043,2.2043,11.2460,0,delay
S3-08,val,bear,A,4,4,314,0.0127,157.6964,0.6571,154.6556,0.6452,137.8072,0.5000,2.2267,1.0000,2,6.1862,5.0428,3.0407,1,delay
S3-08,val,bear,B,4,4,314,0.0127,157.6964,0.6571,152.7529,0.6378,135.5666,0.5000,2.2047,1.0000,2,6.1101,5.0720,4.9434,1,delay
S3-08,pre,all,A,18,18,757,0.0238,184.1756,2.0439,172.2016,1.9150,130.1874,0.5556,3.1728,0.6000,10,30.9963,5.7031,11.9740,0,neighbour
S3-08,pre,all,B,18,18,757,0.0238,184.1756,2.0439,171.1721,1.9039,129.7836,0.5556,3.1453,0.6000,10,30.8110,5.7343,13.0035,0,neighbour
S3-08,pre,bull,A,16,16,757,0.0211,150.4332,1.7644,137.4568,1.6231,130.1874,0.5625,2.6430,0.6000,10,21.9931,5.7031,12.9765,0,neighbour
S3-08,pre,bull,B,16,16,757,0.0211,150.4332,1.7644,136.6357,1.6137,129.7836,0.5625,2.6258,0.6000,10,21.8617,5.7343,13.7975,0,neighbour
S3-08,pre,bear,A,2,2,757,0.0026,454.1145,0.8460,450.1605,0.8366,450.1605,0.5000,11.2374,0.5000,2,9.0032,0.8794,3.9540,0,neighbour
S3-08,pre,bear,B,2,2,757,0.0026,454.1145,0.8460,447.4631,0.8301,447.4631,0.5000,10.7724,0.5000,2,8.9493,0.9158,6.6514,0,neighbour
S3-08,dev,all,A,9,9,689,0.0131,-164.9521,-1.3175,-170.6862,-1.3673,-218.7274,0.1111,0.3363,0.2000,5,-15.3618,15.3618,5.7341,0,neighbour
S3-08,dev,all,B,9,9,689,0.0131,-164.9521,-1.3175,-173.4924,-1.3948,-220.0834,0.1111,0.3309,0.2000,5,-15.6143,15.6143,8.5403,0,neighbour
S3-08,dev,bull,A,1,1,689,0.0015,-338.8733,,-341.1530,,-341.1530,0.0000,0.0000,0.0000,1,-3.4115,3.4115,2.2797,0,neighbour
S3-08,dev,bull,B,1,1,689,0.0015,-338.8733,,-342.6904,,-342.6904,0.0000,0.0000,0.0000,1,-3.4269,3.4269,3.8171,0,neighbour
S3-08,dev,bear,A,8,8,689,0.0116,-143.2120,-1.0243,-149.3779,-1.0710,-212.8643,0.1250,0.3945,0.2500,4,-11.9502,11.9502,6.1659,0,neighbour
S3-08,dev,bear,B,8,8,689,0.0116,-143.2120,-1.0243,-152.3426,-1.0961,-213.9417,0.1250,0.3878,0.2500,4,-12.1874,12.1874,9.1307,0,neighbour
S3-08,val,all,A,3,3,314,0.0096,115.6846,0.3648,110.8335,0.3478,-105.6087,0.3333,1.8197,1.0000,1,3.3250,4.0563,4.8511,1,neighbour
S3-08,val,all,B,3,3,314,0.0096,115.6846,0.3648,107.6849,0.3369,-107.0029,0.3333,1.7813,1.0000,1,3.2305,4.1347,7.9997,1,neighbour
S3-08,val,bull,A,1,1,314,0.0032,-290.3811,,-300.0244,,-300.0244,0.0000,0.0000,0.0000,1,-3.0002,3.0002,9.6432,0,neighbour
S3-08,val,bull,B,1,1,314,0.0032,-290.3811,,-306.4714,,-306.4714,0.0000,0.0000,0.0000,1,-3.0647,3.0647,16.0903,0,neighbour
S3-08,val,bear,A,2,2,314,0.0064,318.7175,0.7552,316.2625,0.7497,316.2625,0.5000,6.9893,1.0000,1,6.3253,1.0561,2.4550,1,neighbour
S3-08,val,bear,B,2,2,314,0.0064,318.7175,0.7552,314.7631,0.7463,314.7631,0.5000,6.8833,1.0000,1,6.2953,1.0700,3.9544,1,neighbour
S3-09,pre,all,A,245,245,757,0.3236,5.2326,0.3917,-5.1084,-0.3826,-65.8185,0.2082,0.9285,0.2500,12,-12.5155,52.1953,10.3409,64,delay
S3-09,pre,all,B,245,245,757,0.3236,5.2326,0.3917,-6.6064,-0.4948,-67.1590,0.2082,0.9091,0.2500,12,-16.1856,53.9189,11.8389,64,delay
S3-09,pre,bull,A,172,172,757,0.2272,15.3866,0.9424,2.8918,0.1769,-66.2852,0.2267,1.0425,0.3333,12,4.9738,28.7316,12.4949,0,delay
S3-09,pre,bull,B,172,172,757,0.2272,15.3866,0.9424,2.1826,0.1336,-67.1466,0.2267,1.0318,0.3333,12,3.7540,28.9341,13.2040,0,delay
S3-09,pre,bear,A,73,73,757,0.0964,-18.6920,-0.8145,-23.9580,-1.0452,-65.1558,0.1644,0.6992,0.2222,9,-17.4893,28.8004,5.2660,64,delay
S3-09,pre,bear,B,73,73,757,0.0964,-18.6920,-0.8145,-27.3145,-1.1927,-67.5636,0.1644,0.6685,0.2222,9,-19.9396,30.0153,8.6225,64,delay
S3-09,dev,all,A,259,259,689,0.3759,23.0006,1.1783,17.6551,0.9047,-83.4718,0.1853,1.2131,0.4545,11,45.7268,30.4609,5.3454,52,delay
S3-09,dev,all,B,259,259,689,0.3759,23.0006,1.1783,14.4750,0.7418,-87.4467,0.1853,1.1694,0.4545,11,37.4902,35.8111,8.5256,52,delay
S3-09,dev,bull,A,133,133,689,0.1930,20.4520,0.7574,15.2712,0.5665,-82.8768,0.1880,1.1849,0.3636,11,20.3107,20.3823,5.1808,0,delay
S3-09,dev,bull,B,133,133,689,0.1930,20.4520,0.7574,11.7935,0.4379,-86.5856,0.1880,1.1382,0.3636,11,15.6854,20.7259,8.6585,0,delay
S3-09,dev,bear,A,126,126,689,0.1829,25.6907,0.9062,20.1715,0.7107,-83.8772,0.1825,1.2428,0.4000,10,25.4160,31.2821,5.5192,52,delay
S3-09,dev,bear,B,126,126,689,0.1829,25.6907,0.9062,17.3055,0.6091,-89.2818,0.1825,1.2021,0.4000,10,21.8049,33.9392,8.3852,52,delay
S3-09,val,all,A,105,105,314,0.3344,32.5543,0.6620,27.8263,0.5665,-76.2831,0.1619,1.3520,0.2000,5,29.2176,26.6348,4.7280,22,delay
S3-09,val,all,B,105,105,314,0.3344,32.5543,0.6620,24.7000,0.5033,-78.8102,0.1619,1.3027,0.2000,5,25.9350,27.9902,7.8543,22,delay
S3-09,val,bull,A,70,70,314,0.2229,62.9086,0.8853,58.3999,0.8230,-72.4041,0.1714,1.7857,0.2000,5,40.8799,14.7702,4.5087,0,delay
S3-09,val,bull,B,70,70,314,0.2229,62.9086,0.8853,55.4043,0.7815,-75.0942,0.1714,1.7226,0.2000,5,38.7830,15.5641,7.5043,0,delay
S3-09,val,bear,A,35,35,314,0.1115,-28.1542,-0.7189,-33.3208,-0.8497,-86.4943,0.1429,0.6234,0.0000,3,-11.6623,14.4963,5.1666,22,delay
S3-09,val,bear,B,35,35,314,0.1115,-28.1542,-0.7189,-36.7087,-0.9353,-89.8573,0.1429,0.5985,0.0000,3,-12.8480,15.0771,8.5545,22,delay
S3-09,pre,all,A,245,245,757,0.3236,-2.5456,-0.1610,-12.6877,-0.8025,-89.4730,0.2857,0.8651,0.2500,12,-31.0849,55.0984,10.1421,64,neighbour
S3-09,pre,all,B,245,245,757,0.3236,-2.5456,-0.1610,-14.1882,-0.8973,-91.4917,0.2857,0.8509,0.1667,12,-34.7610,56.6383,11.6426,64,neighbour
S3-09,pre,bull,A,172,172,757,0.2272,6.0209,0.3266,-6.2024,-0.3362,-89.0022,0.3023,0.9294,0.4167,12,-10.6681,32.0787,12.2233,0,neighbour
S3-09,pre,bull,B,172,172,757,0.2272,6.0209,0.3266,-6.9123,-0.3747,-89.4520,0.3023,0.9218,0.4167,12,-11.8892,32.2812,12.9332,0,neighbour
S3-09,pre,bear,A,73,73,757,0.0964,-22.7296,-0.7436,-27.9682,-0.9152,-90.5173,0.2466,0.7427,0.3333,9,-20.4168,35.0601,5.2386,64,neighbour
S3-09,pre,bear,B,73,73,757,0.0964,-22.7296,-0.7436,-31.3313,-1.0254,-93.7155,0.2466,0.7184,0.2222,9,-22.8718,35.9479,8.6016,64,neighbour
S3-09,dev,all,A,259,259,689,0.3759,26.0337,1.1905,20.6968,0.9468,-116.0082,0.2703,1.1930,0.4545,11,53.6046,44.4995,5.3370,52,neighbour
S3-09,dev,all,B,259,259,689,0.3759,26.0337,1.1905,17.5162,0.8013,-120.5358,0.2703,1.1598,0.4545,11,45.3669,48.0342,8.5176,52,neighbour
S3-09,dev,bull,A,133,133,689,0.1930,16.1419,0.5402,10.9608,0.3674,-112.3055,0.2707,1.1016,0.4545,11,14.5779,27.3003,5.1811,0,neighbour
S3-09,dev,bull,B,133,133,689,0.1930,16.1419,0.5402,7.4829,0.2511,-115.8472,0.2707,1.0679,0.4545,11,9.9522,27.6450,8.6591,0,neighbour
S3-09,dev,bear,A,126,126,689,0.1829,36.4751,1.1354,30.9736,0.9632,-120.6661,0.2698,1.2905,0.4000,10,39.0267,35.9138,5.5015,52,neighbour
S3-09,dev,bear,B,126,126,689,0.1829,36.4751,1.1354,28.1069,0.8734,-123.6986,0.2698,1.2581,0.4000,10,35.4147,37.9480,8.3682,52,neighbour
S3-09,val,all,A,105,105,314,0.3344,49.4681,0.9653,44.7392,0.8739,-103.2598,0.2476,1.4581,0.4000,5,46.9761,21.4627,4.7289,22,neighbour
S3-09,val,all,B,105,105,314,0.3344,49.4681,0.9653,41.6122,0.8134,-106.0858,0.2476,1.4164,0.4000,5,43.6928,22.5308,7.8559,22,neighbour
S3-09,val,bull,A,70,70,314,0.2229,51.8430,0.7228,47.3253,0.6607,-101.5879,0.2286,1.4734,0.4000,5,33.1277,19.7593,4.5177,0,neighbour
S3-09,val,bull,B,70,70,314,0.2229,51.8430,0.7228,44.3237,0.6193,-103.4094,0.2286,1.4338,0.4000,5,31.0266,20.5548,7.5194,0,neighbour
S3-09,val,bear,A,35,35,314,0.1115,44.7182,0.7883,39.5668,0.6972,-114.0049,0.2857,1.4251,0.6667,3,13.8484,10.6114,5.1514,22,neighbour
S3-09,val,bear,B,35,35,314,0.1115,44.7182,0.7883,36.1892,0.6375,-117.7385,0.2857,1.3791,0.6667,3,12.6662,11.0410,8.5290,22,neighbour
S3-10,pre,all,A,231,231,757,0.3052,-13.6711,-1.0432,-25.4191,-1.9382,-69.2504,0.1645,0.6839,0.3333,12,-58.7182,65.9301,11.7480,59,delay
S3-10,pre,all,B,231,231,757,0.3052,-13.6711,-1.0432,-27.0132,-2.0579,-71.2388,0.1645,0.6699,0.3333,12,-62.4004,69.4972,13.3420,59,delay
S3-10,pre,bull,A,155,155,757,0.2048,3.1899,0.1877,-11.5012,-0.6742,-72.8570,0.1871,0.8487,0.4167,12,-17.8269,34.1217,14.6912,0,delay
S3-10,pre,bull,B,155,155,757,0.2048,3.1899,0.1877,-12.2473,-0.7177,-73.0983,0.1871,0.8402,0.4167,12,-18.9832,34.3790,15.4372,0,delay
S3-10,pre,bear,A,76,76,757,0.1004,-48.0588,-2.5039,-53.8043,-2.8034,-63.2167,0.1184,0.3986,0.1111,9,-40.8912,47.6582,5.7455,59,delay
S3-10,pre,bear,B,76,76,757,0.1004,-48.0588,-2.5039,-57.1278,-2.9752,-66.2715,0.1184,0.3820,0.1111,9,-43.4171,49.3609,9.0690,59,delay
S3-10,dev,all,A,247,247,689,0.3585,0.3654,0.0216,-4.9005,-0.2901,-85.5790,0.1619,0.9429,0.4545,11,-12.1043,50.8491,5.2659,38,delay
S3-10,dev,all,B,247,247,689,0.3585,0.3654,0.0216,-7.9016,-0.4679,-89.2296,0.1619,0.9105,0.3636,11,-19.5170,57.0123,8.2670,38,delay
S3-10,dev,bull,A,138,138,689,0.2003,-3.8891,-0.1786,-8.9015,-0.4086,-79.3017,0.1522,0.8891,0.3636,11,-12.2840,45.0239,5.0123,0,delay
S3-10,dev,bull,B,138,138,689,0.2003,-3.8891,-0.1786,-12.2678,-0.5629,-82.9620,0.1522,0.8522,0.3636,11,-16.9296,48.9084,8.3787,0,delay
S3-10,dev,bear,A,109,109,689,0.1582,5.7518,0.2158,0.1649,0.0062,-97.2690,0.1743,1.0018,0.5556,9,0.1797,30.0338,5.5869,38,delay
S3-10,dev,bear,B,109,109,689,0.1582,5.7518,0.2158,-2.3738,-0.0892,-100.9220,0.1743,0.9750,0.5556,9,-2.5874,30.4740,8.1256,38,delay
S3-10,val,all,A,100,100,314,0.3185,-0.5247,-0.0245,-5.1061,-0.2379,-76.1702,0.2100,0.9349,0.4000,5,-5.1061,18.4609,4.5814,19,delay
S3-10,val,all,B,100,100,314,0.3185,-0.5247,-0.0245,-8.1344,-0.3790,-78.7796,0.2100,0.8993,0.4000,5,-8.1344,20.2541,7.6097,19,delay
S3-10,val,bull,A,58,58,314,0.1847,-9.2713,-0.3785,-13.6380,-0.5559,-73.1392,0.1897,0.8152,0.4000,5,-7.9101,16.4175,4.3667,0,delay
S3-10,val,bull,B,58,58,314,0.1847,-9.2713,-0.3785,-16.5556,-0.6740,-76.1886,0.1897,0.7827,0.2000,5,-9.6023,17.5084,7.2843,0,delay
S3-10,val,bear,A,42,42,314,0.1338,11.5541,0.2995,6.6761,0.1732,-85.7832,0.2381,1.0787,0.6667,3,2.8040,11.5132,4.8780,19,delay
S3-10,val,bear,B,42,42,314,0.1338,11.5541,0.2995,3.4950,0.0907,-89.4851,0.2381,1.0401,0.6667,3,1.4679,11.8322,8.0591,19,delay
S3-10,pre,all,A,231,231,757,0.3052,1.4060,0.0784,-9.7605,-0.5435,-92.6143,0.2511,0.9046,0.5000,12,-22.5468,70.4882,11.1665,59,neighbour
S3-10,pre,all,B,231,231,757,0.3052,1.4060,0.0784,-11.3535,-0.6323,-94.7949,0.2511,0.8903,0.4167,12,-26.2266,72.1594,12.7595,59,neighbour
S3-10,pre,bull,A,155,155,757,0.2048,17.8245,0.8279,3.9518,0.1827,-96.5477,0.2774,1.0414,0.5000,12,6.1252,32.3854,13.8727,0,neighbour
S3-10,pre,bull,B,155,155,757,0.2048,17.8245,0.8279,3.2063,0.1483,-97.1074,0.2774,1.0334,0.5000,12,4.9698,32.6432,14.6182,0,neighbour
S3-10,pre,bear,A,76,76,757,0.1004,-32.0792,-0.9977,-37.7264,-1.1748,-88.6564,0.1974,0.6757,0.3333,9,-28.6720,55.1004,5.6472,59,neighbour
S3-10,pre,bear,B,76,76,757,0.1004,-32.0792,-0.9977,-41.0479,-1.2793,-92.5202,0.1974,0.6550,0.3333,9,-31.1964,56.5857,8.9687,59,neighbour
S3-10,dev,all,A,247,247,689,0.3585,-2.8492,-0.1330,-8.0916,-0.3775,-122.1785,0.2105,0.9314,0.4545,11,-19.9862,72.5183,5.2423,38,neighbour
S3-10,dev,all,B,247,247,689,0.3585,-2.8492,-0.1330,-11.0932,-0.5175,-125.6060,0.2105,0.9078,0.4545,11,-27.4002,78.0687,8.2440,38,neighbour
S3-10,dev,bull,A,138,138,689,0.2003,-8.7098,-0.3074,-13.7221,-0.4840,-113.1381,0.1957,0.8753,0.4545,11,-18.9364,57.1309,5.0122,0,neighbour
S3-10,dev,bull,B,138,138,689,0.2003,-8.7098,-0.3074,-17.0883,-0.6025,-116.1542,0.1957,0.8484,0.3636,11,-23.5819,60.8760,8.3785,0,neighbour
S3-10,dev,bear,A,109,109,689,0.1582,4.5706,0.1391,-0.9631,-0.0293,-137.9493,0.2294,0.9925,0.4444,9,-1.0497,31.1904,5.5336,38,neighbour
S3-10,dev,bear,B,109,109,689,0.1582,4.5706,0.1391,-3.5030,-0.1066,-143.1222,0.2294,0.9731,0.4444,9,-3.8183,31.6310,8.0736,38,neighbour
S3-10,val,all,A,100,100,314,0.3185,-7.4063,-0.2449,-11.9874,-0.3961,-111.2024,0.2200,0.8939,0.4000,5,-11.9874,34.7526,4.5811,19,neighbour
S3-10,val,all,B,100,100,314,0.3185,-7.4063,-0.2449,-15.0155,-0.4960,-113.9985,0.2200,0.8698,0.4000,5,-15.0155,36.4550,7.6091,19,neighbour
S3-10,val,bull,A,58,58,314,0.1847,-27.7978,-0.9109,-32.1642,-1.0514,-106.1120,0.2069,0.6988,0.4000,5,-18.6552,34.3586,4.3664,0,neighbour
S3-10,val,bull,B,58,58,314,0.1847,-27.7978,-0.9109,-35.0815,-1.1447,-108.9613,0.2069,0.6787,0.4000,5,-20.3473,35.7914,7.2838,0,neighbour
S3-10,val,bear,A,42,42,314,0.1338,20.7533,0.3539,15.8757,0.2708,-124.8167,0.2381,1.1307,1.0000,3,6.6678,16.2175,4.8776,19,neighbour
S3-10,val,bear,B,42,42,314,0.1338,20.7533,0.3539,12.6948,0.2166,-128.1566,0.2381,1.1025,1.0000,3,5.3318,16.4766,8.0584,19,neighbour
S3-11,pre,all,A,311,311,757,0.4108,35.1144,2.0772,26.3207,1.5574,10.2584,0.5048,1.2495,0.5833,12,81.8572,45.1256,8.7937,83,delay
S3-11,pre,all,B,311,311,757,0.4108,35.1144,2.0772,24.7563,1.4650,7.4566,0.5048,1.2329,0.5833,12,76.9921,46.2900,10.3581,83,delay
S3-11,pre,bull,A,216,216,757,0.2853,48.6173,2.4757,38.2906,1.9485,30.0221,0.5417,1.3964,0.6667,12,82.7077,28.3056,10.3267,0,delay
S3-11,pre,bull,B,216,216,757,0.2853,48.6173,2.4757,37.5638,1.9120,29.6973,0.5417,1.3875,0.6667,12,81.1377,28.6151,11.0535,0,delay
S3-11,pre,bear,A,95,95,757,0.1255,4.4130,0.1352,-0.8953,-0.0274,-98.2229,0.4211,0.9929,0.3750,8,-0.8505,26.0699,5.3083,83,delay
S3-11,pre,bear,B,95,95,757,0.1255,4.4130,0.1352,-4.3638,-0.1339,-99.6174,0.4211,0.9658,0.3750,8,-4.1456,27.7704,8.7768,83,delay
S3-11,dev,all,A,324,324,689,0.4702,40.1303,1.9062,34.7978,1.6531,-37.4243,0.4630,1.2586,0.6364,11,112.7448,29.7949,5.3325,60,delay
S3-11,dev,all,B,324,324,689,0.4702,40.1303,1.9062,31.5528,1.4988,-42.3511,0.4630,1.2314,0.6364,11,102.2310,30.2127,8.5775,60,delay
S3-11,dev,bull,A,176,176,689,0.2554,60.2027,2.1651,55.0853,1.9814,16.3914,0.5170,1.4379,0.8182,11,96.9502,20.2430,5.1174,0,delay
S3-11,dev,bull,B,176,176,689,0.2554,60.2027,2.1651,51.6511,1.8580,12.2950,0.5170,1.4050,0.8182,11,90.9059,20.3376,8.5516,0,delay
S3-11,dev,bear,A,148,148,689,0.2148,16.2604,0.5066,10.6720,0.3325,-78.6489,0.3986,1.0736,0.3000,10,15.7946,57.9323,5.5883,60,delay
S3-11,dev,bear,B,148,148,689,0.2148,16.2604,0.5066,7.6521,0.2383,-81.9869,0.3986,1.0521,0.3000,10,11.3251,61.5277,8.6083,60,delay
S3-11,val,all,A,132,132,314,0.4204,4.6198,0.1788,-0.0514,-0.0020,-37.3080,0.4621,0.9996,0.6000,5,-0.0679,32.6216,4.6712,36,delay
S3-11,val,all,B,132,132,314,0.4204,4.6198,0.1788,-3.1446,-0.1216,-40.5469,0.4545,0.9745,0.6000,5,-4.1509,33.9876,7.7644,36,delay
S3-11,val,bull,A,95,95,314,0.3025,3.4972,0.1225,-0.9187,-0.0322,-29.2713,0.4737,0.9920,0.4000,5,-0.8728,32.5013,4.4159,0,delay
S3-11,val,bull,B,95,95,314,0.3025,3.4972,0.1225,-3.8546,-0.1350,-31.8089,0.4737,0.9671,0.4000,5,-3.6619,33.6271,7.3518,0,delay
S3-11,val,bear,A,37,37,314,0.1178,7.5023,0.1327,2.1754,0.0384,-81.5177,0.4324,1.0158,0.3333,3,0.8049,15.2534,5.3268,36,delay
S3-11,val,bear,B,37,37,314,0.1178,7.5023,0.1327,-1.3216,-0.0233,-84.8816,0.4054,0.9906,0.3333,3,-0.4890,15.9775,8.8239,36,delay
S3-11,pre,all,A,358,358,757,0.4729,33.3702,2.1388,24.6092,1.5774,1.0523,0.5000,1.2319,0.5000,12,88.1010,34.2032,8.7610,104,neighbour
S3-11,pre,all,B,358,358,757,0.4729,33.3702,2.1388,23.0294,1.4763,-0.9090,0.5000,1.2153,0.4167,12,82.4454,35.7191,10.3408,104,neighbour
S3-11,pre,bull,A,243,243,757,0.3210,46.0528,2.4682,35.6294,1.9080,37.1415,0.5391,1.3585,0.7500,12,86.5795,29.3687,10.4234,0,neighbour
S3-11,pre,bull,B,243,243,757,0.3210,46.0528,2.4682,34.8972,1.8692,36.6751,0.5391,1.3500,0.6667,12,84.8001,29.7169,11.1556,0,neighbour
S3-11,pre,bear,A,115,115,757,0.1519,6.5715,0.2320,1.3230,0.0467,-90.3635,0.4174,1.0110,0.3750,8,1.5215,23.4499,5.2485,104,neighbour
S3-11,pre,bear,B,115,115,757,0.1519,6.5715,0.2320,-2.0476,-0.0724,-92.0766,0.4174,0.9833,0.3750,8,-2.3548,24.0219,8.6191,104,neighbour
S3-11,dev,all,A,379,379,689,0.5501,36.5265,1.9221,31.2053,1.6422,-25.8952,0.4828,1.2314,0.6364,11,118.2680,27.2692,5.3212,72,neighbour
S3-11,dev,all,B,379,379,689,0.5501,36.5265,1.9221,27.9891,1.4729,-27.8898,0.4828,1.2050,0.5455,11,106.0788,27.7180,8.5373,72,neighbour
S3-11,dev,bull,A,202,202,689,0.2932,57.7205,2.2203,52.6576,2.0259,25.7351,0.5198,1.4135,0.7273,11,106.3683,26.1349,5.0629,0,neighbour
S3-11,dev,bull,B,202,202,689,0.2932,57.7205,2.2203,49.2617,1.8955,22.4678,0.5198,1.3818,0.7273,11,99.5086,26.2474,8.4588,0,neighbour
S3-11,dev,bear,A,177,177,689,0.2569,12.3389,0.4436,6.7230,0.2417,-80.2171,0.4407,1.0469,0.4000,10,11.8997,54.2326,5.6159,72,neighbour
S3-11,dev,bear,B,177,177,689,0.2569,12.3389,0.4436,3.7120,0.1334,-83.5812,0.4407,1.0256,0.4000,10,6.5702,57.0252,8.6270,72,neighbour
S3-11,val,all,A,156,156,314,0.4968,12.7125,0.5310,8.0274,0.3350,-22.1222,0.4359,1.0682,0.6000,5,12.5227,27.8271,4.6851,40,neighbour
S3-11,val,all,B,156,156,314,0.4968,12.7125,0.5310,4.9240,0.2054,-25.0936,0.4359,1.0412,0.6000,5,7.6815,29.2375,7.7885,40,neighbour
S3-11,val,bull,A,111,111,314,0.3535,15.6850,0.5805,11.2760,0.4171,-15.4262,0.4595,1.1013,0.6000,5,12.5164,32.0061,4.4090,0,neighbour
S3-11,val,bull,B,111,111,314,0.3535,15.6850,0.5805,8.3435,0.3085,-20.6854,0.4595,1.0739,0.4000,5,9.2613,33.2564,7.3415,0,neighbour
S3-11,val,bear,A,45,45,314,0.1433,5.3803,0.1077,0.0141,0.0003,-74.3727,0.3778,1.0001,0.3333,3,0.0063,13.7329,5.3662,40,neighbour
S3-11,val,bear,B,45,45,314,0.1433,5.3803,0.1077,-3.5107,-0.0701,-77.0392,0.3778,0.9741,0.3333,3,-1.5798,14.1189,8.8910,40,neighbour
S3-12,pre,all,A,213,213,757,0.2814,-14.4569,-0.4929,-23.5981,-0.8050,-44.5729,0.4695,0.8669,0.5455,11,-50.2639,112.4201,9.1412,55,delay
S3-12,pre,all,B,213,213,757,0.2814,-14.4569,-0.4929,-25.3764,-0.8658,-44.9418,0.4695,0.8577,0.5455,11,-54.0518,113.4885,10.9196,55,delay
S3-12,pre,bull,A,134,134,757,0.1770,6.1861,0.1919,-5.1737,-0.1605,-34.0318,0.4776,0.9659,0.3636,11,-6.9328,41.3486,11.3598,0,delay
S3-12,pre,bull,B,134,134,757,0.1770,6.1861,0.1919,-5.8956,-0.1829,-35.1224,0.4776,0.9613,0.3636,11,-7.9001,41.5462,12.0818,0,delay
S3-12,pre,bear,A,79,79,757,0.1044,-49.4716,-0.8644,-54.8496,-0.9591,-114.4219,0.4557,0.7514,0.6250,8,-43.3312,87.8121,5.3780,55,delay
S3-12,pre,bear,B,79,79,757,0.1044,-49.4716,-0.8644,-58.4198,-1.0221,-115.8099,0.4557,0.7375,0.6250,8,-46.1517,88.9778,8.9482,55,delay
S3-12,dev,all,A,226,226,689,0.3280,14.7324,0.5382,9.7344,0.3558,-88.1989,0.4513,1.0636,0.5455,11,21.9998,50.0355,4.9980,53,delay
S3-12,dev,all,B,226,226,689,0.3280,14.7324,0.5382,6.6478,0.2430,-91.0549,0.4469,1.0430,0.5455,11,15.0241,50.9209,8.0846,53,delay
S3-12,dev,bull,A,126,126,689,0.1829,48.4185,1.3362,43.6453,1.2054,6.0805,0.5079,1.3147,0.8182,11,54.9931,41.5769,4.7732,0,delay
S3-12,dev,bull,B,126,126,689,0.1829,48.4185,1.3362,40.4446,1.1176,1.5006,0.5000,1.2883,0.8182,11,50.9602,41.9419,7.9739,0,delay
S3-12,dev,bear,A,100,100,689,0.1451,-27.7120,-0.6667,-32.9932,-0.7939,-147.7501,0.3800,0.8071,0.3333,9,-32.9932,67.5244,5.2812,53,delay
S3-12,dev,bear,B,100,100,689,0.1451,-27.7120,-0.6667,-35.9361,-0.8648,-149.6914,0.3800,0.7920,0.3333,9,-35.9361,70.1131,8.2241,53,delay
S3-12,val,all,A,93,93,314,0.2962,62.6736,1.0244,58.2223,0.9526,-39.3228,0.4624,1.4317,0.4000,5,54.1468,28.6204,4.4513,22,delay
S3-12,val,all,B,93,93,314,0.2962,62.6736,1.0244,55.2847,0.9052,-41.8077,0.4624,1.4052,0.4000,5,51.4147,29.0243,7.3889,22,delay
S3-12,val,bull,A,65,65,314,0.2070,57.7806,0.7081,53.4328,0.6556,-39.3228,0.4615,1.3836,0.6000,5,34.7313,22.9328,4.3477,0,delay
S3-12,val,bull,B,65,65,314,0.2070,57.7806,0.7081,50.5418,0.6207,-41.8077,0.4615,1.3589,0.4000,5,32.8522,23.6722,7.2387,0,delay
S3-12,val,bear,A,28,28,314,0.0892,74.0324,0.9796,69.3408,0.9169,-34.2266,0.4643,1.5566,0.6667,3,19.4154,12.7037,4.6916,22,delay
S3-12,val,bear,B,28,28,314,0.0892,74.0324,0.9796,66.2948,0.8763,-37.2561,0.4643,1.5249,0.6667,3,18.5626,12.8879,7.7376,22,delay
S3-12,pre,all,A,267,267,757,0.3527,-4.1515,-0.1683,-13.3526,-0.5417,-48.8064,0.4719,0.9177,0.6364,11,-35.6515,117.4221,9.2011,76,neighbour
S3-12,pre,all,B,267,267,757,0.3527,-4.1515,-0.1683,-15.0567,-0.6109,-49.0268,0.4719,0.9078,0.6364,11,-40.2015,118.9162,10.9052,76,neighbour
S3-12,pre,bull,A,172,172,757,0.2272,15.2555,0.5531,3.8864,0.1409,-12.6619,0.4884,1.0274,0.6364,11,6.6846,42.5930,11.3691,0,neighbour
S3-12,pre,bull,B,172,172,757,0.2272,15.2555,0.5531,3.1695,0.1149,-14.3052,0.4884,1.0223,0.6364,11,5.4515,42.8885,12.0860,0,neighbour
S3-12,pre,bear,A,95,95,757,0.1255,-39.2885,-0.8168,-44.5643,-0.9272,-133.2723,0.4421,0.7761,0.5000,8,-42.3361,81.4029,5.2758,76,neighbour
S3-12,pre,bear,B,95,95,757,0.1255,-39.2885,-0.8168,-48.0558,-1.0003,-135.8790,0.4421,0.7608,0.5000,8,-45.6530,81.7276,8.7673,76,neighbour
S3-12,dev,all,A,274,274,689,0.3977,22.9820,0.9469,17.8753,0.7365,-49.1445,0.4745,1.1204,0.7273,11,48.9784,46.4165,5.1066,64,neighbour
S3-12,dev,all,B,274,274,689,0.3977,22.9820,0.9469,14.7118,0.6063,-54.1007,0.4745,1.0980,0.7273,11,40.3104,49.0992,8.2701,64,neighbour
S3-12,dev,bull,A,155,155,689,0.2250,57.6531,1.7729,52.8508,1.6256,51.3200,0.5355,1.3873,0.8182,11,81.9187,34.3986,4.8023,0,neighbour
S3-12,dev,bull,B,155,155,689,0.2250,57.6531,1.7729,49.6319,1.5268,49.1892,0.5355,1.3596,0.8182,11,76.9295,34.8471,8.0212,0,neighbour
S3-12,dev,bear,A,119,119,689,0.1727,-22.1779,-0.6128,-27.6810,-0.7649,-129.2439,0.3950,0.8312,0.4000,10,-32.9404,57.7867,5.5031,64,neighbour
S3-12,dev,bear,B,119,119,689,0.1727,-22.1779,-0.6128,-30.7723,-0.8504,-130.3256,0.3950,0.8144,0.3000,10,-36.6191,60.8208,8.5944,64,neighbour
S3-12,val,all,A,112,112,314,0.3567,69.5687,1.3417,65.1372,1.2575,-21.0806,0.4464,1.5195,0.6000,5,72.9536,33.9310,4.4316,27,neighbour
S3-12,val,all,B,112,112,314,0.3567,69.5687,1.3417,62.2102,1.2018,-23.9306,0.4464,1.4899,0.6000,5,69.6754,34.3617,7.3585,27,neighbour
S3-12,val,bull,A,77,77,314,0.2452,62.4089,0.9067,58.1380,0.8457,-20.1245,0.4286,1.4648,0.6000,5,44.7663,19.0613,4.2709,0,neighbour
S3-12,val,bull,B,77,77,314,0.2452,62.4089,0.9067,55.2938,0.8051,-22.4351,0.4286,1.4365,0.6000,5,42.5763,19.8710,7.1150,0,neighbour
S3-12,val,bear,A,35,35,314,0.1115,85.3204,1.2343,80.5353,1.1646,-22.0367,0.4857,1.6391,1.0000,3,28.1874,18.8522,4.7851,27,neighbour
S3-12,val,bear,B,35,35,314,0.1115,85.3204,1.2343,77.4262,1.1194,-25.4261,0.4857,1.6065,1.0000,3,27.0992,19.0631,7.8942,27,neighbour
S3-13,pre,all,A,577,577,757,0.7622,2.0931,0.1643,-7.3959,-0.5806,-0.5266,0.4974,0.9366,0.5000,12,-42.6746,154.2609,9.4891,175,delay
S3-13,pre,all,B,577,577,757,0.7622,2.0931,0.1643,-8.9271,-0.7009,-1.8485,0.4957,0.9240,0.5000,12,-51.5095,157.1215,11.0202,175,delay
S3-13,pre,bull,A,398,398,757,0.5258,14.5943,1.0587,3.2014,0.2318,13.3372,0.5226,1.0307,0.5833,12,12.7415,66.8874,11.3929,0,delay
S3-13,pre,bull,B,398,398,757,0.5258,14.5943,1.0587,2.4829,0.1798,13.0004,0.5226,1.0237,0.5833,12,9.8819,67.5163,12.1114,0,delay
S3-13,pre,bear,A,179,179,757,0.2365,-25.7028,-0.9426,-30.9587,-1.1364,-27.3575,0.4413,0.7853,0.4444,9,-55.4161,93.6119,5.2559,175,delay
S3-13,pre,bear,B,179,179,757,0.2365,-25.7028,-0.9426,-34.2968,-1.2595,-32.1242,0.4358,0.7651,0.4444,9,-61.3913,97.2199,8.5941,175,delay
S3-13,dev,all,A,577,577,689,0.8374,33.2076,2.2123,27.9646,1.8636,11.7592,0.5130,1.2259,0.9091,11,161.3557,50.3735,5.2430,109,delay
S3-13,dev,all,B,577,577,689,0.8374,33.2076,2.2123,24.7625,1.6505,7.1494,0.5095,1.1976,0.9091,11,142.8797,50.7865,8.4451,109,delay
S3-13,dev,bull,A,329,329,689,0.4775,47.2209,2.3363,42.1373,2.0860,30.2863,0.5410,1.3586,0.8182,11,138.6316,35.9282,5.0836,0,delay
S3-13,dev,bull,B,329,329,689,0.4775,47.2209,2.3363,38.7305,1.9181,27.2494,0.5350,1.3254,0.7273,11,127.4234,36.2796,8.4904,0,delay
S3-13,dev,bear,A,248,248,689,0.3599,14.6174,0.6535,9.1629,0.4096,-7.6045,0.4758,1.0693,0.6000,10,22.7241,70.3305,5.4545,109,delay
S3-13,dev,bear,B,248,248,689,0.3599,14.6174,0.6535,6.2324,0.2786,-10.6123,0.4758,1.0466,0.6000,10,15.4563,73.7648,8.3850,109,delay
S3-13,val,all,A,247,247,314,0.7866,47.2938,1.7255,42.6786,1.5580,4.6416,0.5142,1.3866,1.0000,5,105.4162,24.3621,4.6152,61,delay
S3-13,val,all,B,247,247,314,0.7866,47.2938,1.7255,39.6192,1.4468,1.1433,0.5101,1.3539,1.0000,5,97.8593,25.1674,7.6746,61,delay
S3-13,val,bull,A,166,166,314,0.5287,48.0355,1.3781,43.7434,1.2562,19.3484,0.5301,1.4211,0.6000,5,72.6140,17.5303,4.2921,0,delay
S3-13,val,bull,B,166,166,314,0.5287,48.0355,1.3781,40.8801,1.1747,17.0716,0.5301,1.3885,0.6000,5,67.8609,17.9294,7.1555,0,delay
S3-13,val,bear,A,81,81,314,0.2580,45.7738,1.0478,40.4965,0.9264,-13.3260,0.4815,1.3272,0.6667,3,32.8021,18.5816,5.2773,61,delay
S3-13,val,bear,B,81,81,314,0.2580,45.7738,1.0478,37.0351,0.8469,-19.1387,0.4691,1.2946,0.6667,3,29.9985,19.2941,8.7387,61,delay
S3-13,pre,all,A,577,577,757,0.7622,7.7638,0.5951,-1.7378,-0.1332,-18.4160,0.4853,0.9857,0.6667,12,-10.0271,138.0200,9.5016,175,neighbour
S3-13,pre,all,B,577,577,757,0.7622,7.7638,0.5951,-3.2695,-0.2506,-19.1293,0.4853,0.9733,0.6667,12,-18.8649,140.8972,11.0333,175,neighbour
S3-13,pre,bull,A,398,398,757,0.5258,19.9330,1.3875,8.5280,0.5929,8.7450,0.5075,1.0773,0.6667,12,33.9414,60.8688,11.4050,0,neighbour
S3-13,pre,bull,B,398,398,757,0.5258,19.9330,1.3875,7.8095,0.5430,8.4325,0.5075,1.0706,0.6667,12,31.0818,61.5137,12.1235,0,neighbour
S3-13,pre,bear,A,179,179,757,0.2365,-19.2940,-0.7064,-24.5634,-0.9000,-89.2304,0.4358,0.8324,0.5556,9,-43.9684,81.1416,5.2693,175,neighbour
S3-13,pre,bear,B,179,179,757,0.2365,-19.2940,-0.7064,-27.9032,-1.0228,-91.7585,0.4358,0.8120,0.4444,9,-49.9467,83.8435,8.6092,175,neighbour
S3-13,dev,all,A,577,577,689,0.8374,41.9826,2.6247,36.7353,2.2974,4.8320,0.5026,1.2780,0.9091,11,211.9624,53.3266,5.2474,109,neighbour
S3-13,dev,all,B,577,577,689,0.8374,41.9826,2.6247,33.5345,2.0977,1.3109,0.5026,1.2508,0.9091,11,193.4939,53.7399,8.4482,109,neighbour
S3-13,dev,bull,A,329,329,689,0.4775,56.0372,2.6205,50.9555,2.3843,28.0228,0.5228,1.4032,0.8182,11,167.6436,38.7228,5.0817,0,neighbour
S3-13,dev,bull,B,329,329,689,0.4775,56.0372,2.6205,47.5500,2.2259,25.9374,0.5228,1.3716,0.8182,11,156.4396,39.0743,8.4872,0,neighbour
S3-13,dev,bear,A,248,248,689,0.3599,23.3376,0.9690,17.8705,0.7420,-31.4311,0.4758,1.1278,0.7000,10,44.3188,74.2262,5.4671,109,neighbour
S3-13,dev,bear,B,248,248,689,0.3599,23.3376,0.9690,14.9413,0.6203,-35.5709,0.4758,1.1057,0.7000,10,37.0543,77.6709,8.3963,109,neighbour
S3-13,val,all,A,247,247,314,0.7866,55.1475,2.0027,50.5319,1.8362,-8.3513,0.4737,1.4487,1.0000,5,124.8138,25.2624,4.6156,61,neighbour
S3-13,val,all,B,247,247,314,0.7866,55.1475,2.0027,47.4722,1.7256,-11.8473,0.4737,1.4155,1.0000,5,117.2563,26.0675,7.6753,61,neighbour
S3-13,val,bull,A,166,166,314,0.5287,49.6046,1.4204,45.3111,1.2988,-5.7411,0.4819,1.4158,0.6000,5,75.2165,19.1738,4.2934,0,neighbour
S3-13,val,bull,B,166,166,314,0.5287,49.6046,1.4204,42.4469,1.2175,-8.5985,0.4819,1.3843,0.6000,5,70.4618,19.4097,7.1577,0,neighbour
S3-13,val,bear,A,81,81,314,0.2580,66.5070,1.5050,61.2312,1.3848,-17.1149,0.4568,1.5098,1.0000,3,49.5973,17.4966,5.2757,61,neighbour
S3-13,val,bear,B,81,81,314,0.2580,66.5070,1.5050,57.7709,1.3061,-20.4677,0.4568,1.4734,0.6667,3,46.7945,18.0707,8.7360,61,neighbour
S3-14,pre,all,A,505,505,757,0.6671,7.4921,0.7405,-3.8973,-0.3840,-33.2915,0.4297,0.9516,0.3333,12,-19.6814,71.1888,11.3894,165,delay
S3-14,pre,all,B,505,505,757,0.6671,7.4921,0.7405,-5.6080,-0.5524,-35.6068,0.4277,0.9313,0.3333,12,-28.3206,75.4229,13.1002,165,delay
S3-14,pre,bull,A,326,326,757,0.4306,20.8174,1.7139,6.5862,0.5383,-18.6374,0.4632,1.0880,0.5000,12,21.4709,34.9545,14.2312,0,delay
S3-14,pre,bull,B,326,326,757,0.4306,20.8174,1.7139,5.8372,0.4771,-19.5312,0.4632,1.0776,0.5000,12,19.0294,35.2925,14.9802,0,delay
S3-14,pre,bear,A,179,179,757,0.2365,-16.7763,-0.9348,-22.9901,-1.2811,-61.7660,0.3687,0.7471,0.2222,9,-41.1524,47.0721,6.2139,165,delay
S3-14,pre,bear,B,179,179,757,0.2365,-16.7763,-0.9348,-26.4525,-1.4746,-64.3207,0.3631,0.7158,0.2222,9,-47.3500,51.2732,9.6762,165,delay
S3-14,dev,all,A,534,534,689,0.7750,14.9048,1.2461,9.6219,0.8041,-26.8964,0.4288,1.1099,0.3636,11,51.3812,41.5803,5.2828,85,delay
S3-14,dev,all,B,534,534,689,0.7750,14.9048,1.2461,6.5207,0.5448,-31.6035,0.4251,1.0730,0.3636,11,34.8203,46.3856,8.3841,85,delay
S3-14,dev,bull,A,305,305,689,0.4427,1.0129,0.0711,-3.9575,-0.2778,-31.6121,0.4131,0.9541,0.4545,11,-12.0705,33.6673,4.9705,0,delay
S3-14,dev,bull,B,305,305,689,0.4427,1.0129,0.0711,-7.2911,-0.5115,-34.7624,0.4098,0.9174,0.4545,11,-22.2378,40.3098,8.3040,0,delay
S3-14,dev,bear,A,229,229,689,0.3324,33.4069,1.6357,27.7082,1.3559,-20.8435,0.4498,1.3103,0.6000,10,63.4517,26.6270,5.6988,85,delay
S3-14,dev,bear,B,229,229,689,0.3324,33.4069,1.6357,24.9162,1.2192,-24.9812,0.4454,1.2743,0.6000,10,57.0581,28.3211,8.4907,85,delay
S3-14,val,all,A,224,224,314,0.7134,4.2956,0.2942,-0.2370,-0.0162,-25.3309,0.4152,0.9970,0.6000,5,-0.5310,53.1222,4.5327,57,delay
S3-14,val,all,B,224,224,314,0.7134,4.2956,0.2942,-3.2367,-0.2214,-28.6663,0.4107,0.9594,0.4000,5,-7.2503,56.2772,7.5324,57,delay
S3-14,val,bull,A,137,137,314,0.4363,20.3261,1.0687,16.1851,0.8500,-13.8553,0.4526,1.2330,0.8000,5,22.1736,23.1018,4.1410,0,delay
S3-14,val,bull,B,137,137,314,0.4363,20.3261,1.0687,13.4204,0.7043,-15.6142,0.4453,1.1889,0.6000,5,18.3859,24.6159,6.9058,0,delay
S3-14,val,bear,A,87,87,314,0.2771,-20.9478,-0.9270,-26.0972,-1.1553,-46.3459,0.3563,0.7144,0.0000,3,-22.7046,35.9301,5.1494,57,delay
S3-14,val,bear,B,87,87,314,0.2771,-20.9478,-0.9270,-29.4669,-1.3048,-50.2727,0.3563,0.6848,0.0000,3,-25.6362,37.7518,8.5191,57,delay
S3-14,pre,all,A,522,522,757,0.6896,14.9995,1.4691,3.7578,0.3668,-49.6926,0.4176,1.0445,0.4167,12,19.6155,66.7453,11.2417,172,neighbour
S3-14,pre,all,B,522,522,757,0.6896,14.9995,1.4691,2.0422,0.1993,-50.1553,0.4119,1.0239,0.4167,12,10.6604,68.8936,12.9572,172,neighbour
S3-14,pre,bull,A,334,334,757,0.4412,26.3535,2.0872,12.2516,0.9639,-49.6926,0.4431,1.1473,0.5833,12,40.9204,37.4508,14.1018,0,neighbour
S3-14,pre,bull,B,334,334,757,0.4412,26.3535,2.0872,11.5093,0.9056,-50.0439,0.4401,1.1377,0.5833,12,38.4410,37.7971,14.8442,0,neighbour
S3-14,pre,bear,A,188,188,757,0.2483,-5.1720,-0.2993,-11.3324,-0.6557,-51.4023,0.3723,0.8695,0.4444,9,-21.3050,35.6606,6.1604,172,neighbour
S3-14,pre,bear,B,188,188,757,0.2483,-5.1720,-0.2993,-14.7769,-0.8552,-53.0835,0.3617,0.8338,0.4444,9,-27.7805,39.3763,9.6048,172,neighbour
S3-14,dev,all,A,540,540,689,0.7837,11.9314,0.9566,6.6614,0.5338,-80.4737,0.4167,1.0655,0.4545,11,35.9716,58.7203,5.2700,87,neighbour
S3-14,dev,all,B,540,540,689,0.7837,11.9314,0.9566,3.5598,0.2851,-83.5349,0.4167,1.0344,0.4545,11,19.2228,63.4927,8.3717,87,neighbour
S3-14,dev,bull,A,308,308,689,0.4470,-7.1869,-0.4929,-12.1615,-0.8334,-89.2470,0.3864,0.8826,0.5455,11,-37.4574,57.8752,4.9746,0,neighbour
S3-14,dev,bull,B,308,308,689,0.4470,-7.1869,-0.4929,-15.4976,-1.0613,-90.7409,0.3864,0.8534,0.2727,11,-47.7327,67.0080,8.3107,0,neighbour
S3-14,dev,bear,A,232,232,689,0.3367,37.3127,1.7305,31.6504,1.4671,-66.2169,0.4569,1.3187,0.7000,10,73.4289,22.2118,5.6623,87,neighbour
S3-14,dev,bear,B,232,232,689,0.3367,37.3127,1.7305,28.8601,1.3378,-68.9130,0.4569,1.2863,0.6000,10,66.9555,23.3364,8.4526,87,neighbour
S3-14,val,all,A,225,225,314,0.7166,7.2164,0.4309,2.6866,0.1603,-93.5408,0.3911,1.0284,0.4000,5,6.0449,43.9336,4.5298,57,neighbour
S3-14,val,all,B,225,225,314,0.7166,7.2164,0.4309,-0.3108,-0.0185,-96.2789,0.3867,0.9968,0.4000,5,-0.6993,45.6822,7.5272,57,neighbour
S3-14,val,bull,A,137,137,314,0.4363,21.0658,1.0070,16.9279,0.8084,-77.3080,0.4088,1.2000,0.6000,5,23.1913,17.2424,4.1379,0,neighbour
S3-14,val,bull,B,137,137,314,0.4363,21.0658,1.0070,14.1653,0.6761,-78.8591,0.4088,1.1642,0.6000,5,19.4065,18.6811,6.9005,0,neighbour
S3-14,val,bear,A,88,88,314,0.2803,-14.3447,-0.5160,-19.4846,-0.7011,-106.3994,0.3636,0.8229,0.3333,3,-17.1464,35.4724,5.1399,57,neighbour
S3-14,val,bear,B,88,88,314,0.2803,-14.3447,-0.5160,-22.8475,-0.8222,-109.7147,0.3523,0.7964,0.3333,3,-20.1058,36.3994,8.5028,57,neighbour
