ticker,period,n_days,pct_RTH_minute_volume_15:50-15:59,pct_RTH_minute_volume_15:30-15:59,rms_1m_15:50-15:59_over_15:00-15:49,median_abs_auction_jump_bps,p90_abs_auction_jump_bps,p99_abs_auction_jump_bps,median_abs_auction_jump_in_1min_rms_units,median_unadj_price,median_tick_bps
SOXL,secondary,685,4.50191,8.9974,1.27068,11.1132,27.4005,59.4051,0.400025,22.97,4.3535
SOXL,primary,493,7.27688,12.4711,1.40643,6.20925,22.4714,49.6025,0.201599,36.21,2.76167
SOXS,secondary,685,4.18693,8.54317,1.25829,9.47418,25.4,47.4371,0.338122,20.51,4.87567
SOXS,primary,493,4.11197,8.03632,1.3826,11.0619,32.1855,66.1755,0.341796,12.89,7.75795
SOXX,secondary,685,9.41042,16.5714,1.27811,2.98678,9.47377,15.3636,0.322439,414.94,0.240999
SOXX,primary,493,10.9963,17.0859,1.42379,1.59885,6.54508,14.4889,0.158575,269.83,0.370604
SMH,secondary,685,9.1216,16.3914,1.26988,1.90724,6.61263,12.2949,0.214643,220.8,0.452899
SMH,primary,493,10.3551,16.933,1.41778,1.53698,6.03878,13.6897,0.166593,325.1,0.307598
NVDA,secondary,685,4.64372,9.45373,1.24578,1.42585,6.01123,16.248,0.107313,245.07,0.408047
NVDA,primary,493,5.81682,10.4368,1.62366,2.20483,8.23704,21.4979,0.172068,178.07,0.561577
TQQQ,secondary,685,4.49237,9.18734,1.2663,3.73622,12.0747,28.8905,0.181969,39.89,2.50689
TQQQ,primary,493,5.34141,9.27936,1.45858,1.77794,5.08363,10.1824,0.10023,73.56,1.35943
SQQQ,secondary,685,4.46842,9.14914,1.24728,4.70084,12.3037,29.8422,0.232544,23.09,4.33088
SQQQ,primary,493,5.20551,9.23155,1.44291,2.67201,6.65745,13.9174,0.151061,33.72,2.9656
QQQ,secondary,685,7.97205,13.8736,1.26418,1.04919,3.35738,9.54923,0.155755,357.68,0.27958
QQQ,primary,493,8.1708,13.5436,1.45602,0.675509,2.1815,9.67316,0.115661,588.5,0.169924
