driver,ticker,period,driver_move_bin,n_days,mean_abs_last30_bps,mean_signed_last30_bps (+ = continues own day move),pct_last30_same_dir_as_own_day_move,mean_signed_15:50_to_close_bps,pct_15:50_to_close_same_dir,mean_signed_auction_jump_bps,mean_abs_auction_jump_bps
SOXX,SOXX,secondary,|R|<1%,254,30.7492,0.935879,53.1496,1.37183,51.5748,-0.704959,3.467
SOXX,SOXX,secondary,1-2%,187,35.7082,0.90756,52.9412,5.9078,56.1497,-1.3461,3.83969
SOXX,SOXX,secondary,2-3%,127,36.0796,-5.10837,49.6063,1.43268,53.5433,-2.35375,4.47232
SOXX,SOXX,secondary,>=3%,117,37.1567,2.40031,49.5726,4.99264,53.8462,-4.31496,5.79388
SOXX,SMH,secondary,|R|<1%,254,29.0389,-0.0445554,50.3937,1.19786,51.5748,0.10586,2.57915
SOXX,SMH,secondary,1-2%,187,34.087,2.56271,52.9412,7.1917,61.4973,0.0448018,2.69808
SOXX,SMH,secondary,2-3%,127,33.8711,-2.10894,48.8189,3.9228,59.0551,0.488203,2.73871
SOXX,SMH,secondary,>=3%,117,34.6006,5.31372,53.8462,7.32222,61.5385,-0.526129,3.53441
SOXX,NVDA,secondary,|R|<1%,254,42.8791,-0.0507762,53.937,1.02084,48.8189,-0.124462,2.12003
SOXX,NVDA,secondary,1-2%,187,48.305,2.51078,51.8717,8.01426,56.1497,0.18437,2.4691
SOXX,NVDA,secondary,2-3%,127,46.6477,3.87382,55.9055,5.21308,57.4803,0.0842302,2.56636
SOXX,NVDA,secondary,>=3%,117,48.1895,9.45766,57.265,10.7768,62.3932,-0.582785,3.36435
SOXX,SOXL,secondary,|R|<1%,254,86.487,-3.58603,50.3937,2.88706,51.5748,-4.84596,10.8478
SOXX,SOXL,secondary,1-2%,187,105.535,-4.11979,49.1979,11.09,53.4759,-10.5334,13.3301
SOXX,SOXL,secondary,2-3%,127,106.491,-22.2126,46.4567,-2.51625,48.8189,-12.267,14.1901
SOXX,SOXL,secondary,>=3%,117,107.711,-1.44544,47.8632,5.66875,54.7009,-17.4699,19.1006
SOXX,SOXS,secondary,|R|<1%,254,92.3152,4.20686,52.7559,7.16252,55.1181,-0.552948,10.7916
SOXX,SOXS,secondary,1-2%,187,107.684,4.39415,51.3369,19.6293,56.6845,-2.45155,11.1593
SOXX,SOXS,secondary,2-3%,127,105.578,-14.0414,48.8189,7.65985,51.9685,-5.09262,11.8256
SOXX,SOXS,secondary,>=3%,117,111.002,9.36493,52.9915,15.8273,55.5556,-9.61714,14.6568
QQQ,QQQ,secondary,|R|<1%,375,20.9958,0.750237,54.1333,1.80864,55.2,-0.204718,1.39031
QQQ,QQQ,secondary,1-2%,193,22.8669,-1.65595,47.6684,-0.456863,47.6684,-0.683934,1.57354
QQQ,QQQ,secondary,2-3%,90,24.8291,5.97409,48.8889,2.09175,51.1111,-0.915988,1.89237
QQQ,QQQ,secondary,>=3%,27,36.8965,4.30244,59.2593,-0.860823,51.8519,0.812778,3.30161
QQQ,TQQQ,secondary,|R|<1%,375,63.0763,1.48986,52.5333,4.73914,54.6667,-1.77474,4.24851
QQQ,TQQQ,secondary,1-2%,193,68.2281,-7.6912,47.1503,-4.27277,47.1503,-4.57382,5.66516
QQQ,TQQQ,secondary,2-3%,90,74.5281,12.5119,47.7778,1.02424,43.3333,-7.81762,8.30574
QQQ,TQQQ,secondary,>=3%,27,112.563,3.39785,55.5556,-15.3103,48.1481,-7.37663,13.4536
QQQ,SQQQ,secondary,|R|<1%,375,63.4349,1.37409,51.7333,5.42229,54.4,-1.17436,4.8871
QQQ,SQQQ,secondary,1-2%,193,68.8084,-7.10738,47.1503,-3.25773,46.6321,-3.79306,5.90781
QQQ,SQQQ,secondary,2-3%,90,75.3765,13.9596,45.5556,1.49523,44.4444,-6.9436,7.65358
QQQ,SQQQ,secondary,>=3%,27,108.033,-3.57321,51.8519,-10.6521,44.4444,-10.7349,12.7972
SOXX,SOXX,primary,|R|<1%,173,28.4868,-5.79502,44.5087,-0.324687,50.8671,-0.360146,1.63257
SOXX,SOXX,primary,1-2%,137,37.4323,-7.27458,38.6861,-2.25624,45.9854,-0.642731,2.41553
SOXX,SOXX,primary,2-3%,73,38.7542,-14.9374,32.8767,-4.16839,49.3151,-2.48227,3.37319
SOXX,SOXX,primary,>=3%,110,51.0761,-7.71189,45.4545,-3.22574,48.1818,-2.00467,4.29927
SOXX,SMH,primary,|R|<1%,173,25.4033,-6.98993,44.5087,-2.01326,52.6012,0.0477147,1.74512
SOXX,SMH,primary,1-2%,137,33.5547,-4.20461,40.146,-0.648264,49.635,-0.727151,2.32502
SOXX,SMH,primary,2-3%,73,33.6031,-10.2006,34.2466,-1.8521,46.5753,-0.98936,2.08688
SOXX,SMH,primary,>=3%,110,43.2426,-5.96652,44.5455,-2.94626,48.1818,-2.00964,4.01165
SOXX,NVDA,primary,|R|<1%,173,37.5543,-5.94723,52.6012,-4.11552,52.0231,-0.0460017,2.66863
SOXX,NVDA,primary,1-2%,137,44.5733,6.16933,56.2044,1.37341,48.9051,0.129421,3.97789
SOXX,NVDA,primary,2-3%,73,40.7302,-6.9884,47.9452,-5.88784,43.8356,0.910692,3.24795
SOXX,NVDA,primary,>=3%,110,46.7878,0.450085,53.6364,3.18901,58.1818,1.07033,4.86762
SOXX,SOXL,primary,|R|<1%,173,85.7249,-23.7852,42.7746,-4.60413,47.9769,-3.51466,8.86292
SOXX,SOXL,primary,1-2%,137,106.5,-26.6117,36.4964,-10.0171,40.146,-4.71585,10.1948
SOXX,SOXL,primary,2-3%,73,114.56,-45.5592,32.8767,-13.1114,43.8356,-5.96413,10.5479
SOXX,SOXL,primary,>=3%,110,156.608,-33.367,44.5455,-16.2215,49.0909,-5.32353,9.45251
SOXX,SOXS,primary,|R|<1%,173,88.0823,-19.5408,42.7746,-2.97176,50.289,-2.74661,12.7387
SOXX,SOXS,primary,1-2%,137,114.163,-23.1161,38.6861,-9.33367,45.9854,-6.1275,15.101
SOXX,SOXS,primary,2-3%,73,114.133,-42.7889,30.137,-6.79059,47.9452,-2.5075,13.5078
SOXX,SOXS,primary,>=3%,110,147.921,-19.2607,47.2727,-14.6242,47.2727,-10.5479,17.4581
QQQ,QQQ,primary,|R|<1%,311,16.5336,-1.62477,45.9807,-0.639469,46.9453,0.0248378,0.788459
QQQ,QQQ,primary,1-2%,132,18.728,-4.69974,43.1818,-4.40918,40.9091,0.194753,1.20467
QQQ,QQQ,primary,2-3%,34,20.7439,4.95319,52.9412,-0.128896,47.0588,1.40452,1.97701
QQQ,QQQ,primary,>=3%,16,47.2405,6.90975,56.25,4.72126,56.25,3.76456,4.2768
QQQ,TQQQ,primary,|R|<1%,311,49.33,-6.18419,46.9453,-2.35145,46.6238,-0.616485,2.1484
QQQ,TQQQ,primary,1-2%,132,56.3376,-16.293,42.4242,-15.5263,40.1515,-1.56616,2.65628
QQQ,TQQQ,primary,2-3%,34,60.4041,8.91724,44.1176,-6.01173,44.1176,-1.46863,2.77737
QQQ,TQQQ,primary,>=3%,16,142.505,2.48136,56.25,-2.54058,50,-3.59403,4.13574
QQQ,SQQQ,primary,|R|<1%,311,49.5161,-5.05149,45.9807,-1.67854,46.6238,0.182452,3.08331
QQQ,SQQQ,primary,1-2%,132,57.4342,-15.134,41.6667,-13.4381,41.6667,0.141364,3.28454
QQQ,SQQQ,primary,2-3%,34,58.9141,12.3332,47.0588,-4.86582,44.1176,0.973897,2.7241
QQQ,SQQQ,primary,>=3%,16,130.215,15.3181,56.25,-1.70607,50,-4.75126,6.16013
