ticker,window,trade_time_ET,price,size,exchange_id,conditions,minute_bar_start,minute_bar_volume,minute_bar_open,daily_bar_open,daily_bar_close
SOXL,open,09:30:00.292912,149.33,198682,11,[16],09:30,764454,149.24,149.24,151.45
SOXL,open,09:30:00.292909,149.33,198682,11,"[17, 41]",09:30,764454,149.24,149.24,151.45
SOXL,close,16:00:01.020114,151.45,1.03834e+06,11,"[8, 41]",16:00,17117.1,151.35,149.24,151.45
SOXL,close,16:00:01.020616,151.45,1.03834e+06,11,[15],16:00,17117.1,151.35,149.24,151.45
SOXS,open,09:30:00.160560,32.93,84900,11,"[17, 41]",09:30,786118,32.97,32.97,32.43
SOXS,open,09:30:00.160563,32.93,84900,11,[16],09:30,786118,32.97,32.97,32.43
SOXS,close,16:00:00.233754,32.43,78519,11,[15],16:00,21283.9,32.46,32.97,32.43
SOXS,close,16:00:00.233645,32.43,78519,11,"[8, 41]",16:00,21283.9,32.46,32.97,32.43
SOXX,open,09:30:00.469237,570,27986,12,[16],09:30,81829.2,569.48,569.48,572.68
SOXX,open,09:30:00.469084,570,27986,12,"[9, 17, 41]",09:30,81829.2,569.48,569.48,572.68
SOXX,close,16:00:00.204550,572.68,98904,12,[15],16:00,2019.35,572.68,569.48,572.68
SOXX,close,16:00:00.204537,572.68,98904,12,"[8, 9, 41]",16:00,2019.35,572.68,569.48,572.68
