ticker,period,q_min,VR_obs,VR_null_mean,VR_null_sd,obs_minus_null_in_null_sd,null_p2.5,null_p97.5
SOXL,secondary,5,0.988373,0.999277,0.00400167,-2.72477,0.991936,1.00617
SOXL,secondary,15,0.980639,0.996009,0.00805971,-1.90706,0.980224,1.01055
SOXL,secondary,60,1.00238,0.989098,0.0115054,1.15479,0.968495,1.00945
SOXL,primary,5,0.991748,1.00043,0.00594056,-1.46199,0.990199,1.0103
SOXL,primary,15,0.973668,1.00536,0.00890614,-3.55831,0.986944,1.02055
SOXL,primary,60,0.944818,1.0194,0.024743,-3.01422,0.977579,1.07411
SOXS,secondary,5,0.940877,0.999664,0.00463422,-12.6855,0.991213,1.00694
SOXS,secondary,15,0.921244,0.999253,0.00861873,-9.05114,0.983029,1.01387
SOXS,secondary,60,0.937716,0.994508,0.0195875,-2.89937,0.960055,1.02932
SOXS,primary,5,0.888641,1.00161,0.00638872,-17.6829,0.991463,1.01276
SOXS,primary,15,0.852337,0.999136,0.0130489,-11.2499,0.981098,1.02275
SOXS,primary,60,0.817531,0.99265,0.0226852,-7.71951,0.951965,1.03072
SOXX,secondary,5,0.977374,1.00032,0.00535416,-4.28602,0.991253,1.0108
SOXX,secondary,15,0.971047,0.997791,0.00991741,-2.69661,0.977765,1.00954
SOXX,secondary,60,0.993123,0.994317,0.0203365,-0.0586983,0.954933,1.0237
SOXX,primary,5,0.990334,0.99995,0.00604355,-1.59121,0.989761,1.00972
SOXX,primary,15,0.97406,1.00334,0.0117972,-2.48212,0.985387,1.02722
SOXX,primary,60,0.94389,1.0017,0.0218272,-2.64873,0.963638,1.04052
SMH,secondary,5,0.995306,1.00095,0.00460051,-1.22731,0.992907,1.00865
SMH,secondary,15,0.986741,1.00391,0.00778598,-2.20531,0.990857,1.01938
SMH,secondary,60,1.00075,1.00351,0.0158512,-0.174571,0.974196,1.03132
SMH,primary,5,0.99476,0.99948,0.00438422,-1.07656,0.99209,1.00807
SMH,primary,15,0.970949,0.99575,0.0142455,-1.74101,0.968505,1.01486
SMH,primary,60,0.927772,0.992121,0.0292698,-2.19845,0.936285,1.03142
NVDA,secondary,5,0.979125,1.00047,0.00429866,-4.96587,0.995471,1.00908
NVDA,secondary,15,0.96102,1.00231,0.00888519,-4.6468,0.990536,1.02028
NVDA,secondary,60,0.948315,0.998165,0.0229109,-2.17581,0.962964,1.04348
NVDA,primary,5,0.99474,0.999186,0.00554609,-0.80162,0.989756,1.00677
NVDA,primary,15,0.960013,0.998865,0.0100692,-3.85841,0.985418,1.01306
NVDA,primary,60,0.931431,0.993007,0.024739,-2.489,0.952709,1.03945
TQQQ,secondary,5,0.988745,0.99966,0.00541313,-2.01631,0.990323,1.00995
TQQQ,secondary,15,0.980091,0.997075,0.00713815,-2.37924,0.983917,1.01055
TQQQ,secondary,60,0.99309,0.993644,0.0158284,-0.0349807,0.97281,1.02522
TQQQ,primary,5,0.974479,0.998761,0.00630458,-3.85145,0.988708,1.01078
TQQQ,primary,15,0.94156,0.997125,0.0132816,-4.18365,0.971403,1.01904
TQQQ,primary,60,0.903781,0.993771,0.0235445,-3.8221,0.946826,1.04086
SQQQ,secondary,5,0.940337,0.99914,0.00429861,-13.6796,0.991114,1.00591
SQQQ,secondary,15,0.920636,1.00021,0.00950038,-8.3755,0.982909,1.0164
SQQQ,secondary,60,0.928883,1.00373,0.0223102,-3.35483,0.973513,1.04524
SQQQ,primary,5,0.938097,1.00187,0.00732343,-8.70777,0.994074,1.01873
SQQQ,primary,15,0.900967,1.0003,0.0136144,-7.29598,0.983193,1.02851
SQQQ,primary,60,0.865041,0.998309,0.0267106,-4.98932,0.958068,1.04794
QQQ,secondary,5,0.9949,0.997198,0.00526629,-0.436203,0.988867,1.00713
QQQ,secondary,15,0.98819,0.997317,0.00881966,-1.03489,0.984886,1.01651
QQQ,secondary,60,1.00331,0.999736,0.0203741,0.175179,0.969994,1.03807
QQQ,primary,5,0.974333,0.999235,0.00747379,-3.33183,0.987556,1.01318
QQQ,primary,15,0.940853,0.998854,0.0127763,-4.53976,0.981562,1.02701
QQQ,primary,60,0.905039,0.997472,0.0216103,-4.27729,0.966687,1.03623
