ticker,period,q_min,bucket,VR_overlap_deseasonalised,z_robust
SOXL,secondary,5,09:30,0.979848,-1.31863
SOXL,secondary,5,10:00,0.998643,-0.0877296
SOXL,secondary,5,10:30,1.02227,1.4361
SOXL,secondary,5,11:00,0.988917,-0.698253
SOXL,secondary,5,11:30,0.973922,-1.61119
SOXL,secondary,5,12:00,0.972592,-1.69424
SOXL,secondary,5,12:30,0.954985,-2.69505
SOXL,secondary,5,13:00,0.981341,-1.09888
SOXL,secondary,5,13:30,0.996804,-0.181388
SOXL,secondary,5,14:00,0.954098,-2.36858
SOXL,secondary,5,14:30,0.996626,-0.162787
SOXL,secondary,5,15:00,0.996141,-0.225001
SOXL,secondary,5,15:30,1.00825,0.50951
SOXL,secondary,15,09:30,0.964694,-1.24316
SOXL,secondary,15,10:00,0.94706,-1.86452
SOXL,secondary,15,10:30,1.03585,1.25877
SOXL,secondary,15,11:00,0.989944,-0.345728
SOXL,secondary,15,11:30,0.96622,-1.14606
SOXL,secondary,15,12:00,0.951071,-1.66486
SOXL,secondary,15,12:30,0.958071,-1.38641
SOXL,secondary,15,13:00,0.97896,-0.683556
SOXL,secondary,15,13:30,0.937286,-1.96836
SOXL,secondary,15,14:00,0.886491,-3.27575
SOXL,secondary,15,14:30,1.02622,0.688519
SOXL,secondary,15,15:00,0.999153,-0.0269334
SOXL,secondary,15,15:30,0.99529,-0.156952
SOXL,primary,5,09:30,0.997381,-0.141192
SOXL,primary,5,10:00,1.0014,0.0747188
SOXL,primary,5,10:30,0.976827,-1.19322
SOXL,primary,5,11:00,0.987945,-0.612483
SOXL,primary,5,11:30,0.979334,-1.05668
SOXL,primary,5,12:00,0.963547,-1.7503
SOXL,primary,5,12:30,1.01515,0.688791
SOXL,primary,5,13:00,0.974348,-1.14423
SOXL,primary,5,13:30,0.993891,-0.277245
SOXL,primary,5,14:00,0.989478,-0.458567
SOXL,primary,5,14:30,0.981792,-0.753013
SOXL,primary,5,15:00,1.0265,1.1991
SOXL,primary,5,15:30,1.05486,2.45701
SOXL,primary,15,09:30,0.998983,-0.029779
SOXL,primary,15,10:00,0.99903,-0.0281147
SOXL,primary,15,10:30,0.907246,-2.62482
SOXL,primary,15,11:00,0.981848,-0.508917
SOXL,primary,15,11:30,0.945262,-1.53614
SOXL,primary,15,12:00,0.945744,-1.44727
SOXL,primary,15,12:30,0.947859,-1.32534
SOXL,primary,15,13:00,0.998782,-0.0301427
SOXL,primary,15,13:30,0.915741,-2.0962
SOXL,primary,15,14:00,0.96094,-0.935571
SOXL,primary,15,14:30,0.926521,-1.63814
SOXL,primary,15,15:00,1.05616,1.39823
SOXL,primary,15,15:30,1.12115,3.03708
SOXS,secondary,5,09:30,0.966377,-2.2055
SOXS,secondary,5,10:00,0.966121,-2.20336
SOXS,secondary,5,10:30,0.988953,-0.717206
SOXS,secondary,5,11:00,0.949065,-3.22609
SOXS,secondary,5,11:30,0.916683,-5.19819
SOXS,secondary,5,12:00,0.923782,-4.74695
SOXS,secondary,5,12:30,0.900574,-6.06404
SOXS,secondary,5,13:00,0.914222,-5.07914
SOXS,secondary,5,13:30,0.928283,-4.19666
SOXS,secondary,5,14:00,0.909578,-4.74367
SOXS,secondary,5,14:30,0.93858,-3.06334
SOXS,secondary,5,15:00,0.94369,-3.36421
SOXS,secondary,5,15:30,0.963221,-2.31183
SOXS,secondary,15,09:30,0.95147,-1.71679
SOXS,secondary,15,10:00,0.913042,-3.07577
SOXS,secondary,15,10:30,0.989431,-0.373314
SOXS,secondary,15,11:00,0.936601,-2.19212
SOXS,secondary,15,11:30,0.89925,-3.44681
SOXS,secondary,15,12:00,0.888219,-3.83225
SOXS,secondary,15,12:30,0.893885,-3.54658
SOXS,secondary,15,13:00,0.89364,-3.46438
SOXS,secondary,15,13:30,0.858893,-4.56326
SOXS,secondary,15,14:00,0.831454,-4.94962
SOXS,secondary,15,14:30,0.950343,-1.34621
SOXS,secondary,15,15:00,0.936334,-2.07163
SOXS,secondary,15,15:30,0.937336,-2.12248
SOXS,primary,5,09:30,0.969573,-1.65803
SOXS,primary,5,10:00,0.948128,-2.82272
SOXS,primary,5,10:30,0.90522,-4.95962
SOXS,primary,5,11:00,0.905129,-4.89274
SOXS,primary,5,11:30,0.877495,-6.29535
SOXS,primary,5,12:00,0.861409,-6.7935
SOXS,primary,5,12:30,0.902457,-4.72094
SOXS,primary,5,13:00,0.848772,-7.39197
SOXS,primary,5,13:30,0.852234,-7.12938
SOXS,primary,5,14:00,0.839579,-7.38319
SOXS,primary,5,14:30,0.84256,-7.1292
SOXS,primary,5,15:00,0.886565,-5.42085
SOXS,primary,5,15:30,0.940273,-2.78115
SOXS,primary,15,09:30,0.976932,-0.6807
SOXS,primary,15,10:00,0.936204,-1.87045
SOXS,primary,15,10:30,0.824454,-5.03997
SOXS,primary,15,11:00,0.881415,-3.37225
SOXS,primary,15,11:30,0.815417,-5.24692
SOXS,primary,15,12:00,0.820777,-4.9014
SOXS,primary,15,12:30,0.822494,-4.7574
SOXS,primary,15,13:00,0.851892,-3.96958
SOXS,primary,15,13:30,0.757606,-6.4422
SOXS,primary,15,14:00,0.792249,-5.26364
SOXS,primary,15,14:30,0.776692,-5.47763
SOXS,primary,15,15:00,0.891152,-2.84962
SOXS,primary,15,15:30,0.955661,-1.15775
SOXX,secondary,5,09:30,0.964069,-2.35405
SOXX,secondary,5,10:00,0.983988,-1.04911
SOXX,secondary,5,10:30,1.00239,0.156583
SOXX,secondary,5,11:00,0.964975,-2.23599
SOXX,secondary,5,11:30,0.962053,-2.39562
SOXX,secondary,5,12:00,0.965503,-2.15652
SOXX,secondary,5,12:30,0.941285,-3.54919
SOXX,secondary,5,13:00,0.96912,-1.84687
SOXX,secondary,5,13:30,0.991267,-0.512266
SOXX,secondary,5,14:00,0.942612,-2.94531
SOXX,secondary,5,14:30,0.977842,-1.09988
SOXX,secondary,5,15:00,0.988412,-0.685298
SOXX,secondary,5,15:30,1.01706,1.05485
SOXX,secondary,15,09:30,0.957367,-1.50204
SOXX,secondary,15,10:00,0.931997,-2.41194
SOXX,secondary,15,10:30,1.02006,0.709318
SOXX,secondary,15,11:00,0.970118,-1.03511
SOXX,secondary,15,11:30,0.945239,-1.88044
SOXX,secondary,15,12:00,0.946545,-1.82622
SOXX,secondary,15,12:30,0.953502,-1.54354
SOXX,secondary,15,13:00,0.967606,-1.0591
SOXX,secondary,15,13:30,0.926589,-2.35381
SOXX,secondary,15,14:00,0.882948,-3.34173
SOXX,secondary,15,14:30,1.01092,0.292841
SOXX,secondary,15,15:00,0.990225,-0.313371
SOXX,secondary,15,15:30,1.01289,0.428301
SOXX,primary,5,09:30,0.995871,-0.22428
SOXX,primary,5,10:00,0.995652,-0.233583
SOXX,primary,5,10:30,0.974414,-1.32471
SOXX,primary,5,11:00,0.98743,-0.642388
SOXX,primary,5,11:30,0.974267,-1.32416
SOXX,primary,5,12:00,0.965149,-1.66642
SOXX,primary,5,12:30,1.01252,0.57608
SOXX,primary,5,13:00,0.980154,-0.896907
SOXX,primary,5,13:30,0.99123,-0.401208
SOXX,primary,5,14:00,0.976443,-1.04089
SOXX,primary,5,14:30,0.981084,-0.783692
SOXX,primary,5,15:00,1.02064,0.940526
SOXX,primary,5,15:30,1.06438,2.87489
SOXX,primary,15,09:30,1.00135,0.039811
SOXX,primary,15,10:00,0.999313,-0.0200065
SOXX,primary,15,10:30,0.910219,-2.55274
SOXX,primary,15,11:00,0.984329,-0.442798
SOXX,primary,15,11:30,0.947034,-1.49645
SOXX,primary,15,12:00,0.946087,-1.43683
SOXX,primary,15,12:30,0.944481,-1.42581
SOXX,primary,15,13:00,1.00706,0.176331
SOXX,primary,15,13:30,0.917639,-2.06899
SOXX,primary,15,14:00,0.94861,-1.24325
SOXX,primary,15,14:30,0.932472,-1.50493
SOXX,primary,15,15:00,1.05382,1.34941
SOXX,primary,15,15:30,1.13157,3.30777
SMH,secondary,5,09:30,0.996712,-0.215683
SMH,secondary,5,10:00,1.00069,0.0450999
SMH,secondary,5,10:30,1.02165,1.39945
SMH,secondary,5,11:00,0.997618,-0.149774
SMH,secondary,5,11:30,0.970399,-1.83683
SMH,secondary,5,12:00,0.986315,-0.845228
SMH,secondary,5,12:30,0.965099,-2.05694
SMH,secondary,5,13:00,0.994167,-0.342485
SMH,secondary,5,13:30,0.999845,-0.00878918
SMH,secondary,5,14:00,0.966926,-1.70625
SMH,secondary,5,14:30,1.00532,0.255105
SMH,secondary,5,15:00,0.993952,-0.35108
SMH,secondary,5,15:30,1.00647,0.404991
SMH,secondary,15,09:30,1.00548,0.193189
SMH,secondary,15,10:00,0.954716,-1.60417
SMH,secondary,15,10:30,1.036,1.26709
SMH,secondary,15,11:00,0.99452,-0.187982
SMH,secondary,15,11:30,0.966025,-1.15638
SMH,secondary,15,12:00,0.970658,-0.99693
SMH,secondary,15,12:30,0.964984,-1.14704
SMH,secondary,15,13:00,0.992486,-0.242959
SMH,secondary,15,13:30,0.947724,-1.64312
SMH,secondary,15,14:00,0.894586,-3.02837
SMH,secondary,15,14:30,1.03986,1.0428
SMH,secondary,15,15:00,0.977773,-0.705016
SMH,secondary,15,15:30,0.991237,-0.294791
SMH,primary,5,09:30,0.999466,-0.0292157
SMH,primary,5,10:00,0.996087,-0.21266
SMH,primary,5,10:30,0.980739,-1.00404
SMH,primary,5,11:00,0.989738,-0.523813
SMH,primary,5,11:30,0.989952,-0.516723
SMH,primary,5,12:00,0.969648,-1.45524
SMH,primary,5,12:30,1.02491,1.14632
SMH,primary,5,13:00,0.987312,-0.573075
SMH,primary,5,13:30,0.997071,-0.134173
SMH,primary,5,14:00,0.987564,-0.555193
SMH,primary,5,14:30,0.984275,-0.65858
SMH,primary,5,15:00,1.02046,0.907547
SMH,primary,5,15:30,1.04757,2.07142
SMH,primary,15,09:30,1.00852,0.251964
SMH,primary,15,10:00,0.975586,-0.715987
SMH,primary,15,10:30,0.909805,-2.57173
SMH,primary,15,11:00,0.966847,-0.935408
SMH,primary,15,11:30,0.953956,-1.30371
SMH,primary,15,12:00,0.960257,-1.05545
SMH,primary,15,12:30,0.937783,-1.60087
SMH,primary,15,13:00,0.995696,-0.107278
SMH,primary,15,13:30,0.917293,-2.06456
SMH,primary,15,14:00,0.953498,-1.13512
SMH,primary,15,14:30,0.916941,-1.88036
SMH,primary,15,15:00,1.02824,0.690189
SMH,primary,15,15:30,1.05317,1.29951
NVDA,secondary,5,09:30,1.00888,0.578528
NVDA,secondary,5,10:00,0.997495,-0.164203
NVDA,secondary,5,10:30,1.02202,1.4337
NVDA,secondary,5,11:00,0.98408,-0.993689
NVDA,secondary,5,11:30,0.973012,-1.6616
NVDA,secondary,5,12:00,0.977066,-1.40169
NVDA,secondary,5,12:30,0.948707,-3.04554
NVDA,secondary,5,13:00,1.00578,0.334325
NVDA,secondary,5,13:30,0.969391,-1.75452
NVDA,secondary,5,14:00,0.955241,-2.31628
NVDA,secondary,5,14:30,0.975698,-1.19352
NVDA,secondary,5,15:00,0.932647,-3.89983
NVDA,secondary,5,15:30,0.947154,-3.22136
NVDA,secondary,15,09:30,1.02129,0.750997
NVDA,secondary,15,10:00,0.957207,-1.52232
NVDA,secondary,15,10:30,1.03663,1.29754
NVDA,secondary,15,11:00,0.956291,-1.49371
NVDA,secondary,15,11:30,0.990958,-0.304483
NVDA,secondary,15,12:00,0.963644,-1.22693
NVDA,secondary,15,12:30,0.929423,-2.32399
NVDA,secondary,15,13:00,1.03962,1.25891
NVDA,secondary,15,13:30,0.907939,-2.94386
NVDA,secondary,15,14:00,0.862878,-3.97515
NVDA,secondary,15,14:30,0.980684,-0.518047
NVDA,secondary,15,15:00,0.881833,-3.75654
NVDA,secondary,15,15:30,0.902456,-3.23693
NVDA,primary,5,09:30,0.990353,-0.528817
NVDA,primary,5,10:00,0.994463,-0.300647
NVDA,primary,5,10:30,0.982207,-0.92184
NVDA,primary,5,11:00,0.995386,-0.235502
NVDA,primary,5,11:30,0.974763,-1.29604
NVDA,primary,5,12:00,0.970442,-1.41595
NVDA,primary,5,12:30,1.01629,0.718641
NVDA,primary,5,13:00,0.982927,-0.762637
NVDA,primary,5,13:30,1.00501,0.238446
NVDA,primary,5,14:00,1.01896,0.891523
NVDA,primary,5,14:30,1.00576,0.271243
NVDA,primary,5,15:00,1.00408,0.163201
NVDA,primary,5,15:30,1.02687,1.12214
NVDA,primary,15,09:30,0.94982,-1.49654
NVDA,primary,15,10:00,0.922594,-2.27495
NVDA,primary,15,10:30,0.940688,-1.69474
NVDA,primary,15,11:00,0.961918,-1.08048
NVDA,primary,15,11:30,0.952807,-1.33286
NVDA,primary,15,12:00,0.975026,-0.66131
NVDA,primary,15,12:30,0.912768,-2.21482
NVDA,primary,15,13:00,0.913302,-2.14039
NVDA,primary,15,13:30,0.941448,-1.51393
NVDA,primary,15,14:00,0.953747,-1.20256
NVDA,primary,15,14:30,0.954495,-1.16669
NVDA,primary,15,15:00,0.966584,-0.771407
NVDA,primary,15,15:30,0.94787,-1.24087
TQQQ,secondary,5,09:30,1.0194,1.24482
TQQQ,secondary,5,10:00,1.0115,0.726945
TQQQ,secondary,5,10:30,1.03255,2.06669
TQQQ,secondary,5,11:00,0.976716,-1.42607
TQQQ,secondary,5,11:30,0.966428,-2.05145
TQQQ,secondary,5,12:00,0.966184,-2.01596
TQQQ,secondary,5,12:30,0.966059,-1.93928
TQQQ,secondary,5,13:00,0.987867,-0.689311
TQQQ,secondary,5,13:30,1.00033,0.0186046
TQQQ,secondary,5,14:00,0.948294,-2.67237
TQQQ,secondary,5,14:30,0.994324,-0.277605
TQQQ,secondary,5,15:00,0.951308,-2.79133
TQQQ,secondary,5,15:30,0.998636,-0.0827742
TQQQ,secondary,15,09:30,0.999705,-0.0101968
TQQQ,secondary,15,10:00,0.977193,-0.791263
TQQQ,secondary,15,10:30,1.04824,1.67998
TQQQ,secondary,15,11:00,0.959334,-1.38237
TQQQ,secondary,15,11:30,0.9596,-1.37239
TQQQ,secondary,15,12:00,0.949172,-1.68828
TQQQ,secondary,15,12:30,0.974768,-0.810724
TQQQ,secondary,15,13:00,0.978852,-0.671454
TQQQ,secondary,15,13:30,0.992058,-0.24809
TQQQ,secondary,15,14:00,0.903477,-2.78265
TQQQ,secondary,15,14:30,1.04607,1.24287
TQQQ,secondary,15,15:00,0.873453,-4.00305
TQQQ,secondary,15,15:30,0.986248,-0.452032
TQQQ,primary,5,09:30,1.0125,0.668096
TQQQ,primary,5,10:00,0.968464,-1.67583
TQQQ,primary,5,10:30,0.926087,-3.78974
TQQQ,primary,5,11:00,0.972906,-1.369
TQQQ,primary,5,11:30,0.980503,-0.97408
TQQQ,primary,5,12:00,0.974605,-1.21537
TQQQ,primary,5,12:30,0.979035,-0.9476
TQQQ,primary,5,13:00,0.955214,-1.99634
TQQQ,primary,5,13:30,1.00095,0.0436375
TQQQ,primary,5,14:00,0.978436,-0.971938
TQQQ,primary,5,14:30,0.981944,-0.7249
TQQQ,primary,5,15:00,0.978657,-0.940845
TQQQ,primary,5,15:30,0.993251,-0.305762
TQQQ,primary,15,09:30,1.01845,0.532908
TQQQ,primary,15,10:00,0.940284,-1.72186
TQQQ,primary,15,10:30,0.863531,-3.88379
TQQQ,primary,15,11:00,0.920327,-2.24294
TQQQ,primary,15,11:30,0.936281,-1.78485
TQQQ,primary,15,12:00,0.956574,-1.16859
TQQQ,primary,15,12:30,0.881855,-3.01681
TQQQ,primary,15,13:00,0.964845,-0.878487
TQQQ,primary,15,13:30,0.929782,-1.76715
TQQQ,primary,15,14:00,0.990393,-0.240498
TQQQ,primary,15,14:30,0.932911,-1.47646
TQQQ,primary,15,15:00,0.948687,-1.25176
TQQQ,primary,15,15:30,0.955787,-1.10932
SQQQ,secondary,5,09:30,0.99973,-0.0174886
SQQQ,secondary,5,10:00,0.984944,-0.961638
SQQQ,secondary,5,10:30,0.996282,-0.239001
SQQQ,secondary,5,11:00,0.934592,-4.06715
SQQQ,secondary,5,11:30,0.91247,-5.41181
SQQQ,secondary,5,12:00,0.903586,-5.86037
SQQQ,secondary,5,12:30,0.907263,-5.38922
SQQQ,secondary,5,13:00,0.930199,-4.05948
SQQQ,secondary,5,13:30,0.929336,-4.05226
SQQQ,secondary,5,14:00,0.897328,-5.4628
SQQQ,secondary,5,14:30,0.940434,-2.98534
SQQQ,secondary,5,15:00,0.911235,-5.26837
SQQQ,secondary,5,15:30,0.948629,-3.18774
SQQQ,secondary,15,09:30,0.975787,-0.842073
SQQQ,secondary,15,10:00,0.952722,-1.65019
SQQQ,secondary,15,10:30,1.00118,0.0417045
SQQQ,secondary,15,11:00,0.910403,-3.07781
SQQQ,secondary,15,11:30,0.892655,-3.68467
SQQQ,secondary,15,12:00,0.875835,-4.19992
SQQQ,secondary,15,12:30,0.904782,-3.09315
SQQQ,secondary,15,13:00,0.906623,-3.01441
SQQQ,secondary,15,13:30,0.908314,-2.93336
SQQQ,secondary,15,14:00,0.83625,-4.8373
SQQQ,secondary,15,14:30,0.978863,-0.585451
SQQQ,secondary,15,15:00,0.829669,-5.51778
SQQQ,secondary,15,15:30,0.918128,-2.75339
SQQQ,primary,5,09:30,0.998905,-0.059039
SQQQ,primary,5,10:00,0.949791,-2.68883
SQQQ,primary,5,10:30,0.907985,-4.78037
SQQQ,primary,5,11:00,0.944216,-2.84667
SQQQ,primary,5,11:30,0.94693,-2.705
SQQQ,primary,5,12:00,0.935476,-3.17849
SQQQ,primary,5,12:30,0.937462,-2.91806
SQQQ,primary,5,13:00,0.918731,-3.74655
SQQQ,primary,5,13:30,0.953708,-2.15667
SQQQ,primary,5,14:00,0.924418,-3.54311
SQQQ,primary,5,14:30,0.935002,-2.7005
SQQQ,primary,5,15:00,0.930275,-3.10845
SQQQ,primary,5,15:30,0.950827,-2.2651
SQQQ,primary,15,09:30,1.00063,0.0183594
SQQQ,primary,15,10:00,0.922067,-2.25972
SQQQ,primary,15,10:30,0.840084,-4.59859
SQQQ,primary,15,11:00,0.891404,-3.07957
SQQQ,primary,15,11:30,0.902321,-2.77364
SQQQ,primary,15,12:00,0.910031,-2.4672
SQQQ,primary,15,12:30,0.835283,-4.30212
SQQQ,primary,15,13:00,0.922783,-1.98054
SQQQ,primary,15,13:30,0.879351,-3.09641
SQQQ,primary,15,14:00,0.928403,-1.84766
SQQQ,primary,15,14:30,0.889512,-2.52181
SQQQ,primary,15,15:00,0.895745,-2.59447
SQQQ,primary,15,15:30,0.916911,-2.12353
QQQ,secondary,5,09:30,1.02107,1.35469
QQQ,secondary,5,10:00,1.01381,0.87336
QQQ,secondary,5,10:30,1.0357,2.26574
QQQ,secondary,5,11:00,0.982929,-1.04902
QQQ,secondary,5,11:30,0.969996,-1.83621
QQQ,secondary,5,12:00,0.968495,-1.87615
QQQ,secondary,5,12:30,0.975427,-1.40328
QQQ,secondary,5,13:00,0.998444,-0.0886676
QQQ,secondary,5,13:30,1.00674,0.377353
QQQ,secondary,5,14:00,0.956116,-2.27307
QQQ,secondary,5,14:30,0.999901,-0.00485454
QQQ,secondary,5,15:00,0.960809,-2.24805
QQQ,secondary,5,15:30,1.00757,0.460796
QQQ,secondary,15,09:30,1.00263,0.0910437
QQQ,secondary,15,10:00,0.982494,-0.607648
QQQ,secondary,15,10:30,1.05254,1.82983
QQQ,secondary,15,11:00,0.965344,-1.17913
QQQ,secondary,15,11:30,0.963801,-1.23205
QQQ,secondary,15,12:00,0.952623,-1.57446
QQQ,secondary,15,12:30,0.986183,-0.443668
QQQ,secondary,15,13:00,0.991868,-0.258866
QQQ,secondary,15,13:30,1.00353,0.110535
QQQ,secondary,15,14:00,0.911628,-2.54895
QQQ,secondary,15,14:30,1.05415,1.45953
QQQ,secondary,15,15:00,0.883521,-3.6855
QQQ,secondary,15,15:30,0.998287,-0.0564472
QQQ,primary,5,09:30,1.01051,0.562871
QQQ,primary,5,10:00,0.966873,-1.7619
QQQ,primary,5,10:30,0.925659,-3.82265
QQQ,primary,5,11:00,0.973694,-1.33035
QQQ,primary,5,11:30,0.978422,-1.08176
QQQ,primary,5,12:00,0.973118,-1.29273
QQQ,primary,5,12:30,0.973648,-1.18843
QQQ,primary,5,13:00,0.960179,-1.7901
QQQ,primary,5,13:30,1.0018,0.0826497
QQQ,primary,5,14:00,0.980004,-0.901746
QQQ,primary,5,14:30,0.983662,-0.655497
QQQ,primary,5,15:00,0.978685,-0.936604
QQQ,primary,5,15:30,0.997869,-0.096224
QQQ,primary,15,09:30,1.01849,0.535668
QQQ,primary,15,10:00,0.939107,-1.75814
QQQ,primary,15,10:30,0.862614,-3.9159
QQQ,primary,15,11:00,0.921058,-2.22226
QQQ,primary,15,11:30,0.935859,-1.79956
QQQ,primary,15,12:00,0.95334,-1.25797
QQQ,primary,15,12:30,0.873551,-3.23174
QQQ,primary,15,13:00,0.970072,-0.752698
QQQ,primary,15,13:30,0.930843,-1.744
QQQ,primary,15,14:00,0.990418,-0.240092
QQQ,primary,15,14:30,0.932404,-1.48566
QQQ,primary,15,15:00,0.946211,-1.31119
QQQ,primary,15,15:30,0.957923,-1.05419
