date,ratio_0830,weekday
2021-12-10,22.5388,Friday
2022-01-13,7.47556,Thursday
2022-02-10,36.4195,Thursday
2022-03-15,8.24723,Tuesday
2022-04-12,20.6037,Tuesday
2022-05-11,29.1609,Wednesday
2022-06-10,25.1794,Friday
2022-07-13,29.6202,Wednesday
2022-08-10,31.8034,Wednesday
2022-09-13,33.3519,Tuesday
2022-10-13,27.6645,Thursday
2022-11-10,39.6516,Thursday
2022-12-13,16.8307,Tuesday
2023-01-12,9.53322,Thursday
2023-02-14,21.8467,Tuesday
2023-03-14,17.9722,Tuesday
2023-04-12,30.1104,Wednesday
2023-05-10,19.2018,Wednesday
2023-06-13,19.2843,Tuesday
2023-07-12,20.2589,Wednesday
2023-08-11,12.3311,Friday
2023-09-13,63.2285,Wednesday
2023-10-11,25.7914,Wednesday
2023-11-14,54.4927,Tuesday
2023-12-12,8.5452,Tuesday
2024-01-11,26.6459,Thursday
2024-02-13,22.8961,Tuesday
2024-03-12,18.3167,Tuesday
2024-04-10,34.4255,Wednesday
2024-05-15,46.9285,Wednesday
2024-06-12,26.1262,Wednesday
2024-07-11,13.5563,Thursday
2024-08-14,15.4592,Wednesday
2024-09-11,6.55774,Wednesday
2024-10-10,10.3913,Thursday
2024-11-13,7.49419,Wednesday
2024-12-11,7.90088,Wednesday
2025-01-15,36.219,Wednesday
2025-02-12,17.5498,Wednesday
2025-03-12,13.3116,Wednesday
2025-05-13,6.43064,Tuesday
2025-06-11,8.85853,Wednesday
2025-07-15,5.46372,Tuesday
2025-08-14,21.2082,Thursday
2025-09-10,7.42245,Wednesday
2026-01-13,12.5598,Tuesday
2026-02-11,10.1074,Wednesday
2026-04-10,4.82655,Friday
2026-05-13,8.1803,Wednesday
2026-06-10,12.4558,Wednesday
2026-07-14,19.0955,Tuesday
2026-08-12,8.18439,Wednesday
2026-09-11,17.5573,Friday
