x,y,n_days,HY_peak_lag_s_(max |corr|),HY_peak_corr,HY_corr_lag0,HY_corr_lag+1,HY_corr_lag-1,HY_LLR_(sum rho^2 +lags / -lags),HY_days_peak_lag>0,HY_days_peak_lag<0,HY_days_peak_lag=0,HY_median_daily_peak_lag_s,grid_peak_lag_s_(max |corr|),grid_LLR
NVDA,SMH,10,0,0.43472,0.43472,0.207964,0.210334,0.863259,0,0,10,0,0,26.4279
NVDA,SOXL,10,0,0.377887,0.377887,0.0608839,0.0691019,0.711877,0,0,10,0,0,1.23944
NVDA,SOXS,10,0,-0.36632,-0.36632,-0.0827295,-0.0786087,1.03226,0,0,10,0,0,2.57787
NVDA,SOXX,10,0,0.36349,0.36349,0.152259,0.179236,0.635226,0,0,10,0,0,12.68
QQQ,SOXL,10,0,0.584025,0.584025,0.120364,0.125522,0.879684,0,0,10,0,0,0.857471
SMH,SOXL,10,0,0.690234,0.690234,0.326419,0.321524,1.1387,0,0,10,0,0,0.0457453
SMH,SOXX,10,0,0.689957,0.689957,0.41666,0.438182,0.888125,0,0,10,0,0,0.7122
SOXL,SOXS,10,0,-0.726297,-0.726297,-0.171411,-0.145857,1.42284,0,0,10,0,0,2.74795
SOXX,SOXL,10,0,0.722557,0.722557,0.327841,0.292277,1.38757,0,0,10,0,0,0.0594208
SOXX,SOXS,10,0,-0.701976,-0.701976,-0.350289,-0.295702,1.57888,0,0,10,0,0,0.188911
