ticker,metric,n_quarters,mean_q,min_q,max_q,sd_q,mean_secondary_q,mean_primary_q,diff_primary_minus_secondary_in_sd_q,reference,pct_quarters_below_ref,pct_quarters_above_ref
NVDA,median_range_pct,19,3.35192,2.16259,5.02144,0.837396,3.7536,2.7996,-1.13924,,,
NVDA,median_atr14_pct,19,4.21365,2.64831,6.09554,1.03511,4.60893,3.67015,-0.906937,,,
NVDA,rms_1m_bps,19,12.4301,7.92479,18.7654,3.09718,13.6337,10.7751,-0.922981,,,
NVDA,ac1_1m_deseason,19,-0.00294169,-0.0440777,0.034024,0.0163881,-0.00514217,8.39799e-05,0.3189,0,57.8947,42.1053
NVDA,ac1_5m_deseason,19,-0.0276717,-0.0520707,0.00655348,0.0139031,-0.0260594,-0.0298886,-0.275423,0,94.7368,5.26316
NVDA,VR15_deseason,19,0.95755,0.912394,1.01931,0.0336643,0.957601,0.95748,-0.00360875,1,84.2105,15.7895
NVDA,VR60_deseason,19,0.934921,0.841548,1.04221,0.0570843,0.940496,0.927256,-0.231947,1,84.2105,15.7895
NVDA,trend_day_pct,19,19.6817,12.6984,25.8065,3.88432,21.5909,17.0565,-1.16736,,,
NVDA,range_day_pct(body<=0.3),19,28.7036,20.9677,40.9836,5.21101,27.6203,30.1932,0.493756,,,
NVDA,HOD_or_LOD_first60_pct,19,89.2885,77.4194,96.7742,5.69545,89.763,88.6361,-0.197851,,,
NVDA,OR30_close_beyond_first_break_pct,19,52.2845,41.6667,62.7119,6.34065,53.1281,51.1245,-0.31599,50,36.8421,52.6316
NVDA,gapfill_0.1-0.5ATR_pct,19,61.3708,40,77.7778,9.31053,64.7674,56.7004,-0.866438,,,
NVDA,vwap_crosses_band_mean,19,6.36149,5.15873,7.48387,0.569978,6.3901,6.32216,-0.119191,,,
NVDA,last30_on_0930_1530_slope,19,0.022699,-0.0203821,0.0926762,0.0319546,0.0297134,0.0130541,-0.521343,0,21.0526,78.9474
NVDA,beta_5m_vs_SOXX,19,1.10456,0.497399,1.44553,0.289952,1.28476,0.856782,-1.47604,,,
NVDA,premarket_vol_share_pct,19,2.61806,1.15885,4.04418,1.02127,2.00891,3.45564,1.41661,,,
NVDA,median_tick_bps,19,0.498202,0.113951,0.846883,0.218922,0.4172,0.609579,0.878754,,,
NVDA,pct_zero_1m_returns,19,0.921958,0.316069,1.44127,0.312555,0.799905,1.08978,0.927438,,,
QQQ,median_range_pct,19,1.46678,0.873109,2.50625,0.464071,1.61764,1.25936,-0.772038,,,
QQQ,median_atr14_pct,19,1.85134,1.11834,3.12898,0.559471,1.99397,1.65522,-0.605482,,,
QQQ,rms_1m_bps,19,5.41151,3.25335,8.96189,1.71567,5.68869,5.03039,-0.383698,,,
QQQ,ac1_1m_deseason,19,-0.00328286,-0.0339575,0.0409433,0.017832,0.00240722,-0.0111067,-0.75785,0,57.8947,42.1053
QQQ,ac1_5m_deseason,19,-0.0253071,-0.0594136,0.00697844,0.0193964,-0.0186842,-0.0344137,-0.810952,0,84.2105,15.7895
QQQ,VR15_deseason,19,0.964747,0.872471,1.01638,0.0367424,0.984087,0.938156,-1.25008,1,94.7368,5.26316
QQQ,VR60_deseason,19,0.959002,0.763795,1.09348,0.0759694,0.996171,0.907894,-1.162,1,84.2105,15.7895
QQQ,trend_day_pct,19,20.7141,12.9032,33.871,5.5339,21.6093,19.4832,-0.384182,,,
QQQ,range_day_pct(body<=0.3),19,27.4159,17.1875,36.5079,5.12332,27.3051,27.5683,0.0513809,,,
QQQ,HOD_or_LOD_first60_pct,19,77.9383,66.129,93.5484,7.38695,74.7309,82.3485,1.03122,,,
QQQ,OR30_close_beyond_first_break_pct,19,55.2854,46.7742,65.5738,4.82458,55.2756,55.2989,0.00483902,50,10.5263,89.4737
QQQ,gapfill_0.1-0.5ATR_pct,19,62.32,47.2222,78.125,9.16786,64.1819,59.7599,-0.482346,,,
QQQ,vwap_crosses_band_mean,19,6.64484,5.74603,7.48387,0.512824,6.8802,6.32122,-1.09,,,
QQQ,last30_on_0930_1530_slope,19,-0.00535976,-0.0914675,0.155759,0.0520627,-0.00574904,-0.00482451,0.0177582,0,63.1579,36.8421
QQQ,beta_5m_vs_SOXX,19,0.527188,0.337324,0.704623,0.101319,0.572062,0.465487,-1.05188,,,
QQQ,premarket_vol_share_pct,19,3.16193,2.32017,4.3884,0.647588,2.85183,3.58833,1.13729,,,
QQQ,median_tick_bps,19,0.237479,0.139649,0.360479,0.0706457,0.28551,0.171436,-1.61474,,,
QQQ,pct_zero_1m_returns,19,1.42898,1.05316,1.90558,0.258433,1.44819,1.40256,-0.17658,,,
SMH,median_range_pct,19,2.30556,1.46104,3.324,0.499526,2.42741,2.13801,-0.579365,,,
SMH,median_atr14_pct,19,2.95665,1.9735,4.01875,0.63739,2.94277,2.97574,0.0517151,,,
SMH,rms_1m_bps,19,8.48473,5.62929,11.4823,1.86782,8.36149,8.65419,0.156708,,,
SMH,ac1_1m_deseason,19,-0.00214453,-0.037426,0.0357174,0.0169446,0.00013953,-0.00528512,-0.320141,0,52.6316,47.3684
SMH,ac1_5m_deseason,19,-0.0198025,-0.0493245,0.00032256,0.0142701,-0.0176602,-0.0227482,-0.356546,0,94.7368,5.26316
SMH,VR15_deseason,19,0.977452,0.911996,1.05076,0.0362526,0.984741,0.967429,-0.477518,1,68.4211,31.5789
SMH,VR60_deseason,19,0.96659,0.814857,1.16759,0.0806696,0.994717,0.927915,-0.828086,1,73.6842,26.3158
SMH,trend_day_pct,19,19.0063,9.83607,38.7097,6.51709,21.4626,15.629,-0.895113,,,
SMH,range_day_pct(body<=0.3),19,27.9393,16.129,42.8571,6.27266,24.3937,32.8145,1.34246,,,
SMH,HOD_or_LOD_first60_pct,19,85.6564,72.5806,95.1613,5.87859,84.8004,86.8335,0.345857,,,
SMH,OR30_close_beyond_first_break_pct,19,53.2207,40.9836,66.6667,6.02719,55.2084,50.4876,-0.783261,50,31.5789,68.4211
SMH,gapfill_0.1-0.5ATR_pct,19,60.5381,50,69.697,5.80071,63.5189,56.4394,-1.22045,,,
SMH,vwap_crosses_band_mean,19,6.75219,5.79365,7.77419,0.524571,6.88291,6.57245,-0.591852,,,
SMH,last30_on_0930_1530_slope,19,-0.0131398,-0.0726328,0.10379,0.0398486,-0.00175312,-0.0287964,-0.678651,0,78.9474,21.0526
SMH,beta_5m_vs_SOXX,19,0.934559,0.834875,1.0103,0.0447316,0.948637,0.915201,-0.747493,,,
SMH,premarket_vol_share_pct,19,0.842302,0.178634,2.31809,0.663579,0.41787,1.4259,1.51907,,,
SMH,median_tick_bps,19,0.417625,0.175509,0.663754,0.13984,0.497726,0.307485,-1.36042,,,
SMH,pct_zero_1m_returns,19,2.36553,0.754623,4.27067,0.987498,2.76592,1.815,-0.962957,,,
SOXL,median_range_pct,19,7.15293,4.65253,10.1645,1.63025,7.39793,6.81606,-0.356922,,,
SOXL,median_atr14_pct,19,9.26964,6.25072,14.4599,2.22238,9.05988,9.55806,0.224166,,,
SOXL,rms_1m_bps,19,26.8026,17.9474,37.8059,6.54823,25.8572,28.1025,0.342888,,,
SOXL,ac1_1m_deseason,19,-0.00453351,-0.0422274,0.0447885,0.0198271,-0.00363323,-0.00577139,-0.10784,0,57.8947,42.1053
SOXL,ac1_5m_deseason,19,-0.0178256,-0.0512267,0.00937374,0.0155252,-0.0178504,-0.0177916,0.00378883,0,89.4737,10.5263
SOXL,VR15_deseason,19,0.97631,0.888477,1.03794,0.0398876,0.979184,0.972357,-0.171147,1,73.6842,26.3158
SOXL,VR60_deseason,19,0.977207,0.809591,1.17907,0.0858813,0.998448,0.948001,-0.587397,1,57.8947,42.1053
SOXL,trend_day_pct,19,17.6587,9.52381,38.7097,6.45893,19.4188,15.2385,-0.647213,,,
SOXL,range_day_pct(body<=0.3),19,30.6306,20.9677,46.0317,5.95083,29.6332,32.0019,0.398034,,,
SOXL,HOD_or_LOD_first60_pct,19,85.2319,69.3548,95.1613,6.21157,84.0625,86.8398,0.44712,,,
SOXL,OR30_close_beyond_first_break_pct,19,52.1464,40.9836,63.9344,6.50882,53.9774,49.6288,-0.668113,50,31.5789,63.1579
SOXL,gapfill_0.1-0.5ATR_pct,19,59.6191,50,68.1818,5.17511,62.1824,56.0946,-1.17636,,,
SOXL,vwap_crosses_band_mean,19,6.68977,5.62295,8.19355,0.587609,6.90491,6.39395,-0.869569,,,
SOXL,last30_on_0930_1530_slope,19,-0.0326351,-0.0955792,0.0841285,0.0440321,-0.0214087,-0.0480715,-0.605532,0,89.4737,10.5263
SOXL,beta_5m_vs_SOXX,19,2.96988,2.89068,3.06003,0.0475644,2.94851,2.99927,1.06734,,,
SOXL,premarket_vol_share_pct,19,7.48293,2.83757,13.8276,2.40742,6.21672,9.22396,1.24915,,,
SOXL,median_tick_bps,19,3.92899,0.571265,9.71949,2.3121,4.7697,2.77302,-0.863578,,,
SOXL,pct_zero_1m_returns,19,2.45652,0.721453,3.97628,0.963615,2.84947,1.91623,-0.96848,,,
SOXS,median_range_pct,19,7.29819,4.7081,10.2731,1.66144,7.47206,7.05913,-0.24854,,,
SOXS,median_atr14_pct,19,9.29859,6.29744,14.5038,2.22608,9.0836,9.5942,0.22937,,,
SOXS,rms_1m_bps,19,27.7905,18.6975,41.014,6.83005,26.4149,29.682,0.478352,,,
SOXS,ac1_1m_deseason,19,-0.0438001,-0.175324,0.012668,0.0569783,-0.0306998,-0.0618131,-0.546056,0,78.9474,21.0526
SOXS,ac1_5m_deseason,19,-0.0293192,-0.069883,0.00525307,0.0233989,-0.0276127,-0.0316656,-0.173206,0,94.7368,5.26316
SOXS,VR15_deseason,19,0.895538,0.647013,1.01508,0.112073,0.921494,0.859849,-0.550038,1,78.9474,21.0526
SOXS,VR60_deseason,19,0.890683,0.626945,1.12188,0.14173,0.936405,0.827816,-0.76617,1,73.6842,26.3158
SOXS,trend_day_pct,19,19.3596,9.83607,37.0968,6.27493,21.0224,17.0732,-0.629366,,,
SOXS,range_day_pct(body<=0.3),19,30.0525,17.7419,42.8571,6.25412,28.6277,32.0116,0.541072,,,
SOXS,HOD_or_LOD_first60_pct,19,85.9124,72.5806,95.1613,5.58531,84.8004,87.4412,0.472811,,,
SOXS,OR30_close_beyond_first_break_pct,19,52.8568,40.9836,65.5738,6.70181,54.3676,50.7795,-0.535387,50,31.5789,63.1579
SOXS,gapfill_0.1-0.5ATR_pct,19,60.8977,54.0541,72.7273,5.56663,63.7223,57.0138,-1.20512,,,
SOXS,vwap_crosses_band_mean,19,7.04681,5.65574,8.36066,0.750537,7.04137,7.0543,0.0172167,,,
SOXS,last30_on_0930_1530_slope,19,-0.0189858,-0.0765663,0.0863897,0.0474562,-0.00951017,-0.0320148,-0.47422,0,78.9474,21.0526
SOXS,beta_5m_vs_SOXX,19,-2.96071,-3.29898,-2.90517,0.0864391,-2.94728,-2.97919,-0.369131,,,
SOXS,premarket_vol_share_pct,19,6.57998,2.49691,16.1737,3.05061,5.45895,8.1214,0.872758,,,
SOXS,median_tick_bps,19,11.0463,1.9461,46.0829,11.4479,8.29844,14.8246,0.570079,,,
SOXS,pct_zero_1m_returns,19,4.73365,1.71241,10.5441,2.73099,4.34294,5.27087,0.339778,,,
SOXX,median_range_pct,19,2.38511,1.54238,3.33062,0.548012,2.44483,2.30299,-0.258823,,,
SOXX,median_atr14_pct,19,3.08798,2.09074,4.85438,0.746159,3.00925,3.19624,0.250615,,,
SOXX,rms_1m_bps,19,8.90966,5.94899,12.4198,2.15055,8.62953,9.29485,0.309371,,,
SOXX,ac1_1m_deseason,19,-0.00985849,-0.0455386,0.016903,0.0152528,-0.010945,-0.00836455,0.169179,0,68.4211,31.5789
SOXX,ac1_5m_deseason,19,-0.0157664,-0.0545157,0.0131492,0.0169677,-0.0152638,-0.0164574,-0.0703458,0,84.2105,15.7895
SOXX,VR15_deseason,19,0.970019,0.900643,1.05122,0.0347473,0.96851,0.972094,0.103128,1,78.9474,21.0526
SOXX,VR60_deseason,19,0.971537,0.815565,1.11681,0.0765765,0.989368,0.947019,-0.55302,1,68.4211,31.5789
SOXX,trend_day_pct,19,19.6073,11.1111,40.3226,6.45516,22.0489,16.2501,-0.898329,,,
SOXX,range_day_pct(body<=0.3),19,29.8773,17.7419,42.8571,6.07434,28.7674,31.4035,0.433985,,,
SOXX,HOD_or_LOD_first60_pct,19,85.0606,70.9677,95.082,5.99449,83.7716,86.8331,0.510723,,,
SOXX,OR30_close_beyond_first_break_pct,19,53.4384,42.623,68.8525,7.08928,56.0422,49.8583,-0.872291,50,31.5789,57.8947
SOXX,gapfill_0.1-0.5ATR_pct,19,59.0485,50,69.4444,5.49864,60.7941,56.6483,-0.753962,,,
SOXX,vwap_crosses_band_mean,19,6.55813,5.54839,7.51613,0.518472,6.57399,6.53631,-0.0726703,,,
SOXX,last30_on_0930_1530_slope,19,-0.0230887,-0.0848681,0.0951126,0.0437782,-0.0108833,-0.0398711,-0.662152,0,84.2105,15.7895
SOXX,beta_5m_vs_SOXX,19,1,1,1,0,1,1,,,,
SOXX,premarket_vol_share_pct,19,1.29879,0.413784,4.43098,1.04489,0.752863,2.04944,1.24087,,,
SOXX,median_tick_bps,19,0.302086,0.168163,0.48378,0.109246,0.266195,0.351435,0.780247,,,
SOXX,pct_zero_1m_returns,19,4.10681,0.796494,10.0506,2.71893,5.53623,2.14137,-1.2486,,,
SQQQ,median_range_pct,19,4.41107,2.67516,7.51348,1.36708,4.86791,3.78291,-0.79366,,,
SQQQ,median_atr14_pct,19,5.54576,3.33486,9.36183,1.67661,5.99541,4.92749,-0.636955,,,
SQQQ,rms_1m_bps,19,16.5192,10.0277,26.6016,5.06854,17.3828,15.3319,-0.404638,,,
SQQQ,ac1_1m_deseason,19,-0.031358,-0.0951756,0.0264551,0.0380014,-0.0291481,-0.0343965,-0.138109,0,78.9474,21.0526
SQQQ,ac1_5m_deseason,19,-0.0318433,-0.0664068,0.00503253,0.0171077,-0.0279775,-0.0371587,-0.536665,0,94.7368,5.26316
SQQQ,VR15_deseason,19,0.910862,0.786509,0.994839,0.0720949,0.918505,0.900353,-0.251772,1,100,0
SQQQ,VR60_deseason,19,0.901559,0.685306,1.07302,0.0975656,0.925093,0.869199,-0.572888,1,89.4737,10.5263
SQQQ,trend_day_pct,19,20.788,11.4754,33.871,5.47328,21.7513,19.4634,-0.418015,,,
SQQQ,range_day_pct(body<=0.3),19,28.0926,19.3548,36.5079,4.84746,27.7406,28.5765,0.172437,,,
SQQQ,HOD_or_LOD_first60_pct,19,79.7159,66.129,93.5484,7.60446,77.3543,82.9632,0.737585,,,
SQQQ,OR30_close_beyond_first_break_pct,19,54.5321,46.7742,65.5738,4.96585,54.4864,54.5948,0.0218173,50,21.0526,73.6842
SQQQ,gapfill_0.1-0.5ATR_pct,19,61.2518,46.6667,82.3529,9.14868,64.2279,57.1597,-0.772589,,,
SQQQ,vwap_crosses_band_mean,19,7.10134,6.01639,8.11111,0.593513,7.41982,6.66344,-1.2744,,,
SQQQ,last30_on_0930_1530_slope,19,-0.0105525,-0.0941614,0.145543,0.0508236,-0.0122509,-0.00821714,0.0793671,0,68.4211,31.5789
SQQQ,beta_5m_vs_SOXX,19,-1.58314,-2.09318,-1.00277,0.310309,-1.71858,-1.3969,1.03665,,,
SQQQ,premarket_vol_share_pct,19,5.5069,3.29629,11.1771,2.06882,4.18852,7.31967,1.5135,,,
SQQQ,median_tick_bps,19,4.53903,1.41663,12.1359,2.96132,5.17228,3.66831,-0.507868,,,
SQQQ,pct_zero_1m_returns,19,3.29023,1.23974,6.98576,1.77259,3.22724,3.37685,0.0843971,,,
TQQQ,median_range_pct,19,4.3833,2.59569,7.59771,1.39388,4.837,3.75946,-0.773047,,,
TQQQ,median_atr14_pct,19,5.53392,3.32084,9.38187,1.68391,5.9794,4.92138,-0.628311,,,
TQQQ,rms_1m_bps,19,16.3429,9.78907,27.2774,5.22393,17.211,15.1493,-0.394663,,,
TQQQ,ac1_1m_deseason,19,-0.00555463,-0.0374291,0.0413847,0.0187083,-0.000685285,-0.01225,-0.61816,0,68.4211,31.5789
TQQQ,ac1_5m_deseason,19,-0.0256242,-0.0581052,0.00972773,0.0193563,-0.020229,-0.0330425,-0.661977,0,84.2105,15.7895
TQQQ,VR15_deseason,19,0.960342,0.869614,1.01368,0.0367737,0.976084,0.938696,-1.01672,1,94.7368,5.26316
TQQQ,VR60_deseason,19,0.953093,0.759076,1.08448,0.0760025,0.986691,0.906895,-1.04991,1,84.2105,15.7895
TQQQ,trend_day_pct,19,20.3731,11.4754,35.4839,6.01065,21.0204,19.4832,-0.255731,,,
TQQQ,range_day_pct(body<=0.3),19,27.8378,19.3548,38.0952,4.89291,27.8872,27.7699,-0.0239734,,,
TQQQ,HOD_or_LOD_first60_pct,19,79.2091,66.129,93.5484,7.69993,76.6279,82.7583,0.796162,,,
TQQQ,OR30_close_beyond_first_break_pct,19,54.7773,45.1613,65.5738,4.92469,54.6913,54.8957,0.0415158,50,10.5263,89.4737
TQQQ,gapfill_0.1-0.5ATR_pct,19,61.4805,48.5714,76.4706,8.23585,63.2721,59.017,-0.516659,,,
TQQQ,vwap_crosses_band_mean,19,6.90607,5.90323,7.72131,0.565517,7.13696,6.5886,-0.969668,,,
TQQQ,last30_on_0930_1530_slope,19,-0.0118137,-0.0978718,0.143156,0.0515077,-0.0126021,-0.0107298,0.0363499,0,63.1579,36.8421
TQQQ,beta_5m_vs_SOXX,19,1.58848,1.01847,2.13788,0.306651,1.7244,1.40158,-1.05274,,,
TQQQ,premarket_vol_share_pct,19,5.65085,2.86383,10.0063,1.84156,4.45704,7.29235,1.53962,,,
TQQQ,median_tick_bps,19,2.18283,0.979912,4.85086,1.13906,2.78261,1.35814,-1.25056,,,
TQQQ,pct_zero_1m_returns,19,2.1089,1.39246,2.6246,0.333212,2.24801,1.91763,-0.991499,,,
