ticker,period,n_days,acf_range_lag1,acf_logrange_lag1,acf_range_lag2,acf_logrange_lag2,acf_range_lag3,acf_logrange_lag3,acf_range_lag5,acf_logrange_lag5,acf_range_lag10,acf_logrange_lag10,acf_range_lag20,acf_logrange_lag20,ar1_slope,ar1_r2,spearman_lag1,median_next_range_after_top_quintile,median_next_range_after_bottom_quintile
SOXL,secondary,685,0.311231,0.35238,0.29029,0.304626,0.352661,0.37896,0.309134,0.357136,0.239448,0.262822,0.277742,0.288902,0.311151,0.0968644,0.328751,8.99109,6.01331
SOXL,primary,493,0.526035,0.472163,0.519162,0.461905,0.374596,0.373587,0.262204,0.302734,0.12588,0.19091,0.110362,0.192855,0.526077,0.276713,0.406836,10.4087,5.88235
SOXS,secondary,685,0.317157,0.336786,0.264762,0.281658,0.341684,0.358126,0.320995,0.349653,0.233238,0.250742,0.276794,0.275777,0.317096,0.100589,0.311257,8.90199,6.02209
SOXS,primary,493,0.53175,0.485431,0.47804,0.461488,0.341255,0.391706,0.24238,0.307451,0.15792,0.219913,0.120989,0.20594,0.531788,0.282758,0.437869,10.3896,5.63813
SOXX,secondary,685,0.317758,0.348732,0.284392,0.297703,0.356357,0.376443,0.318542,0.356731,0.243298,0.261026,0.282779,0.287955,0.31769,0.10097,0.323451,2.99085,1.96884
SOXX,primary,493,0.530334,0.480884,0.514835,0.468491,0.366746,0.380078,0.259586,0.307534,0.140347,0.202413,0.115774,0.198157,0.530381,0.281255,0.423804,3.55463,1.91612
SMH,secondary,685,0.316269,0.348911,0.296781,0.309296,0.358419,0.384692,0.311272,0.350171,0.240126,0.26423,0.265332,0.27782,0.316171,0.100026,0.322764,2.90843,2.03309
SMH,primary,493,0.495549,0.427569,0.48184,0.42427,0.339116,0.34616,0.2295,0.282894,0.0873151,0.130999,0.0846642,0.14415,0.495493,0.245568,0.377633,2.98359,1.66958
NVDA,secondary,685,0.119056,0.37508,0.125036,0.323472,0.105988,0.325786,0.0905545,0.314245,0.0933345,0.243053,0.0936289,0.2546,0.119063,0.0141743,0.389919,4.55238,2.86581
NVDA,primary,493,0.499573,0.402996,0.399655,0.344636,0.332616,0.32529,0.252262,0.296456,0.0740625,0.120572,0.137695,0.175321,0.499164,0.249574,0.330249,3.5652,2.29652
TQQQ,secondary,685,0.445399,0.508208,0.461558,0.518963,0.441144,0.492246,0.438738,0.5117,0.380431,0.431784,0.371886,0.416079,0.445451,0.19838,0.512566,6.33694,3.21531
TQQQ,primary,493,0.568931,0.486051,0.578026,0.515636,0.376215,0.392696,0.27692,0.33418,0.110766,0.161282,0.119667,0.161603,0.568822,0.323682,0.432067,5.19589,2.85209
SQQQ,secondary,685,0.439565,0.4925,0.459837,0.506326,0.449001,0.484685,0.447014,0.507823,0.375339,0.417608,0.369955,0.403843,0.439607,0.193217,0.4956,6.15138,3.31226
SQQQ,primary,493,0.589195,0.490492,0.536804,0.505189,0.344358,0.39026,0.254366,0.329143,0.119788,0.166907,0.10917,0.15054,0.589052,0.347151,0.437858,5.11198,2.9278
QQQ,secondary,685,0.447254,0.503228,0.470635,0.515166,0.453034,0.492776,0.440444,0.509727,0.382565,0.430002,0.370451,0.409812,0.447316,0.200036,0.505713,2.18963,1.09381
QQQ,primary,493,0.570108,0.476999,0.562612,0.509381,0.364397,0.387909,0.266148,0.328448,0.125126,0.176519,0.111502,0.153347,0.570019,0.325023,0.426457,1.75173,0.964972
