ticker,period,weekday,n,median_range_pct,mean_range_pct,median_range_rel_trailing20,kruskal_p_rel_all_weekdays
SOXL,secondary,Friday,138,7.13141,8.03043,0.966045,0.00166788
SOXL,secondary,Monday,124,6.67222,7.43982,0.911008,0.00166788
SOXL,secondary,Thursday,140,8.36022,9.01865,1.10618,0.00166788
SOXL,secondary,Tuesday,142,6.81044,7.62122,0.967987,0.00166788
SOXL,secondary,Wednesday,141,7.33618,8.14817,1.02621,0.00166788
SOXL,primary,Friday,97,6.72545,7.98982,0.993078,0.528157
SOXL,primary,Monday,95,6.07818,7.88702,0.915746,0.528157
SOXL,primary,Thursday,97,6.97104,8.32121,1.03488,0.528157
SOXL,primary,Tuesday,103,6.52267,8.06429,1.03475,0.528157
SOXL,primary,Wednesday,101,6.90225,8.40282,1.00345,0.528157
SOXS,secondary,Friday,138,6.98605,8.05417,0.96268,0.000359104
SOXS,secondary,Monday,124,6.85848,7.35481,0.893212,0.000359104
SOXS,secondary,Thursday,140,8.63412,9.10742,1.10962,0.000359104
SOXS,secondary,Tuesday,142,6.94803,7.68357,0.9842,0.000359104
SOXS,secondary,Wednesday,141,7.35874,8.19746,1.05092,0.000359104
SOXS,primary,Friday,97,7,7.92499,0.992497,0.478657
SOXS,primary,Monday,95,6.38821,7.89717,0.942044,0.478657
SOXS,primary,Thursday,97,7.09593,8.36064,1.07854,0.478657
SOXS,primary,Tuesday,103,6.62972,8.21004,0.99596,0.478657
SOXS,primary,Wednesday,101,7.39276,8.6284,1.00622,0.478657
SOXX,secondary,Friday,138,2.3415,2.65564,0.961795,0.000886058
SOXX,secondary,Monday,124,2.22291,2.45053,0.900033,0.000886058
SOXX,secondary,Thursday,140,2.71303,2.98957,1.08115,0.000886058
SOXX,secondary,Tuesday,142,2.27031,2.52024,0.965698,0.000886058
SOXX,secondary,Wednesday,141,2.41452,2.69791,1.03568,0.000886058
SOXX,primary,Friday,97,2.32761,2.64718,0.984918,0.475974
SOXX,primary,Monday,95,2.0267,2.61143,0.903731,0.475974
SOXX,primary,Thursday,97,2.36895,2.77634,1.04493,0.475974
SOXX,primary,Tuesday,103,2.15463,2.694,0.981303,0.475974
SOXX,primary,Wednesday,101,2.35967,2.82464,0.994573,0.475974
SMH,secondary,Friday,138,2.2816,2.60829,0.974218,0.00115122
SMH,secondary,Monday,124,2.18337,2.39786,0.922055,0.00115122
SMH,secondary,Thursday,140,2.64874,2.92199,1.10219,0.00115122
SMH,secondary,Tuesday,142,2.24919,2.48046,0.953452,0.00115122
SMH,secondary,Wednesday,141,2.37705,2.6503,1.02222,0.00115122
SMH,primary,Friday,97,2.16147,2.46338,0.969079,0.466808
SMH,primary,Monday,95,1.95739,2.43329,0.941473,0.466808
SMH,primary,Thursday,97,2.18782,2.54918,0.993924,0.466808
SMH,primary,Tuesday,103,2.18622,2.50665,1.00027,0.466808
SMH,primary,Wednesday,101,2.1794,2.6137,1.00975,0.466808
NVDA,secondary,Friday,138,3.74706,4.1287,0.996497,0.15662
NVDA,secondary,Monday,124,3.55588,4.50411,0.968886,0.15662
NVDA,secondary,Thursday,140,4.15391,4.59971,1.08824,0.15662
NVDA,secondary,Tuesday,142,3.76002,4.07255,0.937733,0.15662
NVDA,secondary,Wednesday,141,3.82842,4.16616,1.01492,0.15662
NVDA,primary,Friday,97,2.81006,3.21445,1.0143,0.886643
NVDA,primary,Monday,95,2.91803,3.33968,0.983362,0.886643
NVDA,primary,Thursday,97,2.80057,3.17026,0.931803,0.886643
NVDA,primary,Tuesday,103,2.79862,3.24519,0.95688,0.886643
NVDA,primary,Wednesday,101,2.71925,3.16045,0.975178,0.886643
TQQQ,secondary,Friday,138,4.76321,5.44138,1.00537,0.000135993
TQQQ,secondary,Monday,124,4.14664,4.74613,0.872511,0.000135993
TQQQ,secondary,Thursday,140,5.41116,5.89711,1.12687,0.000135993
TQQQ,secondary,Tuesday,142,4.44519,5.01101,0.943524,0.000135993
TQQQ,secondary,Wednesday,141,4.50019,5.44257,1.02309,0.000135993
TQQQ,primary,Friday,97,3.67804,4.29658,1.04515,0.378467
TQQQ,primary,Monday,95,3.31882,4.17844,0.963976,0.378467
TQQQ,primary,Thursday,97,3.91765,4.44602,1.01044,0.378467
TQQQ,primary,Tuesday,103,3.38053,4.16836,0.942765,0.378467
TQQQ,primary,Wednesday,101,3.68669,4.5239,0.978076,0.378467
SQQQ,secondary,Friday,138,4.85192,5.45731,1.02562,0.000165692
SQQQ,secondary,Monday,124,4.24938,4.72701,0.881652,0.000165692
SQQQ,secondary,Thursday,140,5.44799,5.88527,1.15037,0.000165692
SQQQ,secondary,Tuesday,142,4.46377,5.05135,0.934325,0.000165692
SQQQ,secondary,Wednesday,141,4.55417,5.46973,1.05181,0.000165692
SQQQ,primary,Friday,97,3.70739,4.26604,1.0623,0.339478
SQQQ,primary,Monday,95,3.33745,4.14204,0.943691,0.339478
SQQQ,primary,Thursday,97,3.94323,4.45516,0.985977,0.339478
SQQQ,primary,Tuesday,103,3.45967,4.20913,0.94623,0.339478
SQQQ,primary,Wednesday,101,3.71711,4.55582,0.985837,0.339478
QQQ,secondary,Friday,138,1.60482,1.8273,1.01954,8.8793e-05
QQQ,secondary,Monday,124,1.3887,1.5813,0.864093,8.8793e-05
QQQ,secondary,Thursday,140,1.81584,1.96579,1.14206,8.8793e-05
QQQ,secondary,Tuesday,142,1.48995,1.67814,0.926936,8.8793e-05
QQQ,secondary,Wednesday,141,1.57264,1.82325,1.03912,8.8793e-05
QQQ,primary,Friday,97,1.24964,1.44551,1.05563,0.344517
QQQ,primary,Monday,95,1.12773,1.40878,0.960047,0.344517
QQQ,primary,Thursday,97,1.30876,1.48879,0.996868,0.344517
QQQ,primary,Tuesday,103,1.13146,1.39785,0.942243,0.344517
QQQ,primary,Wednesday,101,1.24554,1.51637,0.973008,0.344517
