ticker,period,type,n,median_range_pct,median_rel_range,mean_rel_range,median_abs_oc_pct,median_abs_gap_pct,mannwhitney_p_rel_vs_base
SOXL,secondary,no_detected_event,597,7.16014,0.976813,1.06657,3.17881,2.32558,
SOXL,secondary,AMD_earnings_next_day,11,9.25926,1.40864,1.42541,6.68896,2.30984,0.0188307
SOXL,secondary,AVGO_earnings_next_day,9,6.25774,0.997293,1.14878,2.95284,2.05365,0.624747
SOXL,secondary,CPI_window_0830,33,8.85274,1.24384,1.28557,3.60237,4.51931,0.0214466
SOXL,secondary,FOMC,21,10.9113,1.3511,1.40598,4.35201,1.60279,3.51646e-05
SOXL,secondary,FOMC_high_conf,20,10.9701,1.37987,1.43525,4.46065,1.52453,1.07498e-05
SOXL,secondary,MU_earnings_next_day,11,9.45274,1.02563,1.16238,2.75094,4.54255,0.464786
SOXL,secondary,NVDA_earnings_next_day,11,9.6641,1.23495,1.35314,7.36627,5.70796,0.0653199
SOXL,primary,no_detected_event,430,6.61631,0.967756,1.1308,2.7299,2.73079,
SOXL,primary,AMD_earnings_next_day,8,9.92913,1.32212,1.56618,5.194,2.82453,0.0395118
SOXL,primary,AVGO_earnings_next_day,8,10.236,1.45015,1.35321,2.50532,3.49136,0.0843099
SOXL,primary,CPI_window_0830,19,6.07334,0.92191,0.975301,2.78856,4.69327,0.538447
SOXL,primary,FOMC,14,7.433,1.08627,1.27363,3.71896,2.4054,0.123625
SOXL,primary,FOMC_high_conf,8,6.68336,1.1461,1.42131,2.43829,2.37586,0.146189
SOXL,primary,MU_earnings_next_day,8,6.45151,1.1363,1.20588,4.61886,4.25372,0.654736
SOXL,primary,NVDA_earnings_next_day,8,7.97006,1.32872,1.60674,4.7769,2.62745,0.201154
SOXS,secondary,no_detected_event,597,7.13586,0.98068,1.06202,3.26409,2.30061,
SOXS,secondary,AMD_earnings_next_day,11,9.30394,1.31175,1.43668,7.25146,2.10033,0.0103575
SOXS,secondary,AVGO_earnings_next_day,9,6.33245,1.03294,1.14996,3.08577,2.05203,0.581966
SOXS,secondary,CPI_window_0830,33,9.29577,1.16261,1.29963,4.11215,4.10822,0.00836366
SOXS,secondary,FOMC,21,10.7726,1.36293,1.4343,4.26778,1.47783,2.20701e-05
SOXS,secondary,FOMC_high_conf,20,10.8234,1.3834,1.46124,4.34384,1.37528,9.44214e-06
SOXS,secondary,MU_earnings_next_day,11,9.12377,1.05643,1.17402,3.51438,4.55487,0.413586
SOXS,secondary,NVDA_earnings_next_day,11,9.99481,1.20081,1.46769,7.41957,5.55556,0.0319956
SOXS,primary,no_detected_event,430,6.89666,0.973457,1.11781,2.92189,2.75952,
SOXS,primary,AMD_earnings_next_day,8,9.59959,1.28514,1.49672,5.64034,2.98781,0.0806812
SOXS,primary,AVGO_earnings_next_day,8,9.76725,1.30259,1.27623,2.64055,3.6968,0.0971289
SOXS,primary,CPI_window_0830,19,5.80394,0.933913,0.993782,3.16703,4.47761,0.758057
SOXS,primary,FOMC,14,7.99825,1.11732,1.3215,3.94631,2.42021,0.0663519
SOXS,primary,FOMC_high_conf,8,6.65171,1.18619,1.48123,2.51823,2.22087,0.0875198
SOXS,primary,MU_earnings_next_day,8,7.28079,1.14353,1.22617,4.86338,4.46493,0.452828
SOXS,primary,NVDA_earnings_next_day,8,8.88304,1.42036,1.72137,5.09404,2.45767,0.159398
SOXX,secondary,no_detected_event,597,2.34897,0.97333,1.06468,1.07468,0.792117,
SOXX,secondary,AMD_earnings_next_day,11,3.05837,1.36997,1.42541,2.34154,0.742331,0.0158237
SOXX,secondary,AVGO_earnings_next_day,9,2.01042,1.01195,1.14587,0.990626,0.66777,0.66604
SOXX,secondary,CPI_window_0830,33,2.96707,1.21866,1.28336,1.23103,1.44653,0.0155671
SOXX,secondary,FOMC,21,3.61206,1.32363,1.41936,1.52492,0.561855,2.50612e-05
SOXX,secondary,FOMC_high_conf,20,3.64565,1.3468,1.44751,1.53623,0.528661,8.74238e-06
SOXX,secondary,MU_earnings_next_day,11,3.16152,1.00869,1.16147,0.963188,1.66471,0.457412
SOXX,secondary,NVDA_earnings_next_day,11,3.44873,1.17318,1.3907,2.46002,1.88742,0.0461778
SOXX,primary,no_detected_event,430,2.21176,0.959864,1.12425,0.939284,0.91244,
SOXX,primary,AMD_earnings_next_day,8,3.28842,1.33697,1.53795,1.82187,0.955009,0.0431
SOXX,primary,AVGO_earnings_next_day,8,3.36034,1.44895,1.33532,0.784683,1.08005,0.0796671
SOXX,primary,CPI_window_0830,19,1.97283,0.931641,0.97998,1.0197,1.57344,0.602215
SOXX,primary,FOMC,14,2.54599,1.09858,1.29883,1.20424,0.788244,0.0839705
SOXX,primary,FOMC_high_conf,8,2.23374,1.15487,1.45209,0.732548,0.771265,0.106262
SOXX,primary,MU_earnings_next_day,8,2.21799,1.14722,1.2229,1.57384,1.37974,0.548451
SOXX,primary,NVDA_earnings_next_day,8,2.75204,1.3282,1.65027,1.55467,0.834527,0.204187
SMH,secondary,no_detected_event,597,2.29571,0.970958,1.06193,1.07289,0.773917,
SMH,secondary,AMD_earnings_next_day,11,3.0138,1.36147,1.44312,2.30603,0.766284,0.00946355
SMH,secondary,AVGO_earnings_next_day,9,1.95422,1.00609,1.20657,1.01965,0.774549,0.69557
SMH,secondary,CPI_window_0830,33,2.90675,1.23482,1.31648,1.52305,1.46048,0.00724934
SMH,secondary,FOMC,21,3.49185,1.36081,1.40517,1.55821,0.527204,3.81351e-05
SMH,secondary,FOMC_high_conf,20,3.54068,1.36114,1.4336,1.57007,0.522732,1.30401e-05
SMH,secondary,MU_earnings_next_day,11,2.96779,0.980256,1.13356,1.1272,1.4966,0.56523
SMH,secondary,NVDA_earnings_next_day,11,3.19856,1.24412,1.35252,1.83426,1.9634,0.0269652
SMH,primary,no_detected_event,430,2.12146,0.962272,1.12617,0.893484,0.853496,
SMH,primary,AMD_earnings_next_day,8,3.02611,1.29495,1.44854,1.90364,0.513037,0.0995032
SMH,primary,AVGO_earnings_next_day,8,3.06293,1.38959,1.33616,0.836449,0.97045,0.063057
SMH,primary,CPI_window_0830,19,1.85235,0.885831,0.973604,0.788381,1.55028,0.538447
SMH,primary,FOMC,14,2.37391,1.12228,1.27933,1.05937,0.748392,0.0481858
SMH,primary,FOMC_high_conf,8,2.33021,1.29691,1.43407,0.992711,0.748392,0.0446708
SMH,primary,MU_earnings_next_day,8,1.95091,0.980449,1.15646,1.36142,1.30828,0.780956
SMH,primary,NVDA_earnings_next_day,8,3.05654,1.37366,1.78256,1.59934,1.07615,0.0446708
NVDA,secondary,no_detected_event,597,3.68388,0.964734,1.10429,1.64311,0.973925,
NVDA,secondary,AMD_earnings_next_day,11,5.35227,1.26209,1.37086,3.40817,1.63759,0.00610523
NVDA,secondary,AVGO_earnings_next_day,9,3.59628,1.04738,1.3356,1.95515,0.822228,0.43611
NVDA,secondary,CPI_window_0830,33,4.70455,1.35567,1.34141,2.5528,1.67303,0.000379858
NVDA,secondary,FOMC,21,5.11637,1.25966,1.28086,2.06294,0.862628,0.00215689
NVDA,secondary,FOMC_high_conf,20,5.34707,1.26088,1.29277,2.11871,0.825438,0.00205868
NVDA,secondary,MU_earnings_next_day,11,3.13542,0.793957,0.963917,1.48139,1.57137,0.250783
NVDA,secondary,NVDA_earnings_next_day,11,6.18727,1.73566,1.63032,3.10247,5.53166,0.000514552
NVDA,primary,no_detected_event,430,2.75827,0.973221,1.108,1.18477,0.890919,
NVDA,primary,AMD_earnings_next_day,8,3.82142,1.1412,1.27212,2.15618,1.14806,0.231816
NVDA,primary,AVGO_earnings_next_day,8,3.9694,1.29299,1.25141,1.24608,0.869536,0.112703
NVDA,primary,CPI_window_0830,19,2.54596,0.931746,1.0035,1.37984,1.62759,0.85734
NVDA,primary,FOMC,14,2.85709,0.999032,1.08423,1.29606,0.922966,0.685254
NVDA,primary,FOMC_high_conf,8,3.16988,1.17164,1.22862,1.46243,1.10469,0.195183
NVDA,primary,MU_earnings_next_day,8,2.39653,0.937087,0.930197,0.734789,1.20192,0.49947
NVDA,primary,NVDA_earnings_next_day,8,4.79604,1.87378,2.16808,2.22255,2.60264,5.14507e-06
TQQQ,secondary,no_detected_event,597,4.58433,0.980218,1.06751,2.14637,1.26388,
TQQQ,secondary,AMD_earnings_next_day,11,5.0303,1.39723,1.41511,3.82238,1.10932,0.0090888
TQQQ,secondary,AVGO_earnings_next_day,9,4.19894,0.91355,1.15338,2.12914,1.52735,0.624747
TQQQ,secondary,CPI_window_0830,33,5.10864,1.18354,1.30351,2.63725,2.28631,0.0150288
TQQQ,secondary,FOMC,21,6.76894,1.49787,1.53294,3.49127,0.797112,4.59672e-07
TQQQ,secondary,FOMC_high_conf,20,7.68433,1.51746,1.54812,3.74875,0.789629,5.59474e-07
TQQQ,secondary,MU_earnings_next_day,11,4.44228,0.807587,0.987287,1.96078,1.66667,0.408656
TQQQ,secondary,NVDA_earnings_next_day,11,5.52081,1.10498,1.23438,3.45553,2.88008,0.199295
TQQQ,primary,no_detected_event,430,3.54673,0.965567,1.09959,1.65506,1.27717,
TQQQ,primary,AMD_earnings_next_day,8,4.29201,1.08928,1.23139,3.08427,0.589464,0.23967
TQQQ,primary,AVGO_earnings_next_day,8,4.68155,1.27957,1.24286,2.17666,1.97657,0.129364
TQQQ,primary,CPI_window_0830,19,3.23803,0.936574,0.951853,1.5296,2.15105,0.459408
TQQQ,primary,FOMC,14,3.84184,1.13739,1.39897,1.6022,0.722793,0.0465313
TQQQ,primary,FOMC_high_conf,8,3.84184,1.33716,1.6664,1.1289,0.413252,0.0174646
TQQQ,primary,MU_earnings_next_day,8,3.87574,1.07247,1.15416,2.22136,2.66187,0.385228
TQQQ,primary,NVDA_earnings_next_day,8,5.30436,1.23849,1.73052,2.70729,1.89842,0.019467
SQQQ,secondary,no_detected_event,597,4.63945,0.980729,1.06785,2.19378,1.26582,
SQQQ,secondary,AMD_earnings_next_day,11,5.10204,1.28074,1.41121,3.58974,1.08787,0.00740668
SQQQ,secondary,AVGO_earnings_next_day,9,4.17266,0.966061,1.15715,2.30282,1.48515,0.561101
SQQQ,secondary,CPI_window_0830,33,5.31136,1.17951,1.31829,2.83883,2.36719,0.0100774
SQQQ,secondary,FOMC,21,6.7053,1.59646,1.55726,3.8199,0.70323,3.61033e-07
SQQQ,secondary,FOMC_high_conf,20,7.60724,1.6229,1.56807,3.91425,0.674196,5.78291e-07
SQQQ,secondary,MU_earnings_next_day,11,4.33553,0.812317,0.996437,2.08127,1.46637,0.494931
SQQQ,secondary,NVDA_earnings_next_day,11,5.57667,1.11281,1.28129,3.56774,2.78067,0.143747
SQQQ,primary,no_detected_event,430,3.57836,0.955494,1.0926,1.69392,1.26791,
SQQQ,primary,AMD_earnings_next_day,8,4.40773,1.14866,1.23015,3.07086,0.580178,0.231816
SQQQ,primary,AVGO_earnings_next_day,8,4.6467,1.2395,1.23412,2.17224,1.96469,0.148602
SQQQ,primary,CPI_window_0830,19,3.47665,0.967371,0.971288,1.54854,2.08551,0.69436
SQQQ,primary,FOMC,14,3.88234,1.15531,1.40409,1.63801,0.643341,0.0338577
SQQQ,primary,FOMC_high_conf,8,3.80305,1.29698,1.65581,1.17133,0.406377,0.0168843
SQQQ,primary,MU_earnings_next_day,8,3.8115,1.04374,1.19958,2.17169,2.69447,0.317095
SQQQ,primary,NVDA_earnings_next_day,8,5.5792,1.26755,1.782,2.66319,1.89246,0.0122409
QQQ,secondary,no_detected_event,597,1.54071,0.9782,1.06787,0.722174,0.430743,
QQQ,secondary,AMD_earnings_next_day,11,1.68026,1.35366,1.39176,1.28408,0.339151,0.0118396
QQQ,secondary,AVGO_earnings_next_day,9,1.40998,0.911414,1.15638,0.738696,0.508508,0.619325
QQQ,secondary,CPI_window_0830,33,1.71924,1.19458,1.29868,0.89373,0.776721,0.0153581
QQQ,secondary,FOMC,21,2.24034,1.51002,1.52781,1.21146,0.275897,7.21897e-07
QQQ,secondary,FOMC_high_conf,20,2.54701,1.53817,1.54102,1.2745,0.265723,9.51508e-07
QQQ,secondary,MU_earnings_next_day,11,1.46503,0.816319,0.987406,0.670558,0.515908,0.419548
QQQ,secondary,NVDA_earnings_next_day,11,1.87267,1.14534,1.25135,1.1836,0.956354,0.164238
QQQ,primary,no_detected_event,430,1.19629,0.962434,1.10075,0.558394,0.421422,
QQQ,primary,AMD_earnings_next_day,8,1.4461,1.11627,1.21812,1.03533,0.198626,0.25949
QQQ,primary,AVGO_earnings_next_day,8,1.5656,1.2612,1.24245,0.730326,0.655809,0.139894
QQQ,primary,CPI_window_0830,19,1.10383,0.9259,0.95332,0.52078,0.726344,0.477137
QQQ,primary,FOMC,14,1.39692,1.18084,1.42725,0.542997,0.227963,0.0324604
QQQ,primary,FOMC_high_conf,8,1.2835,1.30686,1.65341,0.387631,0.143375,0.0225524
QQQ,primary,MU_earnings_next_day,8,1.28498,1.06473,1.167,0.734964,0.909965,0.371557
QQQ,primary,NVDA_earnings_next_day,8,1.79859,1.25327,1.75213,0.905052,0.651964,0.0167418
